Calling target program-options parser
[10:19:25.337] [bmv2] [D] [thread 7808] Set default default entry for table 'MyIngress.ipv4_lpm': MyIngress.drop - 
Adding interface s2-eth1 as port 1
[10:19:25.338] [bmv2] [D] [thread 7808] Adding interface s2-eth1 as port 1
Adding interface s2-eth2 as port 2
[10:19:25.352] [bmv2] [D] [thread 7808] Adding interface s2-eth2 as port 2
Adding interface s2-eth3 as port 3
[10:19:25.367] [bmv2] [D] [thread 7808] Adding interface s2-eth3 as port 3
Adding interface s2-eth4 as port 4
[10:19:25.400] [bmv2] [D] [thread 7808] Adding interface s2-eth4 as port 4
Server listening on 0.0.0.0:50052
[10:19:25.422] [bmv2] [I] [thread 7808] Starting Thrift server on port 9091
[10:19:25.423] [bmv2] [I] [thread 7808] Thrift server was started
[10:19:25.524] [bmv2] [D] [thread 7823] [0.0] [cxt 0] Processing packet received on port 3
[10:19:25.524] [bmv2] [D] [thread 7823] [0.0] [cxt 0] Parser 'parser': start
[10:19:25.524] [bmv2] [D] [thread 7823] [0.0] [cxt 0] Parser 'parser' entering state 'start'
[10:19:25.524] [bmv2] [D] [thread 7823] [0.0] [cxt 0] Extracting header 'ethernet'
[10:19:25.525] [bmv2] [D] [thread 7823] [0.0] [cxt 0] Parser state 'start': key is 86dd
[10:19:25.525] [bmv2] [T] [thread 7823] [0.0] [cxt 0] Bytes parsed: 14
[10:19:25.525] [bmv2] [D] [thread 7823] [0.0] [cxt 0] Parser 'parser': end
[10:19:25.525] [bmv2] [D] [thread 7823] [0.0] [cxt 0] Pipeline 'ingress': start
[10:19:25.525] [bmv2] [T] [thread 7823] [0.0] [cxt 0] basic.p4(173) Condition "hdr.ipv4.isValid()" (node_2) is false
[10:19:25.525] [bmv2] [D] [thread 7823] [0.0] [cxt 0] Pipeline 'ingress': end
[10:19:25.525] [bmv2] [D] [thread 7823] [0.0] [cxt 0] Egress port is 0
[10:19:25.525] [bmv2] [D] [thread 7824] [0.0] [cxt 0] Pipeline 'egress': start
[10:19:25.525] [bmv2] [D] [thread 7824] [0.0] [cxt 0] Pipeline 'egress': end
[10:19:25.525] [bmv2] [D] [thread 7824] [0.0] [cxt 0] Deparser 'deparser': start
[10:19:25.525] [bmv2] [T] [thread 7824] [0.0] [cxt 0] Skipping checksum 'cksum' update because condition not met
[10:19:25.525] [bmv2] [D] [thread 7824] [0.0] [cxt 0] Deparsing header 'ethernet'
[10:19:25.525] [bmv2] [D] [thread 7824] [0.0] [cxt 0] Deparser 'deparser': end
[10:19:25.526] [bmv2] [D] [thread 7823] [1.0] [cxt 0] Processing packet received on port 3
[10:19:25.526] [bmv2] [D] [thread 7823] [1.0] [cxt 0] Parser 'parser': start
[10:19:25.526] [bmv2] [D] [thread 7823] [1.0] [cxt 0] Parser 'parser' entering state 'start'
[10:19:25.526] [bmv2] [D] [thread 7823] [1.0] [cxt 0] Extracting header 'ethernet'
[10:19:25.526] [bmv2] [D] [thread 7823] [1.0] [cxt 0] Parser state 'start': key is 86dd
[10:19:25.526] [bmv2] [T] [thread 7823] [1.0] [cxt 0] Bytes parsed: 14
[10:19:25.526] [bmv2] [D] [thread 7823] [1.0] [cxt 0] Parser 'parser': end
[10:19:25.526] [bmv2] [D] [thread 7823] [1.0] [cxt 0] Pipeline 'ingress': start
[10:19:25.526] [bmv2] [T] [thread 7823] [1.0] [cxt 0] basic.p4(173) Condition "hdr.ipv4.isValid()" (node_2) is false
[10:19:25.526] [bmv2] [D] [thread 7823] [1.0] [cxt 0] Pipeline 'ingress': end
[10:19:25.526] [bmv2] [D] [thread 7823] [1.0] [cxt 0] Egress port is 0
[10:19:25.526] [bmv2] [D] [thread 7828] [0.0] [cxt 0] Transmitting packet of size 90 out of port 0
[10:19:25.526] [bmv2] [D] [thread 7823] [2.0] [cxt 0] Processing packet received on port 3
[10:19:25.526] [bmv2] [D] [thread 7823] [2.0] [cxt 0] Parser 'parser': start
[10:19:25.526] [bmv2] [D] [thread 7823] [2.0] [cxt 0] Parser 'parser' entering state 'start'
[10:19:25.526] [bmv2] [D] [thread 7823] [2.0] [cxt 0] Extracting header 'ethernet'
[10:19:25.526] [bmv2] [D] [thread 7823] [2.0] [cxt 0] Parser state 'start': key is 86dd
[10:19:25.526] [bmv2] [T] [thread 7823] [2.0] [cxt 0] Bytes parsed: 14
[10:19:25.526] [bmv2] [D] [thread 7823] [2.0] [cxt 0] Parser 'parser': end
[10:19:25.526] [bmv2] [D] [thread 7823] [2.0] [cxt 0] Pipeline 'ingress': start
[10:19:25.526] [bmv2] [T] [thread 7823] [2.0] [cxt 0] basic.p4(173) Condition "hdr.ipv4.isValid()" (node_2) is false
[10:19:25.526] [bmv2] [D] [thread 7823] [2.0] [cxt 0] Pipeline 'ingress': end
[10:19:25.526] [bmv2] [D] [thread 7823] [2.0] [cxt 0] Egress port is 0
[10:19:25.526] [bmv2] [D] [thread 7824] [1.0] [cxt 0] Pipeline 'egress': start
[10:19:25.526] [bmv2] [D] [thread 7824] [1.0] [cxt 0] Pipeline 'egress': end
[10:19:25.526] [bmv2] [D] [thread 7824] [1.0] [cxt 0] Deparser 'deparser': start
[10:19:25.526] [bmv2] [T] [thread 7824] [1.0] [cxt 0] Skipping checksum 'cksum' update because condition not met
[10:19:25.526] [bmv2] [D] [thread 7824] [1.0] [cxt 0] Deparsing header 'ethernet'
[10:19:25.526] [bmv2] [D] [thread 7824] [1.0] [cxt 0] Deparser 'deparser': end
[10:19:25.526] [bmv2] [D] [thread 7824] [2.0] [cxt 0] Pipeline 'egress': start
[10:19:25.526] [bmv2] [D] [thread 7824] [2.0] [cxt 0] Pipeline 'egress': end
[10:19:25.526] [bmv2] [D] [thread 7824] [2.0] [cxt 0] Deparser 'deparser': start
[10:19:25.526] [bmv2] [T] [thread 7824] [2.0] [cxt 0] Skipping checksum 'cksum' update because condition not met
[10:19:25.526] [bmv2] [D] [thread 7824] [2.0] [cxt 0] Deparsing header 'ethernet'
[10:19:25.527] [bmv2] [D] [thread 7824] [2.0] [cxt 0] Deparser 'deparser': end
[10:19:25.527] [bmv2] [D] [thread 7828] [1.0] [cxt 0] Transmitting packet of size 110 out of port 0
[10:19:25.527] [bmv2] [D] [thread 7828] [2.0] [cxt 0] Transmitting packet of size 70 out of port 0
[10:19:25.597] [bmv2] [D] [thread 7823] [3.0] [cxt 0] Processing packet received on port 2
[10:19:25.597] [bmv2] [D] [thread 7823] [3.0] [cxt 0] Parser 'parser': start
[10:19:25.597] [bmv2] [D] [thread 7823] [3.0] [cxt 0] Parser 'parser' entering state 'start'
[10:19:25.597] [bmv2] [D] [thread 7823] [3.0] [cxt 0] Extracting header 'ethernet'
[10:19:25.597] [bmv2] [D] [thread 7823] [3.0] [cxt 0] Parser state 'start': key is 86dd
[10:19:25.597] [bmv2] [T] [thread 7823] [3.0] [cxt 0] Bytes parsed: 14
[10:19:25.597] [bmv2] [D] [thread 7823] [3.0] [cxt 0] Parser 'parser': end
[10:19:25.597] [bmv2] [D] [thread 7823] [3.0] [cxt 0] Pipeline 'ingress': start
[10:19:25.597] [bmv2] [T] [thread 7823] [3.0] [cxt 0] basic.p4(173) Condition "hdr.ipv4.isValid()" (node_2) is false
[10:19:25.597] [bmv2] [D] [thread 7823] [3.0] [cxt 0] Pipeline 'ingress': end
[10:19:25.597] [bmv2] [D] [thread 7823] [3.0] [cxt 0] Egress port is 0
[10:19:25.598] [bmv2] [D] [thread 7824] [3.0] [cxt 0] Pipeline 'egress': start
[10:19:25.598] [bmv2] [D] [thread 7824] [3.0] [cxt 0] Pipeline 'egress': end
[10:19:25.598] [bmv2] [D] [thread 7824] [3.0] [cxt 0] Deparser 'deparser': start
[10:19:25.598] [bmv2] [T] [thread 7824] [3.0] [cxt 0] Skipping checksum 'cksum' update because condition not met
[10:19:25.598] [bmv2] [D] [thread 7824] [3.0] [cxt 0] Deparsing header 'ethernet'
[10:19:25.598] [bmv2] [D] [thread 7824] [3.0] [cxt 0] Deparser 'deparser': end
[10:19:25.598] [bmv2] [D] [thread 7828] [3.0] [cxt 0] Transmitting packet of size 211 out of port 0
[10:19:25.627] [bmv2] [D] [thread 7823] [4.0] [cxt 0] Processing packet received on port 3
[10:19:25.627] [bmv2] [D] [thread 7823] [4.0] [cxt 0] Parser 'parser': start
[10:19:25.627] [bmv2] [D] [thread 7823] [4.0] [cxt 0] Parser 'parser' entering state 'start'
[10:19:25.627] [bmv2] [D] [thread 7823] [4.0] [cxt 0] Extracting header 'ethernet'
[10:19:25.627] [bmv2] [D] [thread 7823] [4.0] [cxt 0] Parser state 'start': key is 86dd
[10:19:25.627] [bmv2] [T] [thread 7823] [4.0] [cxt 0] Bytes parsed: 14
[10:19:25.627] [bmv2] [D] [thread 7823] [4.0] [cxt 0] Parser 'parser': end
[10:19:25.627] [bmv2] [D] [thread 7823] [4.0] [cxt 0] Pipeline 'ingress': start
[10:19:25.627] [bmv2] [T] [thread 7823] [4.0] [cxt 0] basic.p4(173) Condition "hdr.ipv4.isValid()" (node_2) is false
[10:19:25.627] [bmv2] [D] [thread 7823] [4.0] [cxt 0] Pipeline 'ingress': end
[10:19:25.627] [bmv2] [D] [thread 7823] [4.0] [cxt 0] Egress port is 0
[10:19:25.628] [bmv2] [D] [thread 7824] [4.0] [cxt 0] Pipeline 'egress': start
[10:19:25.628] [bmv2] [D] [thread 7824] [4.0] [cxt 0] Pipeline 'egress': end
[10:19:25.628] [bmv2] [D] [thread 7824] [4.0] [cxt 0] Deparser 'deparser': start
[10:19:25.628] [bmv2] [T] [thread 7824] [4.0] [cxt 0] Skipping checksum 'cksum' update because condition not met
[10:19:25.628] [bmv2] [D] [thread 7824] [4.0] [cxt 0] Deparsing header 'ethernet'
[10:19:25.628] [bmv2] [D] [thread 7824] [4.0] [cxt 0] Deparser 'deparser': end
[10:19:25.629] [bmv2] [D] [thread 7828] [4.0] [cxt 0] Transmitting packet of size 107 out of port 0
[10:19:25.645] [bmv2] [D] [thread 7823] [5.0] [cxt 0] Processing packet received on port 4
[10:19:25.645] [bmv2] [D] [thread 7823] [5.0] [cxt 0] Parser 'parser': start
[10:19:25.645] [bmv2] [D] [thread 7823] [5.0] [cxt 0] Parser 'parser' entering state 'start'
[10:19:25.645] [bmv2] [D] [thread 7823] [5.0] [cxt 0] Extracting header 'ethernet'
[10:19:25.645] [bmv2] [D] [thread 7823] [5.0] [cxt 0] Parser state 'start': key is 86dd
[10:19:25.645] [bmv2] [T] [thread 7823] [5.0] [cxt 0] Bytes parsed: 14
[10:19:25.645] [bmv2] [D] [thread 7823] [5.0] [cxt 0] Parser 'parser': end
[10:19:25.645] [bmv2] [D] [thread 7823] [5.0] [cxt 0] Pipeline 'ingress': start
[10:19:25.645] [bmv2] [T] [thread 7823] [5.0] [cxt 0] basic.p4(173) Condition "hdr.ipv4.isValid()" (node_2) is false
[10:19:25.645] [bmv2] [D] [thread 7823] [5.0] [cxt 0] Pipeline 'ingress': end
[10:19:25.645] [bmv2] [D] [thread 7823] [5.0] [cxt 0] Egress port is 0
[10:19:25.646] [bmv2] [D] [thread 7823] [6.0] [cxt 0] Processing packet received on port 4
[10:19:25.647] [bmv2] [D] [thread 7823] [6.0] [cxt 0] Parser 'parser': start
[10:19:25.647] [bmv2] [D] [thread 7823] [6.0] [cxt 0] Parser 'parser' entering state 'start'
[10:19:25.647] [bmv2] [D] [thread 7823] [6.0] [cxt 0] Extracting header 'ethernet'
[10:19:25.647] [bmv2] [D] [thread 7823] [6.0] [cxt 0] Parser state 'start': key is 86dd
[10:19:25.647] [bmv2] [T] [thread 7823] [6.0] [cxt 0] Bytes parsed: 14
[10:19:25.647] [bmv2] [D] [thread 7823] [6.0] [cxt 0] Parser 'parser': end
[10:19:25.647] [bmv2] [D] [thread 7823] [6.0] [cxt 0] Pipeline 'ingress': start
[10:19:25.647] [bmv2] [D] [thread 7824] [5.0] [cxt 0] Pipeline 'egress': start
[10:19:25.647] [bmv2] [D] [thread 7824] [5.0] [cxt 0] Pipeline 'egress': end
[10:19:25.647] [bmv2] [T] [thread 7823] [6.0] [cxt 0] basic.p4(173) Condition "hdr.ipv4.isValid()" (node_2) is false
[10:19:25.647] [bmv2] [D] [thread 7824] [5.0] [cxt 0] Deparser 'deparser': start
[10:19:25.647] [bmv2] [T] [thread 7824] [5.0] [cxt 0] Skipping checksum 'cksum' update because condition not met
[10:19:25.647] [bmv2] [D] [thread 7824] [5.0] [cxt 0] Deparsing header 'ethernet'
[10:19:25.647] [bmv2] [D] [thread 7824] [5.0] [cxt 0] Deparser 'deparser': end
[10:19:25.647] [bmv2] [D] [thread 7828] [5.0] [cxt 0] Transmitting packet of size 90 out of port 0
[10:19:25.647] [bmv2] [D] [thread 7823] [6.0] [cxt 0] Pipeline 'ingress': end
[10:19:25.648] [bmv2] [D] [thread 7823] [6.0] [cxt 0] Egress port is 0
[10:19:25.648] [bmv2] [D] [thread 7823] [7.0] [cxt 0] Processing packet received on port 4
[10:19:25.648] [bmv2] [D] [thread 7823] [7.0] [cxt 0] Parser 'parser': start
[10:19:25.648] [bmv2] [D] [thread 7823] [7.0] [cxt 0] Parser 'parser' entering state 'start'
[10:19:25.648] [bmv2] [D] [thread 7823] [7.0] [cxt 0] Extracting header 'ethernet'
[10:19:25.648] [bmv2] [D] [thread 7823] [7.0] [cxt 0] Parser state 'start': key is 86dd
[10:19:25.648] [bmv2] [T] [thread 7823] [7.0] [cxt 0] Bytes parsed: 14
[10:19:25.648] [bmv2] [D] [thread 7823] [7.0] [cxt 0] Parser 'parser': end
[10:19:25.648] [bmv2] [D] [thread 7823] [7.0] [cxt 0] Pipeline 'ingress': start
[10:19:25.648] [bmv2] [D] [thread 7824] [6.0] [cxt 0] Pipeline 'egress': start
[10:19:25.648] [bmv2] [D] [thread 7824] [6.0] [cxt 0] Pipeline 'egress': end
[10:19:25.648] [bmv2] [T] [thread 7823] [7.0] [cxt 0] basic.p4(173) Condition "hdr.ipv4.isValid()" (node_2) is false
[10:19:25.648] [bmv2] [D] [thread 7824] [6.0] [cxt 0] Deparser 'deparser': start
[10:19:25.648] [bmv2] [D] [thread 7823] [7.0] [cxt 0] Pipeline 'ingress': end
[10:19:25.648] [bmv2] [T] [thread 7824] [6.0] [cxt 0] Skipping checksum 'cksum' update because condition not met
[10:19:25.648] [bmv2] [D] [thread 7823] [7.0] [cxt 0] Egress port is 0
[10:19:25.648] [bmv2] [D] [thread 7824] [6.0] [cxt 0] Deparsing header 'ethernet'
[10:19:25.648] [bmv2] [D] [thread 7824] [6.0] [cxt 0] Deparser 'deparser': end
[10:19:25.648] [bmv2] [D] [thread 7824] [7.0] [cxt 0] Pipeline 'egress': start
[10:19:25.648] [bmv2] [D] [thread 7824] [7.0] [cxt 0] Pipeline 'egress': end
[10:19:25.648] [bmv2] [D] [thread 7824] [7.0] [cxt 0] Deparser 'deparser': start
[10:19:25.649] [bmv2] [T] [thread 7824] [7.0] [cxt 0] Skipping checksum 'cksum' update because condition not met
[10:19:25.649] [bmv2] [D] [thread 7824] [7.0] [cxt 0] Deparsing header 'ethernet'
[10:19:25.649] [bmv2] [D] [thread 7828] [6.0] [cxt 0] Transmitting packet of size 70 out of port 0
[10:19:25.649] [bmv2] [D] [thread 7824] [7.0] [cxt 0] Deparser 'deparser': end
[10:19:25.649] [bmv2] [D] [thread 7823] [8.0] [cxt 0] Processing packet received on port 3
[10:19:25.650] [bmv2] [D] [thread 7823] [8.0] [cxt 0] Parser 'parser': start
[10:19:25.650] [bmv2] [D] [thread 7823] [8.0] [cxt 0] Parser 'parser' entering state 'start'
[10:19:25.650] [bmv2] [D] [thread 7823] [8.0] [cxt 0] Extracting header 'ethernet'
[10:19:25.650] [bmv2] [D] [thread 7828] [7.0] [cxt 0] Transmitting packet of size 90 out of port 0
[10:19:25.650] [bmv2] [D] [thread 7823] [8.0] [cxt 0] Parser state 'start': key is 86dd
[10:19:25.650] [bmv2] [T] [thread 7823] [8.0] [cxt 0] Bytes parsed: 14
[10:19:25.650] [bmv2] [D] [thread 7823] [8.0] [cxt 0] Parser 'parser': end
[10:19:25.650] [bmv2] [D] [thread 7823] [8.0] [cxt 0] Pipeline 'ingress': start
[10:19:25.650] [bmv2] [T] [thread 7823] [8.0] [cxt 0] basic.p4(173) Condition "hdr.ipv4.isValid()" (node_2) is false
[10:19:25.650] [bmv2] [D] [thread 7823] [8.0] [cxt 0] Pipeline 'ingress': end
[10:19:25.650] [bmv2] [D] [thread 7823] [8.0] [cxt 0] Egress port is 0
[10:19:25.650] [bmv2] [D] [thread 7824] [8.0] [cxt 0] Pipeline 'egress': start
[10:19:25.650] [bmv2] [D] [thread 7824] [8.0] [cxt 0] Pipeline 'egress': end
[10:19:25.650] [bmv2] [D] [thread 7824] [8.0] [cxt 0] Deparser 'deparser': start
[10:19:25.650] [bmv2] [T] [thread 7824] [8.0] [cxt 0] Skipping checksum 'cksum' update because condition not met
[10:19:25.650] [bmv2] [D] [thread 7824] [8.0] [cxt 0] Deparsing header 'ethernet'
[10:19:25.650] [bmv2] [D] [thread 7824] [8.0] [cxt 0] Deparser 'deparser': end
[10:19:25.650] [bmv2] [D] [thread 7828] [8.0] [cxt 0] Transmitting packet of size 211 out of port 0
[10:19:25.713] [bmv2] [D] [thread 7823] [9.0] [cxt 0] Processing packet received on port 1
[10:19:25.713] [bmv2] [D] [thread 7823] [9.0] [cxt 0] Parser 'parser': start
[10:19:25.713] [bmv2] [D] [thread 7823] [9.0] [cxt 0] Parser 'parser' entering state 'start'
[10:19:25.713] [bmv2] [D] [thread 7823] [9.0] [cxt 0] Extracting header 'ethernet'
[10:19:25.713] [bmv2] [D] [thread 7823] [9.0] [cxt 0] Parser state 'start': key is 86dd
[10:19:25.713] [bmv2] [T] [thread 7823] [9.0] [cxt 0] Bytes parsed: 14
[10:19:25.713] [bmv2] [D] [thread 7823] [9.0] [cxt 0] Parser 'parser': end
[10:19:25.713] [bmv2] [D] [thread 7823] [9.0] [cxt 0] Pipeline 'ingress': start
[10:19:25.713] [bmv2] [T] [thread 7823] [9.0] [cxt 0] basic.p4(173) Condition "hdr.ipv4.isValid()" (node_2) is false
[10:19:25.713] [bmv2] [D] [thread 7823] [9.0] [cxt 0] Pipeline 'ingress': end
[10:19:25.713] [bmv2] [D] [thread 7823] [9.0] [cxt 0] Egress port is 0
[10:19:25.713] [bmv2] [D] [thread 7823] [10.0] [cxt 0] Processing packet received on port 4
[10:19:25.713] [bmv2] [D] [thread 7823] [10.0] [cxt 0] Parser 'parser': start
[10:19:25.713] [bmv2] [D] [thread 7823] [10.0] [cxt 0] Parser 'parser' entering state 'start'
[10:19:25.713] [bmv2] [D] [thread 7823] [10.0] [cxt 0] Extracting header 'ethernet'
[10:19:25.713] [bmv2] [D] [thread 7823] [10.0] [cxt 0] Parser state 'start': key is 86dd
[10:19:25.713] [bmv2] [T] [thread 7823] [10.0] [cxt 0] Bytes parsed: 14
[10:19:25.713] [bmv2] [D] [thread 7823] [10.0] [cxt 0] Parser 'parser': end
[10:19:25.713] [bmv2] [D] [thread 7823] [10.0] [cxt 0] Pipeline 'ingress': start
[10:19:25.713] [bmv2] [T] [thread 7823] [10.0] [cxt 0] basic.p4(173) Condition "hdr.ipv4.isValid()" (node_2) is false
[10:19:25.713] [bmv2] [D] [thread 7823] [10.0] [cxt 0] Pipeline 'ingress': end
[10:19:25.713] [bmv2] [D] [thread 7823] [10.0] [cxt 0] Egress port is 0
[10:19:25.713] [bmv2] [D] [thread 7823] [11.0] [cxt 0] Processing packet received on port 1
[10:19:25.713] [bmv2] [D] [thread 7823] [11.0] [cxt 0] Parser 'parser': start
[10:19:25.713] [bmv2] [D] [thread 7823] [11.0] [cxt 0] Parser 'parser' entering state 'start'
[10:19:25.713] [bmv2] [D] [thread 7823] [11.0] [cxt 0] Extracting header 'ethernet'
[10:19:25.713] [bmv2] [D] [thread 7823] [11.0] [cxt 0] Parser state 'start': key is 86dd
[10:19:25.713] [bmv2] [T] [thread 7823] [11.0] [cxt 0] Bytes parsed: 14
[10:19:25.713] [bmv2] [D] [thread 7823] [11.0] [cxt 0] Parser 'parser': end
[10:19:25.714] [bmv2] [D] [thread 7823] [11.0] [cxt 0] Pipeline 'ingress': start
[10:19:25.714] [bmv2] [T] [thread 7823] [11.0] [cxt 0] basic.p4(173) Condition "hdr.ipv4.isValid()" (node_2) is false
[10:19:25.714] [bmv2] [D] [thread 7823] [11.0] [cxt 0] Pipeline 'ingress': end
[10:19:25.714] [bmv2] [D] [thread 7823] [11.0] [cxt 0] Egress port is 0
[10:19:25.714] [bmv2] [D] [thread 7823] [12.0] [cxt 0] Processing packet received on port 4
[10:19:25.714] [bmv2] [D] [thread 7823] [12.0] [cxt 0] Parser 'parser': start
[10:19:25.714] [bmv2] [D] [thread 7823] [12.0] [cxt 0] Parser 'parser' entering state 'start'
[10:19:25.714] [bmv2] [D] [thread 7823] [12.0] [cxt 0] Extracting header 'ethernet'
[10:19:25.714] [bmv2] [D] [thread 7823] [12.0] [cxt 0] Parser state 'start': key is 86dd
[10:19:25.714] [bmv2] [T] [thread 7823] [12.0] [cxt 0] Bytes parsed: 14
[10:19:25.714] [bmv2] [D] [thread 7823] [12.0] [cxt 0] Parser 'parser': end
[10:19:25.714] [bmv2] [D] [thread 7823] [12.0] [cxt 0] Pipeline 'ingress': start
[10:19:25.714] [bmv2] [T] [thread 7823] [12.0] [cxt 0] basic.p4(173) Condition "hdr.ipv4.isValid()" (node_2) is false
[10:19:25.714] [bmv2] [D] [thread 7823] [12.0] [cxt 0] Pipeline 'ingress': end
[10:19:25.714] [bmv2] [D] [thread 7823] [12.0] [cxt 0] Egress port is 0
[10:19:25.714] [bmv2] [D] [thread 7824] [9.0] [cxt 0] Pipeline 'egress': start
[10:19:25.714] [bmv2] [D] [thread 7824] [9.0] [cxt 0] Pipeline 'egress': end
[10:19:25.714] [bmv2] [D] [thread 7824] [9.0] [cxt 0] Deparser 'deparser': start
[10:19:25.714] [bmv2] [T] [thread 7824] [9.0] [cxt 0] Skipping checksum 'cksum' update because condition not met
[10:19:25.714] [bmv2] [D] [thread 7824] [9.0] [cxt 0] Deparsing header 'ethernet'
[10:19:25.714] [bmv2] [D] [thread 7824] [9.0] [cxt 0] Deparser 'deparser': end
[10:19:25.715] [bmv2] [D] [thread 7824] [10.0] [cxt 0] Pipeline 'egress': start
[10:19:25.715] [bmv2] [D] [thread 7824] [10.0] [cxt 0] Pipeline 'egress': end
[10:19:25.715] [bmv2] [D] [thread 7824] [10.0] [cxt 0] Deparser 'deparser': start
[10:19:25.715] [bmv2] [T] [thread 7824] [10.0] [cxt 0] Skipping checksum 'cksum' update because condition not met
[10:19:25.715] [bmv2] [D] [thread 7824] [10.0] [cxt 0] Deparsing header 'ethernet'
[10:19:25.716] [bmv2] [D] [thread 7828] [9.0] [cxt 0] Transmitting packet of size 90 out of port 0
[10:19:25.716] [bmv2] [D] [thread 7824] [10.0] [cxt 0] Deparser 'deparser': end
[10:19:25.716] [bmv2] [D] [thread 7824] [11.0] [cxt 0] Pipeline 'egress': start
[10:19:25.717] [bmv2] [D] [thread 7823] [13.0] [cxt 0] Processing packet received on port 1
[10:19:25.717] [bmv2] [D] [thread 7823] [13.0] [cxt 0] Parser 'parser': start
[10:19:25.717] [bmv2] [D] [thread 7823] [13.0] [cxt 0] Parser 'parser' entering state 'start'
[10:19:25.717] [bmv2] [D] [thread 7823] [13.0] [cxt 0] Extracting header 'ethernet'
[10:19:25.716] [bmv2] [D] [thread 7824] [11.0] [cxt 0] Pipeline 'egress': end
[10:19:25.717] [bmv2] [D] [thread 7824] [11.0] [cxt 0] Deparser 'deparser': start
[10:19:25.718] [bmv2] [T] [thread 7824] [11.0] [cxt 0] Skipping checksum 'cksum' update because condition not met
[10:19:25.718] [bmv2] [D] [thread 7824] [11.0] [cxt 0] Deparsing header 'ethernet'
[10:19:25.718] [bmv2] [D] [thread 7824] [11.0] [cxt 0] Deparser 'deparser': end
[10:19:25.717] [bmv2] [D] [thread 7823] [13.0] [cxt 0] Parser state 'start': key is 86dd
[10:19:25.718] [bmv2] [D] [thread 7828] [10.0] [cxt 0] Transmitting packet of size 90 out of port 0
[10:19:25.718] [bmv2] [T] [thread 7823] [13.0] [cxt 0] Bytes parsed: 14
[10:19:25.718] [bmv2] [D] [thread 7823] [13.0] [cxt 0] Parser 'parser': end
[10:19:25.718] [bmv2] [D] [thread 7823] [13.0] [cxt 0] Pipeline 'ingress': start
[10:19:25.718] [bmv2] [D] [thread 7824] [12.0] [cxt 0] Pipeline 'egress': start
[10:19:25.718] [bmv2] [T] [thread 7823] [13.0] [cxt 0] basic.p4(173) Condition "hdr.ipv4.isValid()" (node_2) is false
[10:19:25.718] [bmv2] [D] [thread 7823] [13.0] [cxt 0] Pipeline 'ingress': end
[10:19:25.718] [bmv2] [D] [thread 7823] [13.0] [cxt 0] Egress port is 0
[10:19:25.718] [bmv2] [D] [thread 7824] [12.0] [cxt 0] Pipeline 'egress': end
[10:19:25.718] [bmv2] [D] [thread 7824] [12.0] [cxt 0] Deparser 'deparser': start
[10:19:25.718] [bmv2] [T] [thread 7824] [12.0] [cxt 0] Skipping checksum 'cksum' update because condition not met
[10:19:25.718] [bmv2] [D] [thread 7824] [12.0] [cxt 0] Deparsing header 'ethernet'
[10:19:25.718] [bmv2] [D] [thread 7824] [12.0] [cxt 0] Deparser 'deparser': end
[10:19:25.718] [bmv2] [D] [thread 7824] [13.0] [cxt 0] Pipeline 'egress': start
[10:19:25.718] [bmv2] [D] [thread 7824] [13.0] [cxt 0] Pipeline 'egress': end
[10:19:25.718] [bmv2] [D] [thread 7824] [13.0] [cxt 0] Deparser 'deparser': start
[10:19:25.718] [bmv2] [T] [thread 7824] [13.0] [cxt 0] Skipping checksum 'cksum' update because condition not met
[10:19:25.718] [bmv2] [D] [thread 7828] [11.0] [cxt 0] Transmitting packet of size 70 out of port 0
[10:19:25.718] [bmv2] [D] [thread 7824] [13.0] [cxt 0] Deparsing header 'ethernet'
[10:19:25.718] [bmv2] [D] [thread 7824] [13.0] [cxt 0] Deparser 'deparser': end
[10:19:25.718] [bmv2] [D] [thread 7828] [12.0] [cxt 0] Transmitting packet of size 70 out of port 0
[10:19:25.718] [bmv2] [D] [thread 7828] [13.0] [cxt 0] Transmitting packet of size 90 out of port 0
[10:19:25.719] [bmv2] [D] [thread 7823] [14.0] [cxt 0] Processing packet received on port 4
[10:19:25.719] [bmv2] [D] [thread 7823] [14.0] [cxt 0] Parser 'parser': start
[10:19:25.719] [bmv2] [D] [thread 7823] [14.0] [cxt 0] Parser 'parser' entering state 'start'
[10:19:25.719] [bmv2] [D] [thread 7823] [14.0] [cxt 0] Extracting header 'ethernet'
[10:19:25.719] [bmv2] [D] [thread 7823] [14.0] [cxt 0] Parser state 'start': key is 86dd
[10:19:25.719] [bmv2] [T] [thread 7823] [14.0] [cxt 0] Bytes parsed: 14
[10:19:25.719] [bmv2] [D] [thread 7823] [14.0] [cxt 0] Parser 'parser': end
[10:19:25.719] [bmv2] [D] [thread 7823] [14.0] [cxt 0] Pipeline 'ingress': start
[10:19:25.719] [bmv2] [T] [thread 7823] [14.0] [cxt 0] basic.p4(173) Condition "hdr.ipv4.isValid()" (node_2) is false
[10:19:25.719] [bmv2] [D] [thread 7823] [14.0] [cxt 0] Pipeline 'ingress': end
[10:19:25.719] [bmv2] [D] [thread 7823] [14.0] [cxt 0] Egress port is 0
[10:19:25.719] [bmv2] [D] [thread 7824] [14.0] [cxt 0] Pipeline 'egress': start
[10:19:25.719] [bmv2] [D] [thread 7824] [14.0] [cxt 0] Pipeline 'egress': end
[10:19:25.719] [bmv2] [D] [thread 7824] [14.0] [cxt 0] Deparser 'deparser': start
[10:19:25.719] [bmv2] [T] [thread 7824] [14.0] [cxt 0] Skipping checksum 'cksum' update because condition not met
[10:19:25.719] [bmv2] [D] [thread 7824] [14.0] [cxt 0] Deparsing header 'ethernet'
[10:19:25.719] [bmv2] [D] [thread 7824] [14.0] [cxt 0] Deparser 'deparser': end
[10:19:25.720] [bmv2] [D] [thread 7828] [14.0] [cxt 0] Transmitting packet of size 90 out of port 0
[10:19:25.747] [bmv2] [D] [thread 7823] [15.0] [cxt 0] Processing packet received on port 3
[10:19:25.747] [bmv2] [D] [thread 7823] [15.0] [cxt 0] Parser 'parser': start
[10:19:25.747] [bmv2] [D] [thread 7823] [15.0] [cxt 0] Parser 'parser' entering state 'start'
[10:19:25.748] [bmv2] [D] [thread 7823] [15.0] [cxt 0] Extracting header 'ethernet'
[10:19:25.748] [bmv2] [D] [thread 7823] [15.0] [cxt 0] Parser state 'start': key is 86dd
[10:19:25.748] [bmv2] [T] [thread 7823] [15.0] [cxt 0] Bytes parsed: 14
[10:19:25.748] [bmv2] [D] [thread 7823] [15.0] [cxt 0] Parser 'parser': end
[10:19:25.748] [bmv2] [D] [thread 7823] [15.0] [cxt 0] Pipeline 'ingress': start
[10:19:25.748] [bmv2] [T] [thread 7823] [15.0] [cxt 0] basic.p4(173) Condition "hdr.ipv4.isValid()" (node_2) is false
[10:19:25.748] [bmv2] [D] [thread 7823] [15.0] [cxt 0] Pipeline 'ingress': end
[10:19:25.748] [bmv2] [D] [thread 7823] [15.0] [cxt 0] Egress port is 0
[10:19:25.748] [bmv2] [D] [thread 7823] [16.0] [cxt 0] Processing packet received on port 4
[10:19:25.748] [bmv2] [D] [thread 7823] [16.0] [cxt 0] Parser 'parser': start
[10:19:25.748] [bmv2] [D] [thread 7823] [16.0] [cxt 0] Parser 'parser' entering state 'start'
[10:19:25.748] [bmv2] [D] [thread 7823] [16.0] [cxt 0] Extracting header 'ethernet'
[10:19:25.748] [bmv2] [D] [thread 7823] [16.0] [cxt 0] Parser state 'start': key is 86dd
[10:19:25.748] [bmv2] [T] [thread 7823] [16.0] [cxt 0] Bytes parsed: 14
[10:19:25.748] [bmv2] [D] [thread 7823] [16.0] [cxt 0] Parser 'parser': end
[10:19:25.748] [bmv2] [D] [thread 7823] [16.0] [cxt 0] Pipeline 'ingress': start
[10:19:25.748] [bmv2] [T] [thread 7823] [16.0] [cxt 0] basic.p4(173) Condition "hdr.ipv4.isValid()" (node_2) is false
[10:19:25.748] [bmv2] [D] [thread 7823] [16.0] [cxt 0] Pipeline 'ingress': end
[10:19:25.748] [bmv2] [D] [thread 7823] [16.0] [cxt 0] Egress port is 0
[10:19:25.748] [bmv2] [D] [thread 7824] [15.0] [cxt 0] Pipeline 'egress': start
[10:19:25.748] [bmv2] [D] [thread 7824] [15.0] [cxt 0] Pipeline 'egress': end
[10:19:25.748] [bmv2] [D] [thread 7824] [15.0] [cxt 0] Deparser 'deparser': start
[10:19:25.748] [bmv2] [T] [thread 7824] [15.0] [cxt 0] Skipping checksum 'cksum' update because condition not met
[10:19:25.748] [bmv2] [D] [thread 7824] [15.0] [cxt 0] Deparsing header 'ethernet'
[10:19:25.748] [bmv2] [D] [thread 7824] [15.0] [cxt 0] Deparser 'deparser': end
[10:19:25.749] [bmv2] [D] [thread 7824] [16.0] [cxt 0] Pipeline 'egress': start
[10:19:25.749] [bmv2] [D] [thread 7824] [16.0] [cxt 0] Pipeline 'egress': end
[10:19:25.749] [bmv2] [D] [thread 7824] [16.0] [cxt 0] Deparser 'deparser': start
[10:19:25.749] [bmv2] [T] [thread 7824] [16.0] [cxt 0] Skipping checksum 'cksum' update because condition not met
[10:19:25.749] [bmv2] [D] [thread 7824] [16.0] [cxt 0] Deparsing header 'ethernet'
[10:19:25.749] [bmv2] [D] [thread 7824] [16.0] [cxt 0] Deparser 'deparser': end
[10:19:25.749] [bmv2] [D] [thread 7828] [15.0] [cxt 0] Transmitting packet of size 90 out of port 0
[10:19:25.749] [bmv2] [D] [thread 7828] [16.0] [cxt 0] Transmitting packet of size 107 out of port 0
[10:19:25.778] [bmv2] [D] [thread 7823] [17.0] [cxt 0] Processing packet received on port 4
[10:19:25.778] [bmv2] [D] [thread 7823] [17.0] [cxt 0] Parser 'parser': start
[10:19:25.778] [bmv2] [D] [thread 7823] [17.0] [cxt 0] Parser 'parser' entering state 'start'
[10:19:25.778] [bmv2] [D] [thread 7823] [17.0] [cxt 0] Extracting header 'ethernet'
[10:19:25.778] [bmv2] [D] [thread 7823] [17.0] [cxt 0] Parser state 'start': key is 86dd
[10:19:25.778] [bmv2] [T] [thread 7823] [17.0] [cxt 0] Bytes parsed: 14
[10:19:25.778] [bmv2] [D] [thread 7823] [17.0] [cxt 0] Parser 'parser': end
[10:19:25.778] [bmv2] [D] [thread 7823] [17.0] [cxt 0] Pipeline 'ingress': start
[10:19:25.778] [bmv2] [T] [thread 7823] [17.0] [cxt 0] basic.p4(173) Condition "hdr.ipv4.isValid()" (node_2) is false
[10:19:25.778] [bmv2] [D] [thread 7823] [17.0] [cxt 0] Pipeline 'ingress': end
[10:19:25.778] [bmv2] [D] [thread 7823] [17.0] [cxt 0] Egress port is 0
[10:19:25.778] [bmv2] [D] [thread 7824] [17.0] [cxt 0] Pipeline 'egress': start
[10:19:25.778] [bmv2] [D] [thread 7824] [17.0] [cxt 0] Pipeline 'egress': end
[10:19:25.779] [bmv2] [D] [thread 7824] [17.0] [cxt 0] Deparser 'deparser': start
[10:19:25.779] [bmv2] [T] [thread 7824] [17.0] [cxt 0] Skipping checksum 'cksum' update because condition not met
[10:19:25.779] [bmv2] [D] [thread 7824] [17.0] [cxt 0] Deparsing header 'ethernet'
[10:19:25.779] [bmv2] [D] [thread 7824] [17.0] [cxt 0] Deparser 'deparser': end
[10:19:25.779] [bmv2] [D] [thread 7828] [17.0] [cxt 0] Transmitting packet of size 211 out of port 0
[10:19:25.815] [bmv2] [D] [thread 7823] [18.0] [cxt 0] Processing packet received on port 1
[10:19:25.815] [bmv2] [D] [thread 7823] [18.0] [cxt 0] Parser 'parser': start
[10:19:25.815] [bmv2] [D] [thread 7823] [18.0] [cxt 0] Parser 'parser' entering state 'start'
[10:19:25.815] [bmv2] [D] [thread 7823] [18.0] [cxt 0] Extracting header 'ethernet'
[10:19:25.815] [bmv2] [D] [thread 7823] [18.0] [cxt 0] Parser state 'start': key is 86dd
[10:19:25.815] [bmv2] [T] [thread 7823] [18.0] [cxt 0] Bytes parsed: 14
[10:19:25.815] [bmv2] [D] [thread 7823] [18.0] [cxt 0] Parser 'parser': end
[10:19:25.815] [bmv2] [D] [thread 7823] [18.0] [cxt 0] Pipeline 'ingress': start
[10:19:25.815] [bmv2] [T] [thread 7823] [18.0] [cxt 0] basic.p4(173) Condition "hdr.ipv4.isValid()" (node_2) is false
[10:19:25.815] [bmv2] [D] [thread 7823] [18.0] [cxt 0] Pipeline 'ingress': end
[10:19:25.815] [bmv2] [D] [thread 7823] [18.0] [cxt 0] Egress port is 0
[10:19:25.816] [bmv2] [D] [thread 7824] [18.0] [cxt 0] Pipeline 'egress': start
[10:19:25.816] [bmv2] [D] [thread 7824] [18.0] [cxt 0] Pipeline 'egress': end
[10:19:25.816] [bmv2] [D] [thread 7824] [18.0] [cxt 0] Deparser 'deparser': start
[10:19:25.816] [bmv2] [T] [thread 7824] [18.0] [cxt 0] Skipping checksum 'cksum' update because condition not met
[10:19:25.816] [bmv2] [D] [thread 7824] [18.0] [cxt 0] Deparsing header 'ethernet'
[10:19:25.816] [bmv2] [D] [thread 7824] [18.0] [cxt 0] Deparser 'deparser': end
[10:19:25.816] [bmv2] [D] [thread 7828] [18.0] [cxt 0] Transmitting packet of size 107 out of port 0
[10:19:25.837] [bmv2] [D] [thread 7823] [19.0] [cxt 0] Processing packet received on port 3
[10:19:25.837] [bmv2] [D] [thread 7823] [19.0] [cxt 0] Parser 'parser': start
[10:19:25.837] [bmv2] [D] [thread 7823] [19.0] [cxt 0] Parser 'parser' entering state 'start'
[10:19:25.837] [bmv2] [D] [thread 7823] [19.0] [cxt 0] Extracting header 'ethernet'
[10:19:25.837] [bmv2] [D] [thread 7823] [19.0] [cxt 0] Parser state 'start': key is 86dd
[10:19:25.837] [bmv2] [T] [thread 7823] [19.0] [cxt 0] Bytes parsed: 14
[10:19:25.837] [bmv2] [D] [thread 7823] [19.0] [cxt 0] Parser 'parser': end
[10:19:25.837] [bmv2] [D] [thread 7823] [19.0] [cxt 0] Pipeline 'ingress': start
[10:19:25.837] [bmv2] [T] [thread 7823] [19.0] [cxt 0] basic.p4(173) Condition "hdr.ipv4.isValid()" (node_2) is false
[10:19:25.837] [bmv2] [D] [thread 7823] [19.0] [cxt 0] Pipeline 'ingress': end
[10:19:25.837] [bmv2] [D] [thread 7823] [19.0] [cxt 0] Egress port is 0
[10:19:25.837] [bmv2] [D] [thread 7823] [20.0] [cxt 0] Processing packet received on port 3
[10:19:25.837] [bmv2] [D] [thread 7823] [20.0] [cxt 0] Parser 'parser': start
[10:19:25.838] [bmv2] [D] [thread 7823] [20.0] [cxt 0] Parser 'parser' entering state 'start'
[10:19:25.838] [bmv2] [D] [thread 7823] [20.0] [cxt 0] Extracting header 'ethernet'
[10:19:25.838] [bmv2] [D] [thread 7823] [20.0] [cxt 0] Parser state 'start': key is 86dd
[10:19:25.838] [bmv2] [T] [thread 7823] [20.0] [cxt 0] Bytes parsed: 14
[10:19:25.838] [bmv2] [D] [thread 7823] [20.0] [cxt 0] Parser 'parser': end
[10:19:25.838] [bmv2] [D] [thread 7823] [20.0] [cxt 0] Pipeline 'ingress': start
[10:19:25.838] [bmv2] [T] [thread 7823] [20.0] [cxt 0] basic.p4(173) Condition "hdr.ipv4.isValid()" (node_2) is false
[10:19:25.838] [bmv2] [D] [thread 7823] [20.0] [cxt 0] Pipeline 'ingress': end
[10:19:25.838] [bmv2] [D] [thread 7823] [20.0] [cxt 0] Egress port is 0
[10:19:25.838] [bmv2] [D] [thread 7824] [19.0] [cxt 0] Pipeline 'egress': start
[10:19:25.838] [bmv2] [D] [thread 7824] [19.0] [cxt 0] Pipeline 'egress': end
[10:19:25.838] [bmv2] [D] [thread 7824] [19.0] [cxt 0] Deparser 'deparser': start
[10:19:25.838] [bmv2] [T] [thread 7824] [19.0] [cxt 0] Skipping checksum 'cksum' update because condition not met
[10:19:25.838] [bmv2] [D] [thread 7824] [19.0] [cxt 0] Deparsing header 'ethernet'
[10:19:25.838] [bmv2] [D] [thread 7824] [19.0] [cxt 0] Deparser 'deparser': end
[10:19:25.838] [bmv2] [D] [thread 7824] [20.0] [cxt 0] Pipeline 'egress': start
[10:19:25.838] [bmv2] [D] [thread 7824] [20.0] [cxt 0] Pipeline 'egress': end
[10:19:25.838] [bmv2] [D] [thread 7824] [20.0] [cxt 0] Deparser 'deparser': start
[10:19:25.838] [bmv2] [T] [thread 7824] [20.0] [cxt 0] Skipping checksum 'cksum' update because condition not met
[10:19:25.838] [bmv2] [D] [thread 7824] [20.0] [cxt 0] Deparsing header 'ethernet'
[10:19:25.838] [bmv2] [D] [thread 7824] [20.0] [cxt 0] Deparser 'deparser': end
[10:19:25.838] [bmv2] [D] [thread 7828] [19.0] [cxt 0] Transmitting packet of size 90 out of port 0
[10:19:25.838] [bmv2] [D] [thread 7828] [20.0] [cxt 0] Transmitting packet of size 70 out of port 0
[10:19:25.839] [bmv2] [D] [thread 7823] [21.0] [cxt 0] Processing packet received on port 2
[10:19:25.840] [bmv2] [D] [thread 7823] [21.0] [cxt 0] Parser 'parser': start
[10:19:25.840] [bmv2] [D] [thread 7823] [21.0] [cxt 0] Parser 'parser' entering state 'start'
[10:19:25.840] [bmv2] [D] [thread 7823] [21.0] [cxt 0] Extracting header 'ethernet'
[10:19:25.840] [bmv2] [D] [thread 7823] [21.0] [cxt 0] Parser state 'start': key is 86dd
[10:19:25.840] [bmv2] [T] [thread 7823] [21.0] [cxt 0] Bytes parsed: 14
[10:19:25.840] [bmv2] [D] [thread 7823] [21.0] [cxt 0] Parser 'parser': end
[10:19:25.840] [bmv2] [D] [thread 7823] [21.0] [cxt 0] Pipeline 'ingress': start
[10:19:25.840] [bmv2] [T] [thread 7823] [21.0] [cxt 0] basic.p4(173) Condition "hdr.ipv4.isValid()" (node_2) is false
[10:19:25.840] [bmv2] [D] [thread 7823] [21.0] [cxt 0] Pipeline 'ingress': end
[10:19:25.840] [bmv2] [D] [thread 7823] [21.0] [cxt 0] Egress port is 0
[10:19:25.840] [bmv2] [D] [thread 7824] [21.0] [cxt 0] Pipeline 'egress': start
[10:19:25.840] [bmv2] [D] [thread 7824] [21.0] [cxt 0] Pipeline 'egress': end
[10:19:25.840] [bmv2] [D] [thread 7824] [21.0] [cxt 0] Deparser 'deparser': start
[10:19:25.840] [bmv2] [T] [thread 7824] [21.0] [cxt 0] Skipping checksum 'cksum' update because condition not met
[10:19:25.840] [bmv2] [D] [thread 7824] [21.0] [cxt 0] Deparsing header 'ethernet'
[10:19:25.840] [bmv2] [D] [thread 7824] [21.0] [cxt 0] Deparser 'deparser': end
[10:19:25.842] [bmv2] [D] [thread 7828] [21.0] [cxt 0] Transmitting packet of size 211 out of port 0
[10:19:25.843] [bmv2] [D] [thread 7823] [22.0] [cxt 0] Processing packet received on port 3
[10:19:25.843] [bmv2] [D] [thread 7823] [22.0] [cxt 0] Parser 'parser': start
[10:19:25.843] [bmv2] [D] [thread 7823] [22.0] [cxt 0] Parser 'parser' entering state 'start'
[10:19:25.843] [bmv2] [D] [thread 7823] [22.0] [cxt 0] Extracting header 'ethernet'
[10:19:25.843] [bmv2] [D] [thread 7823] [22.0] [cxt 0] Parser state 'start': key is 86dd
[10:19:25.843] [bmv2] [T] [thread 7823] [22.0] [cxt 0] Bytes parsed: 14
[10:19:25.843] [bmv2] [D] [thread 7823] [22.0] [cxt 0] Parser 'parser': end
[10:19:25.843] [bmv2] [D] [thread 7823] [22.0] [cxt 0] Pipeline 'ingress': start
[10:19:25.843] [bmv2] [T] [thread 7823] [22.0] [cxt 0] basic.p4(173) Condition "hdr.ipv4.isValid()" (node_2) is false
[10:19:25.843] [bmv2] [D] [thread 7823] [22.0] [cxt 0] Pipeline 'ingress': end
[10:19:25.843] [bmv2] [D] [thread 7823] [22.0] [cxt 0] Egress port is 0
[10:19:25.843] [bmv2] [D] [thread 7824] [22.0] [cxt 0] Pipeline 'egress': start
[10:19:25.843] [bmv2] [D] [thread 7824] [22.0] [cxt 0] Pipeline 'egress': end
[10:19:25.843] [bmv2] [D] [thread 7824] [22.0] [cxt 0] Deparser 'deparser': start
[10:19:25.843] [bmv2] [T] [thread 7824] [22.0] [cxt 0] Skipping checksum 'cksum' update because condition not met
[10:19:25.843] [bmv2] [D] [thread 7824] [22.0] [cxt 0] Deparsing header 'ethernet'
[10:19:25.843] [bmv2] [D] [thread 7824] [22.0] [cxt 0] Deparser 'deparser': end
[10:19:25.843] [bmv2] [D] [thread 7828] [22.0] [cxt 0] Transmitting packet of size 90 out of port 0
[10:19:25.844] [bmv2] [D] [thread 7823] [23.0] [cxt 0] Processing packet received on port 1
[10:19:25.844] [bmv2] [D] [thread 7823] [23.0] [cxt 0] Parser 'parser': start
[10:19:25.844] [bmv2] [D] [thread 7823] [23.0] [cxt 0] Parser 'parser' entering state 'start'
[10:19:25.844] [bmv2] [D] [thread 7823] [23.0] [cxt 0] Extracting header 'ethernet'
[10:19:25.844] [bmv2] [D] [thread 7823] [23.0] [cxt 0] Parser state 'start': key is 86dd
[10:19:25.844] [bmv2] [T] [thread 7823] [23.0] [cxt 0] Bytes parsed: 14
[10:19:25.844] [bmv2] [D] [thread 7823] [23.0] [cxt 0] Parser 'parser': end
[10:19:25.844] [bmv2] [D] [thread 7823] [23.0] [cxt 0] Pipeline 'ingress': start
[10:19:25.844] [bmv2] [T] [thread 7823] [23.0] [cxt 0] basic.p4(173) Condition "hdr.ipv4.isValid()" (node_2) is false
[10:19:25.844] [bmv2] [D] [thread 7823] [23.0] [cxt 0] Pipeline 'ingress': end
[10:19:25.844] [bmv2] [D] [thread 7823] [23.0] [cxt 0] Egress port is 0
[10:19:25.844] [bmv2] [D] [thread 7823] [24.0] [cxt 0] Processing packet received on port 4
[10:19:25.844] [bmv2] [D] [thread 7823] [24.0] [cxt 0] Parser 'parser': start
[10:19:25.844] [bmv2] [D] [thread 7823] [24.0] [cxt 0] Parser 'parser' entering state 'start'
[10:19:25.844] [bmv2] [D] [thread 7823] [24.0] [cxt 0] Extracting header 'ethernet'
[10:19:25.844] [bmv2] [D] [thread 7823] [24.0] [cxt 0] Parser state 'start': key is 86dd
[10:19:25.844] [bmv2] [T] [thread 7823] [24.0] [cxt 0] Bytes parsed: 14
[10:19:25.844] [bmv2] [D] [thread 7823] [24.0] [cxt 0] Parser 'parser': end
[10:19:25.844] [bmv2] [D] [thread 7823] [24.0] [cxt 0] Pipeline 'ingress': start
[10:19:25.844] [bmv2] [T] [thread 7823] [24.0] [cxt 0] basic.p4(173) Condition "hdr.ipv4.isValid()" (node_2) is false
[10:19:25.844] [bmv2] [D] [thread 7823] [24.0] [cxt 0] Pipeline 'ingress': end
[10:19:25.844] [bmv2] [D] [thread 7823] [24.0] [cxt 0] Egress port is 0
[10:19:25.844] [bmv2] [D] [thread 7824] [23.0] [cxt 0] Pipeline 'egress': start
[10:19:25.844] [bmv2] [D] [thread 7824] [23.0] [cxt 0] Pipeline 'egress': end
[10:19:25.844] [bmv2] [D] [thread 7824] [23.0] [cxt 0] Deparser 'deparser': start
[10:19:25.844] [bmv2] [T] [thread 7824] [23.0] [cxt 0] Skipping checksum 'cksum' update because condition not met
[10:19:25.844] [bmv2] [D] [thread 7824] [23.0] [cxt 0] Deparsing header 'ethernet'
[10:19:25.844] [bmv2] [D] [thread 7824] [23.0] [cxt 0] Deparser 'deparser': end
[10:19:25.844] [bmv2] [D] [thread 7824] [24.0] [cxt 0] Pipeline 'egress': start
[10:19:25.844] [bmv2] [D] [thread 7824] [24.0] [cxt 0] Pipeline 'egress': end
[10:19:25.844] [bmv2] [D] [thread 7824] [24.0] [cxt 0] Deparser 'deparser': start
[10:19:25.844] [bmv2] [T] [thread 7824] [24.0] [cxt 0] Skipping checksum 'cksum' update because condition not met
[10:19:25.844] [bmv2] [D] [thread 7824] [24.0] [cxt 0] Deparsing header 'ethernet'
[10:19:25.844] [bmv2] [D] [thread 7824] [24.0] [cxt 0] Deparser 'deparser': end
[10:19:25.844] [bmv2] [D] [thread 7828] [23.0] [cxt 0] Transmitting packet of size 211 out of port 0
[10:19:25.845] [bmv2] [D] [thread 7828] [24.0] [cxt 0] Transmitting packet of size 211 out of port 0
[10:19:25.892] [bmv2] [D] [thread 7823] [25.0] [cxt 0] Processing packet received on port 1
[10:19:25.892] [bmv2] [D] [thread 7823] [25.0] [cxt 0] Parser 'parser': start
[10:19:25.892] [bmv2] [D] [thread 7823] [25.0] [cxt 0] Parser 'parser' entering state 'start'
[10:19:25.892] [bmv2] [D] [thread 7823] [25.0] [cxt 0] Extracting header 'ethernet'
[10:19:25.893] [bmv2] [D] [thread 7823] [25.0] [cxt 0] Parser state 'start': key is 86dd
[10:19:25.893] [bmv2] [T] [thread 7823] [25.0] [cxt 0] Bytes parsed: 14
[10:19:25.893] [bmv2] [D] [thread 7823] [25.0] [cxt 0] Parser 'parser': end
[10:19:25.893] [bmv2] [D] [thread 7823] [25.0] [cxt 0] Pipeline 'ingress': start
[10:19:25.893] [bmv2] [T] [thread 7823] [25.0] [cxt 0] basic.p4(173) Condition "hdr.ipv4.isValid()" (node_2) is false
[10:19:25.893] [bmv2] [D] [thread 7823] [25.0] [cxt 0] Pipeline 'ingress': end
[10:19:25.893] [bmv2] [D] [thread 7823] [25.0] [cxt 0] Egress port is 0
[10:19:25.893] [bmv2] [D] [thread 7824] [25.0] [cxt 0] Pipeline 'egress': start
[10:19:25.893] [bmv2] [D] [thread 7824] [25.0] [cxt 0] Pipeline 'egress': end
[10:19:25.893] [bmv2] [D] [thread 7824] [25.0] [cxt 0] Deparser 'deparser': start
[10:19:25.893] [bmv2] [T] [thread 7824] [25.0] [cxt 0] Skipping checksum 'cksum' update because condition not met
[10:19:25.893] [bmv2] [D] [thread 7824] [25.0] [cxt 0] Deparsing header 'ethernet'
[10:19:25.893] [bmv2] [D] [thread 7824] [25.0] [cxt 0] Deparser 'deparser': end
[10:19:25.893] [bmv2] [D] [thread 7828] [25.0] [cxt 0] Transmitting packet of size 90 out of port 0
[10:19:25.900] [bmv2] [D] [thread 7823] [26.0] [cxt 0] Processing packet received on port 3
[10:19:25.900] [bmv2] [D] [thread 7823] [26.0] [cxt 0] Parser 'parser': start
[10:19:25.900] [bmv2] [D] [thread 7823] [26.0] [cxt 0] Parser 'parser' entering state 'start'
[10:19:25.900] [bmv2] [D] [thread 7823] [26.0] [cxt 0] Extracting header 'ethernet'
[10:19:25.900] [bmv2] [D] [thread 7823] [26.0] [cxt 0] Parser state 'start': key is 86dd
[10:19:25.900] [bmv2] [T] [thread 7823] [26.0] [cxt 0] Bytes parsed: 14
[10:19:25.900] [bmv2] [D] [thread 7823] [26.0] [cxt 0] Parser 'parser': end
[10:19:25.900] [bmv2] [D] [thread 7823] [26.0] [cxt 0] Pipeline 'ingress': start
[10:19:25.900] [bmv2] [T] [thread 7823] [26.0] [cxt 0] basic.p4(173) Condition "hdr.ipv4.isValid()" (node_2) is false
[10:19:25.900] [bmv2] [D] [thread 7823] [26.0] [cxt 0] Pipeline 'ingress': end
[10:19:25.900] [bmv2] [D] [thread 7823] [26.0] [cxt 0] Egress port is 0
[10:19:25.901] [bmv2] [D] [thread 7824] [26.0] [cxt 0] Pipeline 'egress': start
[10:19:25.901] [bmv2] [D] [thread 7824] [26.0] [cxt 0] Pipeline 'egress': end
[10:19:25.901] [bmv2] [D] [thread 7824] [26.0] [cxt 0] Deparser 'deparser': start
[10:19:25.901] [bmv2] [T] [thread 7824] [26.0] [cxt 0] Skipping checksum 'cksum' update because condition not met
[10:19:25.901] [bmv2] [D] [thread 7824] [26.0] [cxt 0] Deparsing header 'ethernet'
[10:19:25.901] [bmv2] [D] [thread 7824] [26.0] [cxt 0] Deparser 'deparser': end
[10:19:25.902] [bmv2] [D] [thread 7828] [26.0] [cxt 0] Transmitting packet of size 211 out of port 0
[10:19:25.919] [bmv2] [D] [thread 7823] [27.0] [cxt 0] Processing packet received on port 3
[10:19:25.919] [bmv2] [D] [thread 7823] [27.0] [cxt 0] Parser 'parser': start
[10:19:25.919] [bmv2] [D] [thread 7823] [27.0] [cxt 0] Parser 'parser' entering state 'start'
[10:19:25.919] [bmv2] [D] [thread 7823] [27.0] [cxt 0] Extracting header 'ethernet'
[10:19:25.920] [bmv2] [D] [thread 7823] [27.0] [cxt 0] Parser state 'start': key is 86dd
[10:19:25.920] [bmv2] [T] [thread 7823] [27.0] [cxt 0] Bytes parsed: 14
[10:19:25.920] [bmv2] [D] [thread 7823] [27.0] [cxt 0] Parser 'parser': end
[10:19:25.920] [bmv2] [D] [thread 7823] [27.0] [cxt 0] Pipeline 'ingress': start
[10:19:25.920] [bmv2] [T] [thread 7823] [27.0] [cxt 0] basic.p4(173) Condition "hdr.ipv4.isValid()" (node_2) is false
[10:19:25.920] [bmv2] [D] [thread 7823] [27.0] [cxt 0] Pipeline 'ingress': end
[10:19:25.920] [bmv2] [D] [thread 7823] [27.0] [cxt 0] Egress port is 0
[10:19:25.920] [bmv2] [D] [thread 7824] [27.0] [cxt 0] Pipeline 'egress': start
[10:19:25.920] [bmv2] [D] [thread 7824] [27.0] [cxt 0] Pipeline 'egress': end
[10:19:25.920] [bmv2] [D] [thread 7824] [27.0] [cxt 0] Deparser 'deparser': start
[10:19:25.920] [bmv2] [T] [thread 7824] [27.0] [cxt 0] Skipping checksum 'cksum' update because condition not met
[10:19:25.920] [bmv2] [D] [thread 7824] [27.0] [cxt 0] Deparsing header 'ethernet'
[10:19:25.920] [bmv2] [D] [thread 7824] [27.0] [cxt 0] Deparser 'deparser': end
[10:19:25.920] [bmv2] [D] [thread 7828] [27.0] [cxt 0] Transmitting packet of size 110 out of port 0
[10:19:25.945] [bmv2] [D] [thread 7823] [28.0] [cxt 0] Processing packet received on port 3
[10:19:25.945] [bmv2] [D] [thread 7823] [28.0] [cxt 0] Parser 'parser': start
[10:19:25.945] [bmv2] [D] [thread 7823] [28.0] [cxt 0] Parser 'parser' entering state 'start'
[10:19:25.945] [bmv2] [D] [thread 7823] [28.0] [cxt 0] Extracting header 'ethernet'
[10:19:25.945] [bmv2] [D] [thread 7823] [28.0] [cxt 0] Parser state 'start': key is 86dd
[10:19:25.945] [bmv2] [T] [thread 7823] [28.0] [cxt 0] Bytes parsed: 14
[10:19:25.945] [bmv2] [D] [thread 7823] [28.0] [cxt 0] Parser 'parser': end
[10:19:25.945] [bmv2] [D] [thread 7823] [28.0] [cxt 0] Pipeline 'ingress': start
[10:19:25.945] [bmv2] [T] [thread 7823] [28.0] [cxt 0] basic.p4(173) Condition "hdr.ipv4.isValid()" (node_2) is false
[10:19:25.945] [bmv2] [D] [thread 7823] [28.0] [cxt 0] Pipeline 'ingress': end
[10:19:25.945] [bmv2] [D] [thread 7823] [28.0] [cxt 0] Egress port is 0
[10:19:25.945] [bmv2] [D] [thread 7824] [28.0] [cxt 0] Pipeline 'egress': start
[10:19:25.945] [bmv2] [D] [thread 7824] [28.0] [cxt 0] Pipeline 'egress': end
[10:19:25.945] [bmv2] [D] [thread 7824] [28.0] [cxt 0] Deparser 'deparser': start
[10:19:25.945] [bmv2] [T] [thread 7824] [28.0] [cxt 0] Skipping checksum 'cksum' update because condition not met
[10:19:25.945] [bmv2] [D] [thread 7824] [28.0] [cxt 0] Deparsing header 'ethernet'
[10:19:25.945] [bmv2] [D] [thread 7824] [28.0] [cxt 0] Deparser 'deparser': end
[10:19:25.945] [bmv2] [D] [thread 7828] [28.0] [cxt 0] Transmitting packet of size 107 out of port 0
[10:19:25.969] [bmv2] [D] [thread 7823] [29.0] [cxt 0] Processing packet received on port 4
[10:19:25.970] [bmv2] [D] [thread 7823] [29.0] [cxt 0] Parser 'parser': start
[10:19:25.970] [bmv2] [D] [thread 7823] [29.0] [cxt 0] Parser 'parser' entering state 'start'
[10:19:25.970] [bmv2] [D] [thread 7823] [29.0] [cxt 0] Extracting header 'ethernet'
[10:19:25.970] [bmv2] [D] [thread 7823] [29.0] [cxt 0] Parser state 'start': key is 86dd
[10:19:25.970] [bmv2] [T] [thread 7823] [29.0] [cxt 0] Bytes parsed: 14
[10:19:25.970] [bmv2] [D] [thread 7823] [29.0] [cxt 0] Parser 'parser': end
[10:19:25.970] [bmv2] [D] [thread 7823] [29.0] [cxt 0] Pipeline 'ingress': start
[10:19:25.970] [bmv2] [T] [thread 7823] [29.0] [cxt 0] basic.p4(173) Condition "hdr.ipv4.isValid()" (node_2) is false
[10:19:25.970] [bmv2] [D] [thread 7823] [29.0] [cxt 0] Pipeline 'ingress': end
[10:19:25.970] [bmv2] [D] [thread 7823] [29.0] [cxt 0] Egress port is 0
[10:19:25.974] [bmv2] [D] [thread 7823] [30.0] [cxt 0] Processing packet received on port 3
[10:19:25.974] [bmv2] [D] [thread 7823] [30.0] [cxt 0] Parser 'parser': start
[10:19:25.974] [bmv2] [D] [thread 7823] [30.0] [cxt 0] Parser 'parser' entering state 'start'
[10:19:25.974] [bmv2] [D] [thread 7823] [30.0] [cxt 0] Extracting header 'ethernet'
[10:19:25.974] [bmv2] [D] [thread 7823] [30.0] [cxt 0] Parser state 'start': key is 86dd
[10:19:25.974] [bmv2] [T] [thread 7823] [30.0] [cxt 0] Bytes parsed: 14
[10:19:25.974] [bmv2] [D] [thread 7823] [30.0] [cxt 0] Parser 'parser': end
[10:19:25.974] [bmv2] [D] [thread 7823] [30.0] [cxt 0] Pipeline 'ingress': start
[10:19:25.974] [bmv2] [D] [thread 7824] [29.0] [cxt 0] Pipeline 'egress': start
[10:19:25.974] [bmv2] [D] [thread 7824] [29.0] [cxt 0] Pipeline 'egress': end
[10:19:25.974] [bmv2] [D] [thread 7824] [29.0] [cxt 0] Deparser 'deparser': start
[10:19:25.974] [bmv2] [T] [thread 7824] [29.0] [cxt 0] Skipping checksum 'cksum' update because condition not met
[10:19:25.975] [bmv2] [D] [thread 7824] [29.0] [cxt 0] Deparsing header 'ethernet'
[10:19:25.975] [bmv2] [D] [thread 7824] [29.0] [cxt 0] Deparser 'deparser': end
[10:19:25.975] [bmv2] [D] [thread 7828] [29.0] [cxt 0] Transmitting packet of size 110 out of port 0
[10:19:25.975] [bmv2] [T] [thread 7823] [30.0] [cxt 0] basic.p4(173) Condition "hdr.ipv4.isValid()" (node_2) is false
[10:19:25.975] [bmv2] [D] [thread 7823] [30.0] [cxt 0] Pipeline 'ingress': end
[10:19:25.975] [bmv2] [D] [thread 7823] [30.0] [cxt 0] Egress port is 0
[10:19:25.975] [bmv2] [D] [thread 7824] [30.0] [cxt 0] Pipeline 'egress': start
[10:19:25.975] [bmv2] [D] [thread 7824] [30.0] [cxt 0] Pipeline 'egress': end
[10:19:25.975] [bmv2] [D] [thread 7824] [30.0] [cxt 0] Deparser 'deparser': start
[10:19:25.975] [bmv2] [T] [thread 7824] [30.0] [cxt 0] Skipping checksum 'cksum' update because condition not met
[10:19:25.975] [bmv2] [D] [thread 7824] [30.0] [cxt 0] Deparsing header 'ethernet'
[10:19:25.975] [bmv2] [D] [thread 7824] [30.0] [cxt 0] Deparser 'deparser': end
[10:19:25.975] [bmv2] [D] [thread 7828] [30.0] [cxt 0] Transmitting packet of size 211 out of port 0
[10:19:25.980] [bmv2] [D] [thread 7823] [31.0] [cxt 0] Processing packet received on port 1
[10:19:25.980] [bmv2] [D] [thread 7823] [31.0] [cxt 0] Parser 'parser': start
[10:19:25.980] [bmv2] [D] [thread 7823] [31.0] [cxt 0] Parser 'parser' entering state 'start'
[10:19:25.980] [bmv2] [D] [thread 7823] [31.0] [cxt 0] Extracting header 'ethernet'
[10:19:25.981] [bmv2] [D] [thread 7823] [31.0] [cxt 0] Parser state 'start': key is 86dd
[10:19:25.981] [bmv2] [T] [thread 7823] [31.0] [cxt 0] Bytes parsed: 14
[10:19:25.981] [bmv2] [D] [thread 7823] [31.0] [cxt 0] Parser 'parser': end
[10:19:25.981] [bmv2] [D] [thread 7823] [31.0] [cxt 0] Pipeline 'ingress': start
[10:19:25.981] [bmv2] [T] [thread 7823] [31.0] [cxt 0] basic.p4(173) Condition "hdr.ipv4.isValid()" (node_2) is false
[10:19:25.981] [bmv2] [D] [thread 7823] [31.0] [cxt 0] Pipeline 'ingress': end
[10:19:25.981] [bmv2] [D] [thread 7823] [31.0] [cxt 0] Egress port is 0
[10:19:25.982] [bmv2] [D] [thread 7824] [31.0] [cxt 0] Pipeline 'egress': start
[10:19:25.982] [bmv2] [D] [thread 7824] [31.0] [cxt 0] Pipeline 'egress': end
[10:19:25.982] [bmv2] [D] [thread 7824] [31.0] [cxt 0] Deparser 'deparser': start
[10:19:25.982] [bmv2] [T] [thread 7824] [31.0] [cxt 0] Skipping checksum 'cksum' update because condition not met
[10:19:25.982] [bmv2] [D] [thread 7824] [31.0] [cxt 0] Deparsing header 'ethernet'
[10:19:25.982] [bmv2] [D] [thread 7824] [31.0] [cxt 0] Deparser 'deparser': end
[10:19:25.982] [bmv2] [D] [thread 7828] [31.0] [cxt 0] Transmitting packet of size 110 out of port 0
[10:19:26.038] [bmv2] [D] [thread 7823] [32.0] [cxt 0] Processing packet received on port 4
[10:19:26.038] [bmv2] [D] [thread 7823] [32.0] [cxt 0] Parser 'parser': start
[10:19:26.038] [bmv2] [D] [thread 7823] [32.0] [cxt 0] Parser 'parser' entering state 'start'
[10:19:26.038] [bmv2] [D] [thread 7823] [32.0] [cxt 0] Extracting header 'ethernet'
[10:19:26.038] [bmv2] [D] [thread 7823] [32.0] [cxt 0] Parser state 'start': key is 86dd
[10:19:26.038] [bmv2] [T] [thread 7823] [32.0] [cxt 0] Bytes parsed: 14
[10:19:26.038] [bmv2] [D] [thread 7823] [32.0] [cxt 0] Parser 'parser': end
[10:19:26.039] [bmv2] [D] [thread 7823] [32.0] [cxt 0] Pipeline 'ingress': start
[10:19:26.039] [bmv2] [T] [thread 7823] [32.0] [cxt 0] basic.p4(173) Condition "hdr.ipv4.isValid()" (node_2) is false
[10:19:26.039] [bmv2] [D] [thread 7823] [32.0] [cxt 0] Pipeline 'ingress': end
[10:19:26.039] [bmv2] [D] [thread 7823] [32.0] [cxt 0] Egress port is 0
[10:19:26.040] [bmv2] [D] [thread 7824] [32.0] [cxt 0] Pipeline 'egress': start
[10:19:26.040] [bmv2] [D] [thread 7824] [32.0] [cxt 0] Pipeline 'egress': end
[10:19:26.040] [bmv2] [D] [thread 7824] [32.0] [cxt 0] Deparser 'deparser': start
[10:19:26.040] [bmv2] [T] [thread 7824] [32.0] [cxt 0] Skipping checksum 'cksum' update because condition not met
[10:19:26.040] [bmv2] [D] [thread 7824] [32.0] [cxt 0] Deparsing header 'ethernet'
[10:19:26.040] [bmv2] [D] [thread 7824] [32.0] [cxt 0] Deparser 'deparser': end
[10:19:26.042] [bmv2] [D] [thread 7823] [33.0] [cxt 0] Processing packet received on port 2
[10:19:26.042] [bmv2] [D] [thread 7823] [33.0] [cxt 0] Parser 'parser': start
[10:19:26.042] [bmv2] [D] [thread 7823] [33.0] [cxt 0] Parser 'parser' entering state 'start'
[10:19:26.042] [bmv2] [D] [thread 7823] [33.0] [cxt 0] Extracting header 'ethernet'
[10:19:26.042] [bmv2] [D] [thread 7828] [32.0] [cxt 0] Transmitting packet of size 211 out of port 0
[10:19:26.042] [bmv2] [D] [thread 7823] [33.0] [cxt 0] Parser state 'start': key is 86dd
[10:19:26.042] [bmv2] [T] [thread 7823] [33.0] [cxt 0] Bytes parsed: 14
[10:19:26.042] [bmv2] [D] [thread 7823] [33.0] [cxt 0] Parser 'parser': end
[10:19:26.042] [bmv2] [D] [thread 7823] [33.0] [cxt 0] Pipeline 'ingress': start
[10:19:26.042] [bmv2] [T] [thread 7823] [33.0] [cxt 0] basic.p4(173) Condition "hdr.ipv4.isValid()" (node_2) is false
[10:19:26.042] [bmv2] [D] [thread 7823] [33.0] [cxt 0] Pipeline 'ingress': end
[10:19:26.042] [bmv2] [D] [thread 7823] [33.0] [cxt 0] Egress port is 0
[10:19:26.043] [bmv2] [D] [thread 7824] [33.0] [cxt 0] Pipeline 'egress': start
[10:19:26.043] [bmv2] [D] [thread 7824] [33.0] [cxt 0] Pipeline 'egress': end
[10:19:26.043] [bmv2] [D] [thread 7824] [33.0] [cxt 0] Deparser 'deparser': start
[10:19:26.043] [bmv2] [T] [thread 7824] [33.0] [cxt 0] Skipping checksum 'cksum' update because condition not met
[10:19:26.043] [bmv2] [D] [thread 7824] [33.0] [cxt 0] Deparsing header 'ethernet'
[10:19:26.043] [bmv2] [D] [thread 7824] [33.0] [cxt 0] Deparser 'deparser': end
[10:19:26.043] [bmv2] [D] [thread 7828] [33.0] [cxt 0] Transmitting packet of size 199 out of port 0
[10:19:26.060] [bmv2] [D] [thread 7823] [34.0] [cxt 0] Processing packet received on port 4
[10:19:26.060] [bmv2] [D] [thread 7823] [34.0] [cxt 0] Parser 'parser': start
[10:19:26.060] [bmv2] [D] [thread 7823] [34.0] [cxt 0] Parser 'parser' entering state 'start'
[10:19:26.060] [bmv2] [D] [thread 7823] [34.0] [cxt 0] Extracting header 'ethernet'
[10:19:26.060] [bmv2] [D] [thread 7823] [34.0] [cxt 0] Parser state 'start': key is 86dd
[10:19:26.060] [bmv2] [T] [thread 7823] [34.0] [cxt 0] Bytes parsed: 14
[10:19:26.060] [bmv2] [D] [thread 7823] [34.0] [cxt 0] Parser 'parser': end
[10:19:26.060] [bmv2] [D] [thread 7823] [34.0] [cxt 0] Pipeline 'ingress': start
[10:19:26.060] [bmv2] [T] [thread 7823] [34.0] [cxt 0] basic.p4(173) Condition "hdr.ipv4.isValid()" (node_2) is false
[10:19:26.060] [bmv2] [D] [thread 7823] [34.0] [cxt 0] Pipeline 'ingress': end
[10:19:26.060] [bmv2] [D] [thread 7823] [34.0] [cxt 0] Egress port is 0
[10:19:26.061] [bmv2] [D] [thread 7824] [34.0] [cxt 0] Pipeline 'egress': start
[10:19:26.061] [bmv2] [D] [thread 7824] [34.0] [cxt 0] Pipeline 'egress': end
[10:19:26.061] [bmv2] [D] [thread 7824] [34.0] [cxt 0] Deparser 'deparser': start
[10:19:26.061] [bmv2] [T] [thread 7824] [34.0] [cxt 0] Skipping checksum 'cksum' update because condition not met
[10:19:26.061] [bmv2] [D] [thread 7824] [34.0] [cxt 0] Deparsing header 'ethernet'
[10:19:26.061] [bmv2] [D] [thread 7824] [34.0] [cxt 0] Deparser 'deparser': end
[10:19:26.061] [bmv2] [D] [thread 7828] [34.0] [cxt 0] Transmitting packet of size 110 out of port 0
[10:19:26.095] [bmv2] [D] [thread 7823] [35.0] [cxt 0] Processing packet received on port 1
[10:19:26.095] [bmv2] [D] [thread 7823] [35.0] [cxt 0] Parser 'parser': start
[10:19:26.095] [bmv2] [D] [thread 7823] [35.0] [cxt 0] Parser 'parser' entering state 'start'
[10:19:26.095] [bmv2] [D] [thread 7823] [35.0] [cxt 0] Extracting header 'ethernet'
[10:19:26.095] [bmv2] [D] [thread 7823] [35.0] [cxt 0] Parser state 'start': key is 86dd
[10:19:26.095] [bmv2] [T] [thread 7823] [35.0] [cxt 0] Bytes parsed: 14
[10:19:26.095] [bmv2] [D] [thread 7823] [35.0] [cxt 0] Parser 'parser': end
[10:19:26.095] [bmv2] [D] [thread 7823] [35.0] [cxt 0] Pipeline 'ingress': start
[10:19:26.095] [bmv2] [T] [thread 7823] [35.0] [cxt 0] basic.p4(173) Condition "hdr.ipv4.isValid()" (node_2) is false
[10:19:26.095] [bmv2] [D] [thread 7823] [35.0] [cxt 0] Pipeline 'ingress': end
[10:19:26.095] [bmv2] [D] [thread 7823] [35.0] [cxt 0] Egress port is 0
[10:19:26.096] [bmv2] [D] [thread 7823] [36.0] [cxt 0] Processing packet received on port 4
[10:19:26.096] [bmv2] [D] [thread 7823] [36.0] [cxt 0] Parser 'parser': start
[10:19:26.096] [bmv2] [D] [thread 7823] [36.0] [cxt 0] Parser 'parser' entering state 'start'
[10:19:26.096] [bmv2] [D] [thread 7823] [36.0] [cxt 0] Extracting header 'ethernet'
[10:19:26.096] [bmv2] [D] [thread 7823] [36.0] [cxt 0] Parser state 'start': key is 86dd
[10:19:26.096] [bmv2] [T] [thread 7823] [36.0] [cxt 0] Bytes parsed: 14
[10:19:26.096] [bmv2] [D] [thread 7823] [36.0] [cxt 0] Parser 'parser': end
[10:19:26.096] [bmv2] [D] [thread 7823] [36.0] [cxt 0] Pipeline 'ingress': start
[10:19:26.096] [bmv2] [T] [thread 7823] [36.0] [cxt 0] basic.p4(173) Condition "hdr.ipv4.isValid()" (node_2) is false
[10:19:26.096] [bmv2] [D] [thread 7823] [36.0] [cxt 0] Pipeline 'ingress': end
[10:19:26.096] [bmv2] [D] [thread 7823] [36.0] [cxt 0] Egress port is 0
[10:19:26.096] [bmv2] [D] [thread 7824] [35.0] [cxt 0] Pipeline 'egress': start
[10:19:26.096] [bmv2] [D] [thread 7824] [35.0] [cxt 0] Pipeline 'egress': end
[10:19:26.096] [bmv2] [D] [thread 7824] [35.0] [cxt 0] Deparser 'deparser': start
[10:19:26.096] [bmv2] [T] [thread 7824] [35.0] [cxt 0] Skipping checksum 'cksum' update because condition not met
[10:19:26.096] [bmv2] [D] [thread 7824] [35.0] [cxt 0] Deparsing header 'ethernet'
[10:19:26.096] [bmv2] [D] [thread 7824] [35.0] [cxt 0] Deparser 'deparser': end
[10:19:26.096] [bmv2] [D] [thread 7828] [35.0] [cxt 0] Transmitting packet of size 211 out of port 0
[10:19:26.096] [bmv2] [D] [thread 7824] [36.0] [cxt 0] Pipeline 'egress': start
[10:19:26.096] [bmv2] [D] [thread 7824] [36.0] [cxt 0] Pipeline 'egress': end
[10:19:26.096] [bmv2] [D] [thread 7824] [36.0] [cxt 0] Deparser 'deparser': start
[10:19:26.096] [bmv2] [T] [thread 7824] [36.0] [cxt 0] Skipping checksum 'cksum' update because condition not met
[10:19:26.096] [bmv2] [D] [thread 7824] [36.0] [cxt 0] Deparsing header 'ethernet'
[10:19:26.096] [bmv2] [D] [thread 7824] [36.0] [cxt 0] Deparser 'deparser': end
[10:19:26.096] [bmv2] [D] [thread 7828] [36.0] [cxt 0] Transmitting packet of size 211 out of port 0
[10:19:26.154] [bmv2] [D] [thread 7823] [37.0] [cxt 0] Processing packet received on port 3
[10:19:26.154] [bmv2] [D] [thread 7823] [37.0] [cxt 0] Parser 'parser': start
[10:19:26.154] [bmv2] [D] [thread 7823] [37.0] [cxt 0] Parser 'parser' entering state 'start'
[10:19:26.154] [bmv2] [D] [thread 7823] [37.0] [cxt 0] Extracting header 'ethernet'
[10:19:26.154] [bmv2] [D] [thread 7823] [37.0] [cxt 0] Parser state 'start': key is 86dd
[10:19:26.154] [bmv2] [T] [thread 7823] [37.0] [cxt 0] Bytes parsed: 14
[10:19:26.154] [bmv2] [D] [thread 7823] [37.0] [cxt 0] Parser 'parser': end
[10:19:26.154] [bmv2] [D] [thread 7823] [37.0] [cxt 0] Pipeline 'ingress': start
[10:19:26.154] [bmv2] [T] [thread 7823] [37.0] [cxt 0] basic.p4(173) Condition "hdr.ipv4.isValid()" (node_2) is false
[10:19:26.154] [bmv2] [D] [thread 7823] [37.0] [cxt 0] Pipeline 'ingress': end
[10:19:26.154] [bmv2] [D] [thread 7823] [37.0] [cxt 0] Egress port is 0
[10:19:26.154] [bmv2] [D] [thread 7823] [38.0] [cxt 0] Processing packet received on port 2
[10:19:26.154] [bmv2] [D] [thread 7823] [38.0] [cxt 0] Parser 'parser': start
[10:19:26.154] [bmv2] [D] [thread 7823] [38.0] [cxt 0] Parser 'parser' entering state 'start'
[10:19:26.154] [bmv2] [D] [thread 7823] [38.0] [cxt 0] Extracting header 'ethernet'
[10:19:26.154] [bmv2] [D] [thread 7823] [38.0] [cxt 0] Parser state 'start': key is 86dd
[10:19:26.154] [bmv2] [T] [thread 7823] [38.0] [cxt 0] Bytes parsed: 14
[10:19:26.154] [bmv2] [D] [thread 7823] [38.0] [cxt 0] Parser 'parser': end
[10:19:26.155] [bmv2] [D] [thread 7823] [38.0] [cxt 0] Pipeline 'ingress': start
[10:19:26.155] [bmv2] [D] [thread 7824] [37.0] [cxt 0] Pipeline 'egress': start
[10:19:26.155] [bmv2] [D] [thread 7824] [37.0] [cxt 0] Pipeline 'egress': end
[10:19:26.155] [bmv2] [D] [thread 7824] [37.0] [cxt 0] Deparser 'deparser': start
[10:19:26.155] [bmv2] [T] [thread 7824] [37.0] [cxt 0] Skipping checksum 'cksum' update because condition not met
[10:19:26.155] [bmv2] [D] [thread 7824] [37.0] [cxt 0] Deparsing header 'ethernet'
[10:19:26.155] [bmv2] [D] [thread 7824] [37.0] [cxt 0] Deparser 'deparser': end
[10:19:26.155] [bmv2] [D] [thread 7828] [37.0] [cxt 0] Transmitting packet of size 211 out of port 0
[10:19:26.155] [bmv2] [T] [thread 7823] [38.0] [cxt 0] basic.p4(173) Condition "hdr.ipv4.isValid()" (node_2) is false
[10:19:26.155] [bmv2] [D] [thread 7823] [38.0] [cxt 0] Pipeline 'ingress': end
[10:19:26.155] [bmv2] [D] [thread 7823] [38.0] [cxt 0] Egress port is 0
[10:19:26.155] [bmv2] [D] [thread 7824] [38.0] [cxt 0] Pipeline 'egress': start
[10:19:26.155] [bmv2] [D] [thread 7824] [38.0] [cxt 0] Pipeline 'egress': end
[10:19:26.155] [bmv2] [D] [thread 7824] [38.0] [cxt 0] Deparser 'deparser': start
[10:19:26.155] [bmv2] [T] [thread 7824] [38.0] [cxt 0] Skipping checksum 'cksum' update because condition not met
[10:19:26.155] [bmv2] [D] [thread 7824] [38.0] [cxt 0] Deparsing header 'ethernet'
[10:19:26.155] [bmv2] [D] [thread 7824] [38.0] [cxt 0] Deparser 'deparser': end
[10:19:26.156] [bmv2] [D] [thread 7828] [38.0] [cxt 0] Transmitting packet of size 90 out of port 0
[10:19:26.232] [bmv2] [D] [thread 7823] [39.0] [cxt 0] Processing packet received on port 3
[10:19:26.232] [bmv2] [D] [thread 7823] [39.0] [cxt 0] Parser 'parser': start
[10:19:26.232] [bmv2] [D] [thread 7823] [39.0] [cxt 0] Parser 'parser' entering state 'start'
[10:19:26.232] [bmv2] [D] [thread 7823] [39.0] [cxt 0] Extracting header 'ethernet'
[10:19:26.232] [bmv2] [D] [thread 7823] [39.0] [cxt 0] Parser state 'start': key is 86dd
[10:19:26.232] [bmv2] [T] [thread 7823] [39.0] [cxt 0] Bytes parsed: 14
[10:19:26.232] [bmv2] [D] [thread 7823] [39.0] [cxt 0] Parser 'parser': end
[10:19:26.232] [bmv2] [D] [thread 7823] [39.0] [cxt 0] Pipeline 'ingress': start
[10:19:26.232] [bmv2] [T] [thread 7823] [39.0] [cxt 0] basic.p4(173) Condition "hdr.ipv4.isValid()" (node_2) is false
[10:19:26.232] [bmv2] [D] [thread 7823] [39.0] [cxt 0] Pipeline 'ingress': end
[10:19:26.232] [bmv2] [D] [thread 7823] [39.0] [cxt 0] Egress port is 0
[10:19:26.233] [bmv2] [D] [thread 7824] [39.0] [cxt 0] Pipeline 'egress': start
[10:19:26.233] [bmv2] [D] [thread 7824] [39.0] [cxt 0] Pipeline 'egress': end
[10:19:26.233] [bmv2] [D] [thread 7824] [39.0] [cxt 0] Deparser 'deparser': start
[10:19:26.233] [bmv2] [T] [thread 7824] [39.0] [cxt 0] Skipping checksum 'cksum' update because condition not met
[10:19:26.233] [bmv2] [D] [thread 7824] [39.0] [cxt 0] Deparsing header 'ethernet'
[10:19:26.233] [bmv2] [D] [thread 7824] [39.0] [cxt 0] Deparser 'deparser': end
[10:19:26.233] [bmv2] [D] [thread 7828] [39.0] [cxt 0] Transmitting packet of size 211 out of port 0
[10:19:26.275] [bmv2] [D] [thread 7823] [40.0] [cxt 0] Processing packet received on port 3
[10:19:26.275] [bmv2] [D] [thread 7823] [40.0] [cxt 0] Parser 'parser': start
[10:19:26.275] [bmv2] [D] [thread 7823] [40.0] [cxt 0] Parser 'parser' entering state 'start'
[10:19:26.275] [bmv2] [D] [thread 7823] [40.0] [cxt 0] Extracting header 'ethernet'
[10:19:26.275] [bmv2] [D] [thread 7823] [40.0] [cxt 0] Parser state 'start': key is 86dd
[10:19:26.275] [bmv2] [T] [thread 7823] [40.0] [cxt 0] Bytes parsed: 14
[10:19:26.275] [bmv2] [D] [thread 7823] [40.0] [cxt 0] Parser 'parser': end
[10:19:26.275] [bmv2] [D] [thread 7823] [40.0] [cxt 0] Pipeline 'ingress': start
[10:19:26.275] [bmv2] [T] [thread 7823] [40.0] [cxt 0] basic.p4(173) Condition "hdr.ipv4.isValid()" (node_2) is false
[10:19:26.275] [bmv2] [D] [thread 7823] [40.0] [cxt 0] Pipeline 'ingress': end
[10:19:26.275] [bmv2] [D] [thread 7823] [40.0] [cxt 0] Egress port is 0
[10:19:26.275] [bmv2] [D] [thread 7824] [40.0] [cxt 0] Pipeline 'egress': start
[10:19:26.275] [bmv2] [D] [thread 7824] [40.0] [cxt 0] Pipeline 'egress': end
[10:19:26.275] [bmv2] [D] [thread 7824] [40.0] [cxt 0] Deparser 'deparser': start
[10:19:26.275] [bmv2] [T] [thread 7824] [40.0] [cxt 0] Skipping checksum 'cksum' update because condition not met
[10:19:26.275] [bmv2] [D] [thread 7824] [40.0] [cxt 0] Deparsing header 'ethernet'
[10:19:26.275] [bmv2] [D] [thread 7824] [40.0] [cxt 0] Deparser 'deparser': end
[10:19:26.275] [bmv2] [D] [thread 7828] [40.0] [cxt 0] Transmitting packet of size 90 out of port 0
[10:19:26.283] [bmv2] [D] [thread 7823] [41.0] [cxt 0] Processing packet received on port 4
[10:19:26.283] [bmv2] [D] [thread 7823] [41.0] [cxt 0] Parser 'parser': start
[10:19:26.283] [bmv2] [D] [thread 7823] [41.0] [cxt 0] Parser 'parser' entering state 'start'
[10:19:26.283] [bmv2] [D] [thread 7823] [41.0] [cxt 0] Extracting header 'ethernet'
[10:19:26.283] [bmv2] [D] [thread 7823] [41.0] [cxt 0] Parser state 'start': key is 86dd
[10:19:26.283] [bmv2] [T] [thread 7823] [41.0] [cxt 0] Bytes parsed: 14
[10:19:26.283] [bmv2] [D] [thread 7823] [41.0] [cxt 0] Parser 'parser': end
[10:19:26.283] [bmv2] [D] [thread 7823] [41.0] [cxt 0] Pipeline 'ingress': start
[10:19:26.283] [bmv2] [T] [thread 7823] [41.0] [cxt 0] basic.p4(173) Condition "hdr.ipv4.isValid()" (node_2) is false
[10:19:26.283] [bmv2] [D] [thread 7823] [41.0] [cxt 0] Pipeline 'ingress': end
[10:19:26.283] [bmv2] [D] [thread 7823] [41.0] [cxt 0] Egress port is 0
[10:19:26.284] [bmv2] [D] [thread 7823] [42.0] [cxt 0] Processing packet received on port 3
[10:19:26.284] [bmv2] [D] [thread 7823] [42.0] [cxt 0] Parser 'parser': start
[10:19:26.284] [bmv2] [D] [thread 7823] [42.0] [cxt 0] Parser 'parser' entering state 'start'
[10:19:26.284] [bmv2] [D] [thread 7823] [42.0] [cxt 0] Extracting header 'ethernet'
[10:19:26.284] [bmv2] [D] [thread 7823] [42.0] [cxt 0] Parser state 'start': key is 86dd
[10:19:26.284] [bmv2] [T] [thread 7823] [42.0] [cxt 0] Bytes parsed: 14
[10:19:26.284] [bmv2] [D] [thread 7823] [42.0] [cxt 0] Parser 'parser': end
[10:19:26.284] [bmv2] [D] [thread 7823] [42.0] [cxt 0] Pipeline 'ingress': start
[10:19:26.284] [bmv2] [T] [thread 7823] [42.0] [cxt 0] basic.p4(173) Condition "hdr.ipv4.isValid()" (node_2) is false
[10:19:26.284] [bmv2] [D] [thread 7823] [42.0] [cxt 0] Pipeline 'ingress': end
[10:19:26.284] [bmv2] [D] [thread 7823] [42.0] [cxt 0] Egress port is 0
[10:19:26.284] [bmv2] [D] [thread 7824] [41.0] [cxt 0] Pipeline 'egress': start
[10:19:26.284] [bmv2] [D] [thread 7824] [41.0] [cxt 0] Pipeline 'egress': end
[10:19:26.284] [bmv2] [D] [thread 7824] [41.0] [cxt 0] Deparser 'deparser': start
[10:19:26.284] [bmv2] [T] [thread 7824] [41.0] [cxt 0] Skipping checksum 'cksum' update because condition not met
[10:19:26.284] [bmv2] [D] [thread 7824] [41.0] [cxt 0] Deparsing header 'ethernet'
[10:19:26.284] [bmv2] [D] [thread 7824] [41.0] [cxt 0] Deparser 'deparser': end
[10:19:26.284] [bmv2] [D] [thread 7828] [41.0] [cxt 0] Transmitting packet of size 211 out of port 0
[10:19:26.284] [bmv2] [D] [thread 7824] [42.0] [cxt 0] Pipeline 'egress': start
[10:19:26.284] [bmv2] [D] [thread 7824] [42.0] [cxt 0] Pipeline 'egress': end
[10:19:26.284] [bmv2] [D] [thread 7824] [42.0] [cxt 0] Deparser 'deparser': start
[10:19:26.284] [bmv2] [T] [thread 7824] [42.0] [cxt 0] Skipping checksum 'cksum' update because condition not met
[10:19:26.284] [bmv2] [D] [thread 7824] [42.0] [cxt 0] Deparsing header 'ethernet'
[10:19:26.284] [bmv2] [D] [thread 7824] [42.0] [cxt 0] Deparser 'deparser': end
[10:19:26.284] [bmv2] [D] [thread 7828] [42.0] [cxt 0] Transmitting packet of size 110 out of port 0
[10:19:26.306] [bmv2] [D] [thread 7823] [43.0] [cxt 0] Processing packet received on port 2
[10:19:26.306] [bmv2] [D] [thread 7823] [43.0] [cxt 0] Parser 'parser': start
[10:19:26.306] [bmv2] [D] [thread 7823] [43.0] [cxt 0] Parser 'parser' entering state 'start'
[10:19:26.306] [bmv2] [D] [thread 7823] [43.0] [cxt 0] Extracting header 'ethernet'
[10:19:26.306] [bmv2] [D] [thread 7823] [43.0] [cxt 0] Parser state 'start': key is 86dd
[10:19:26.306] [bmv2] [T] [thread 7823] [43.0] [cxt 0] Bytes parsed: 14
[10:19:26.306] [bmv2] [D] [thread 7823] [43.0] [cxt 0] Parser 'parser': end
[10:19:26.306] [bmv2] [D] [thread 7823] [43.0] [cxt 0] Pipeline 'ingress': start
[10:19:26.306] [bmv2] [T] [thread 7823] [43.0] [cxt 0] basic.p4(173) Condition "hdr.ipv4.isValid()" (node_2) is false
[10:19:26.306] [bmv2] [D] [thread 7823] [43.0] [cxt 0] Pipeline 'ingress': end
[10:19:26.306] [bmv2] [D] [thread 7823] [43.0] [cxt 0] Egress port is 0
[10:19:26.306] [bmv2] [D] [thread 7824] [43.0] [cxt 0] Pipeline 'egress': start
[10:19:26.306] [bmv2] [D] [thread 7824] [43.0] [cxt 0] Pipeline 'egress': end
[10:19:26.306] [bmv2] [D] [thread 7824] [43.0] [cxt 0] Deparser 'deparser': start
[10:19:26.306] [bmv2] [T] [thread 7824] [43.0] [cxt 0] Skipping checksum 'cksum' update because condition not met
[10:19:26.306] [bmv2] [D] [thread 7824] [43.0] [cxt 0] Deparsing header 'ethernet'
[10:19:26.306] [bmv2] [D] [thread 7824] [43.0] [cxt 0] Deparser 'deparser': end
[10:19:26.306] [bmv2] [D] [thread 7828] [43.0] [cxt 0] Transmitting packet of size 107 out of port 0
[10:19:26.346] [bmv2] [D] [thread 7823] [44.0] [cxt 0] Processing packet received on port 1
[10:19:26.346] [bmv2] [D] [thread 7823] [44.0] [cxt 0] Parser 'parser': start
[10:19:26.346] [bmv2] [D] [thread 7823] [44.0] [cxt 0] Parser 'parser' entering state 'start'
[10:19:26.346] [bmv2] [D] [thread 7823] [44.0] [cxt 0] Extracting header 'ethernet'
[10:19:26.346] [bmv2] [D] [thread 7823] [44.0] [cxt 0] Parser state 'start': key is 86dd
[10:19:26.346] [bmv2] [T] [thread 7823] [44.0] [cxt 0] Bytes parsed: 14
[10:19:26.346] [bmv2] [D] [thread 7823] [44.0] [cxt 0] Parser 'parser': end
[10:19:26.346] [bmv2] [D] [thread 7823] [44.0] [cxt 0] Pipeline 'ingress': start
[10:19:26.346] [bmv2] [T] [thread 7823] [44.0] [cxt 0] basic.p4(173) Condition "hdr.ipv4.isValid()" (node_2) is false
[10:19:26.346] [bmv2] [D] [thread 7823] [44.0] [cxt 0] Pipeline 'ingress': end
[10:19:26.346] [bmv2] [D] [thread 7823] [44.0] [cxt 0] Egress port is 0
[10:19:26.346] [bmv2] [D] [thread 7823] [45.0] [cxt 0] Processing packet received on port 4
[10:19:26.347] [bmv2] [D] [thread 7823] [45.0] [cxt 0] Parser 'parser': start
[10:19:26.347] [bmv2] [D] [thread 7823] [45.0] [cxt 0] Parser 'parser' entering state 'start'
[10:19:26.347] [bmv2] [D] [thread 7823] [45.0] [cxt 0] Extracting header 'ethernet'
[10:19:26.347] [bmv2] [D] [thread 7823] [45.0] [cxt 0] Parser state 'start': key is 86dd
[10:19:26.347] [bmv2] [T] [thread 7823] [45.0] [cxt 0] Bytes parsed: 14
[10:19:26.347] [bmv2] [D] [thread 7823] [45.0] [cxt 0] Parser 'parser': end
[10:19:26.347] [bmv2] [D] [thread 7823] [45.0] [cxt 0] Pipeline 'ingress': start
[10:19:26.347] [bmv2] [T] [thread 7823] [45.0] [cxt 0] basic.p4(173) Condition "hdr.ipv4.isValid()" (node_2) is false
[10:19:26.347] [bmv2] [D] [thread 7823] [45.0] [cxt 0] Pipeline 'ingress': end
[10:19:26.347] [bmv2] [D] [thread 7823] [45.0] [cxt 0] Egress port is 0
[10:19:26.347] [bmv2] [D] [thread 7824] [44.0] [cxt 0] Pipeline 'egress': start
[10:19:26.347] [bmv2] [D] [thread 7824] [44.0] [cxt 0] Pipeline 'egress': end
[10:19:26.347] [bmv2] [D] [thread 7824] [44.0] [cxt 0] Deparser 'deparser': start
[10:19:26.347] [bmv2] [T] [thread 7824] [44.0] [cxt 0] Skipping checksum 'cksum' update because condition not met
[10:19:26.347] [bmv2] [D] [thread 7824] [44.0] [cxt 0] Deparsing header 'ethernet'
[10:19:26.347] [bmv2] [D] [thread 7824] [44.0] [cxt 0] Deparser 'deparser': end
[10:19:26.347] [bmv2] [D] [thread 7828] [44.0] [cxt 0] Transmitting packet of size 211 out of port 0
[10:19:26.347] [bmv2] [D] [thread 7824] [45.0] [cxt 0] Pipeline 'egress': start
[10:19:26.347] [bmv2] [D] [thread 7824] [45.0] [cxt 0] Pipeline 'egress': end
[10:19:26.347] [bmv2] [D] [thread 7824] [45.0] [cxt 0] Deparser 'deparser': start
[10:19:26.347] [bmv2] [T] [thread 7824] [45.0] [cxt 0] Skipping checksum 'cksum' update because condition not met
[10:19:26.347] [bmv2] [D] [thread 7824] [45.0] [cxt 0] Deparsing header 'ethernet'
[10:19:26.347] [bmv2] [D] [thread 7824] [45.0] [cxt 0] Deparser 'deparser': end
[10:19:26.347] [bmv2] [D] [thread 7828] [45.0] [cxt 0] Transmitting packet of size 211 out of port 0
[10:19:26.353] [bmv2] [D] [thread 7823] [46.0] [cxt 0] Processing packet received on port 3
[10:19:26.353] [bmv2] [D] [thread 7823] [46.0] [cxt 0] Parser 'parser': start
[10:19:26.353] [bmv2] [D] [thread 7823] [46.0] [cxt 0] Parser 'parser' entering state 'start'
[10:19:26.353] [bmv2] [D] [thread 7823] [46.0] [cxt 0] Extracting header 'ethernet'
[10:19:26.353] [bmv2] [D] [thread 7823] [46.0] [cxt 0] Parser state 'start': key is 86dd
[10:19:26.353] [bmv2] [T] [thread 7823] [46.0] [cxt 0] Bytes parsed: 14
[10:19:26.353] [bmv2] [D] [thread 7823] [46.0] [cxt 0] Parser 'parser': end
[10:19:26.353] [bmv2] [D] [thread 7823] [46.0] [cxt 0] Pipeline 'ingress': start
[10:19:26.353] [bmv2] [T] [thread 7823] [46.0] [cxt 0] basic.p4(173) Condition "hdr.ipv4.isValid()" (node_2) is false
[10:19:26.353] [bmv2] [D] [thread 7823] [46.0] [cxt 0] Pipeline 'ingress': end
[10:19:26.353] [bmv2] [D] [thread 7823] [46.0] [cxt 0] Egress port is 0
[10:19:26.353] [bmv2] [D] [thread 7824] [46.0] [cxt 0] Pipeline 'egress': start
[10:19:26.353] [bmv2] [D] [thread 7824] [46.0] [cxt 0] Pipeline 'egress': end
[10:19:26.353] [bmv2] [D] [thread 7824] [46.0] [cxt 0] Deparser 'deparser': start
[10:19:26.353] [bmv2] [T] [thread 7824] [46.0] [cxt 0] Skipping checksum 'cksum' update because condition not met
[10:19:26.353] [bmv2] [D] [thread 7824] [46.0] [cxt 0] Deparsing header 'ethernet'
[10:19:26.353] [bmv2] [D] [thread 7824] [46.0] [cxt 0] Deparser 'deparser': end
[10:19:26.353] [bmv2] [D] [thread 7828] [46.0] [cxt 0] Transmitting packet of size 199 out of port 0
[10:19:26.414] [bmv2] [D] [thread 7823] [47.0] [cxt 0] Processing packet received on port 4
[10:19:26.414] [bmv2] [D] [thread 7823] [47.0] [cxt 0] Parser 'parser': start
[10:19:26.414] [bmv2] [D] [thread 7823] [47.0] [cxt 0] Parser 'parser' entering state 'start'
[10:19:26.414] [bmv2] [D] [thread 7823] [47.0] [cxt 0] Extracting header 'ethernet'
[10:19:26.414] [bmv2] [D] [thread 7823] [47.0] [cxt 0] Parser state 'start': key is 86dd
[10:19:26.418] [bmv2] [T] [thread 7823] [47.0] [cxt 0] Bytes parsed: 14
[10:19:26.418] [bmv2] [D] [thread 7823] [47.0] [cxt 0] Parser 'parser': end
[10:19:26.419] [bmv2] [D] [thread 7823] [47.0] [cxt 0] Pipeline 'ingress': start
[10:19:26.419] [bmv2] [T] [thread 7823] [47.0] [cxt 0] basic.p4(173) Condition "hdr.ipv4.isValid()" (node_2) is false
[10:19:26.419] [bmv2] [D] [thread 7823] [47.0] [cxt 0] Pipeline 'ingress': end
[10:19:26.419] [bmv2] [D] [thread 7823] [47.0] [cxt 0] Egress port is 0
[10:19:26.419] [bmv2] [D] [thread 7824] [47.0] [cxt 0] Pipeline 'egress': start
[10:19:26.419] [bmv2] [D] [thread 7824] [47.0] [cxt 0] Pipeline 'egress': end
[10:19:26.419] [bmv2] [D] [thread 7824] [47.0] [cxt 0] Deparser 'deparser': start
[10:19:26.419] [bmv2] [T] [thread 7824] [47.0] [cxt 0] Skipping checksum 'cksum' update because condition not met
[10:19:26.419] [bmv2] [D] [thread 7824] [47.0] [cxt 0] Deparsing header 'ethernet'
[10:19:26.419] [bmv2] [D] [thread 7824] [47.0] [cxt 0] Deparser 'deparser': end
[10:19:26.419] [bmv2] [D] [thread 7828] [47.0] [cxt 0] Transmitting packet of size 90 out of port 0
[10:19:26.484] [bmv2] [D] [thread 7823] [48.0] [cxt 0] Processing packet received on port 3
[10:19:26.484] [bmv2] [D] [thread 7823] [48.0] [cxt 0] Parser 'parser': start
[10:19:26.484] [bmv2] [D] [thread 7823] [48.0] [cxt 0] Parser 'parser' entering state 'start'
[10:19:26.484] [bmv2] [D] [thread 7823] [48.0] [cxt 0] Extracting header 'ethernet'
[10:19:26.484] [bmv2] [D] [thread 7823] [48.0] [cxt 0] Parser state 'start': key is 86dd
[10:19:26.484] [bmv2] [T] [thread 7823] [48.0] [cxt 0] Bytes parsed: 14
[10:19:26.484] [bmv2] [D] [thread 7823] [48.0] [cxt 0] Parser 'parser': end
[10:19:26.484] [bmv2] [D] [thread 7823] [48.0] [cxt 0] Pipeline 'ingress': start
[10:19:26.484] [bmv2] [T] [thread 7823] [48.0] [cxt 0] basic.p4(173) Condition "hdr.ipv4.isValid()" (node_2) is false
[10:19:26.484] [bmv2] [D] [thread 7823] [48.0] [cxt 0] Pipeline 'ingress': end
[10:19:26.484] [bmv2] [D] [thread 7823] [48.0] [cxt 0] Egress port is 0
[10:19:26.485] [bmv2] [D] [thread 7823] [49.0] [cxt 0] Processing packet received on port 4
[10:19:26.485] [bmv2] [D] [thread 7823] [49.0] [cxt 0] Parser 'parser': start
[10:19:26.485] [bmv2] [D] [thread 7823] [49.0] [cxt 0] Parser 'parser' entering state 'start'
[10:19:26.485] [bmv2] [D] [thread 7823] [49.0] [cxt 0] Extracting header 'ethernet'
[10:19:26.485] [bmv2] [D] [thread 7823] [49.0] [cxt 0] Parser state 'start': key is 86dd
[10:19:26.485] [bmv2] [T] [thread 7823] [49.0] [cxt 0] Bytes parsed: 14
[10:19:26.485] [bmv2] [D] [thread 7823] [49.0] [cxt 0] Parser 'parser': end
[10:19:26.485] [bmv2] [D] [thread 7823] [49.0] [cxt 0] Pipeline 'ingress': start
[10:19:26.485] [bmv2] [T] [thread 7823] [49.0] [cxt 0] basic.p4(173) Condition "hdr.ipv4.isValid()" (node_2) is false
[10:19:26.485] [bmv2] [D] [thread 7823] [49.0] [cxt 0] Pipeline 'ingress': end
[10:19:26.485] [bmv2] [D] [thread 7823] [49.0] [cxt 0] Egress port is 0
[10:19:26.485] [bmv2] [D] [thread 7824] [48.0] [cxt 0] Pipeline 'egress': start
[10:19:26.485] [bmv2] [D] [thread 7824] [48.0] [cxt 0] Pipeline 'egress': end
[10:19:26.485] [bmv2] [D] [thread 7824] [48.0] [cxt 0] Deparser 'deparser': start
[10:19:26.485] [bmv2] [T] [thread 7824] [48.0] [cxt 0] Skipping checksum 'cksum' update because condition not met
[10:19:26.485] [bmv2] [D] [thread 7824] [48.0] [cxt 0] Deparsing header 'ethernet'
[10:19:26.485] [bmv2] [D] [thread 7824] [48.0] [cxt 0] Deparser 'deparser': end
[10:19:26.485] [bmv2] [D] [thread 7828] [48.0] [cxt 0] Transmitting packet of size 211 out of port 0
[10:19:26.485] [bmv2] [D] [thread 7824] [49.0] [cxt 0] Pipeline 'egress': start
[10:19:26.485] [bmv2] [D] [thread 7824] [49.0] [cxt 0] Pipeline 'egress': end
[10:19:26.485] [bmv2] [D] [thread 7824] [49.0] [cxt 0] Deparser 'deparser': start
[10:19:26.485] [bmv2] [T] [thread 7824] [49.0] [cxt 0] Skipping checksum 'cksum' update because condition not met
[10:19:26.485] [bmv2] [D] [thread 7824] [49.0] [cxt 0] Deparsing header 'ethernet'
[10:19:26.485] [bmv2] [D] [thread 7824] [49.0] [cxt 0] Deparser 'deparser': end
[10:19:26.485] [bmv2] [D] [thread 7828] [49.0] [cxt 0] Transmitting packet of size 199 out of port 0
[10:19:26.550] [bmv2] [D] [thread 7823] [50.0] [cxt 0] Processing packet received on port 1
[10:19:26.550] [bmv2] [D] [thread 7823] [50.0] [cxt 0] Parser 'parser': start
[10:19:26.550] [bmv2] [D] [thread 7823] [50.0] [cxt 0] Parser 'parser' entering state 'start'
[10:19:26.550] [bmv2] [D] [thread 7823] [50.0] [cxt 0] Extracting header 'ethernet'
[10:19:26.550] [bmv2] [D] [thread 7823] [50.0] [cxt 0] Parser state 'start': key is 86dd
[10:19:26.550] [bmv2] [T] [thread 7823] [50.0] [cxt 0] Bytes parsed: 14
[10:19:26.550] [bmv2] [D] [thread 7823] [50.0] [cxt 0] Parser 'parser': end
[10:19:26.550] [bmv2] [D] [thread 7823] [50.0] [cxt 0] Pipeline 'ingress': start
[10:19:26.550] [bmv2] [T] [thread 7823] [50.0] [cxt 0] basic.p4(173) Condition "hdr.ipv4.isValid()" (node_2) is false
[10:19:26.550] [bmv2] [D] [thread 7823] [50.0] [cxt 0] Pipeline 'ingress': end
[10:19:26.550] [bmv2] [D] [thread 7823] [50.0] [cxt 0] Egress port is 0
[10:19:26.550] [bmv2] [D] [thread 7823] [51.0] [cxt 0] Processing packet received on port 4
[10:19:26.550] [bmv2] [D] [thread 7823] [51.0] [cxt 0] Parser 'parser': start
[10:19:26.550] [bmv2] [D] [thread 7823] [51.0] [cxt 0] Parser 'parser' entering state 'start'
[10:19:26.550] [bmv2] [D] [thread 7823] [51.0] [cxt 0] Extracting header 'ethernet'
[10:19:26.550] [bmv2] [D] [thread 7823] [51.0] [cxt 0] Parser state 'start': key is 86dd
[10:19:26.550] [bmv2] [T] [thread 7823] [51.0] [cxt 0] Bytes parsed: 14
[10:19:26.550] [bmv2] [D] [thread 7823] [51.0] [cxt 0] Parser 'parser': end
[10:19:26.550] [bmv2] [D] [thread 7823] [51.0] [cxt 0] Pipeline 'ingress': start
[10:19:26.550] [bmv2] [T] [thread 7823] [51.0] [cxt 0] basic.p4(173) Condition "hdr.ipv4.isValid()" (node_2) is false
[10:19:26.550] [bmv2] [D] [thread 7823] [51.0] [cxt 0] Pipeline 'ingress': end
[10:19:26.550] [bmv2] [D] [thread 7823] [51.0] [cxt 0] Egress port is 0
[10:19:26.550] [bmv2] [D] [thread 7824] [50.0] [cxt 0] Pipeline 'egress': start
[10:19:26.550] [bmv2] [D] [thread 7824] [50.0] [cxt 0] Pipeline 'egress': end
[10:19:26.550] [bmv2] [D] [thread 7824] [50.0] [cxt 0] Deparser 'deparser': start
[10:19:26.550] [bmv2] [T] [thread 7824] [50.0] [cxt 0] Skipping checksum 'cksum' update because condition not met
[10:19:26.550] [bmv2] [D] [thread 7824] [50.0] [cxt 0] Deparsing header 'ethernet'
[10:19:26.550] [bmv2] [D] [thread 7824] [50.0] [cxt 0] Deparser 'deparser': end
[10:19:26.550] [bmv2] [D] [thread 7828] [50.0] [cxt 0] Transmitting packet of size 199 out of port 0
[10:19:26.551] [bmv2] [D] [thread 7824] [51.0] [cxt 0] Pipeline 'egress': start
[10:19:26.551] [bmv2] [D] [thread 7824] [51.0] [cxt 0] Pipeline 'egress': end
[10:19:26.551] [bmv2] [D] [thread 7824] [51.0] [cxt 0] Deparser 'deparser': start
[10:19:26.551] [bmv2] [T] [thread 7824] [51.0] [cxt 0] Skipping checksum 'cksum' update because condition not met
[10:19:26.551] [bmv2] [D] [thread 7824] [51.0] [cxt 0] Deparsing header 'ethernet'
[10:19:26.551] [bmv2] [D] [thread 7824] [51.0] [cxt 0] Deparser 'deparser': end
[10:19:26.551] [bmv2] [D] [thread 7828] [51.0] [cxt 0] Transmitting packet of size 199 out of port 0
[10:19:26.607] [bmv2] [D] [thread 7823] [52.0] [cxt 0] Processing packet received on port 4
[10:19:26.607] [bmv2] [D] [thread 7823] [52.0] [cxt 0] Parser 'parser': start
[10:19:26.607] [bmv2] [D] [thread 7823] [52.0] [cxt 0] Parser 'parser' entering state 'start'
[10:19:26.607] [bmv2] [D] [thread 7823] [52.0] [cxt 0] Extracting header 'ethernet'
[10:19:26.607] [bmv2] [D] [thread 7823] [52.0] [cxt 0] Parser state 'start': key is 86dd
[10:19:26.607] [bmv2] [T] [thread 7823] [52.0] [cxt 0] Bytes parsed: 14
[10:19:26.607] [bmv2] [D] [thread 7823] [52.0] [cxt 0] Parser 'parser': end
[10:19:26.607] [bmv2] [D] [thread 7823] [52.0] [cxt 0] Pipeline 'ingress': start
[10:19:26.607] [bmv2] [T] [thread 7823] [52.0] [cxt 0] basic.p4(173) Condition "hdr.ipv4.isValid()" (node_2) is false
[10:19:26.607] [bmv2] [D] [thread 7823] [52.0] [cxt 0] Pipeline 'ingress': end
[10:19:26.607] [bmv2] [D] [thread 7823] [52.0] [cxt 0] Egress port is 0
[10:19:26.608] [bmv2] [D] [thread 7824] [52.0] [cxt 0] Pipeline 'egress': start
[10:19:26.608] [bmv2] [D] [thread 7824] [52.0] [cxt 0] Pipeline 'egress': end
[10:19:26.608] [bmv2] [D] [thread 7824] [52.0] [cxt 0] Deparser 'deparser': start
[10:19:26.608] [bmv2] [T] [thread 7824] [52.0] [cxt 0] Skipping checksum 'cksum' update because condition not met
[10:19:26.608] [bmv2] [D] [thread 7824] [52.0] [cxt 0] Deparsing header 'ethernet'
[10:19:26.608] [bmv2] [D] [thread 7824] [52.0] [cxt 0] Deparser 'deparser': end
[10:19:26.608] [bmv2] [D] [thread 7828] [52.0] [cxt 0] Transmitting packet of size 90 out of port 0
[10:19:26.631] [bmv2] [D] [thread 7823] [53.0] [cxt 0] Processing packet received on port 3
[10:19:26.631] [bmv2] [D] [thread 7823] [53.0] [cxt 0] Parser 'parser': start
[10:19:26.631] [bmv2] [D] [thread 7823] [53.0] [cxt 0] Parser 'parser' entering state 'start'
[10:19:26.631] [bmv2] [D] [thread 7823] [53.0] [cxt 0] Extracting header 'ethernet'
[10:19:26.631] [bmv2] [D] [thread 7823] [53.0] [cxt 0] Parser state 'start': key is 86dd
[10:19:26.631] [bmv2] [T] [thread 7823] [53.0] [cxt 0] Bytes parsed: 14
[10:19:26.631] [bmv2] [D] [thread 7823] [53.0] [cxt 0] Parser 'parser': end
[10:19:26.631] [bmv2] [D] [thread 7823] [53.0] [cxt 0] Pipeline 'ingress': start
[10:19:26.631] [bmv2] [T] [thread 7823] [53.0] [cxt 0] basic.p4(173) Condition "hdr.ipv4.isValid()" (node_2) is false
[10:19:26.631] [bmv2] [D] [thread 7823] [53.0] [cxt 0] Pipeline 'ingress': end
[10:19:26.631] [bmv2] [D] [thread 7823] [53.0] [cxt 0] Egress port is 0
[10:19:26.631] [bmv2] [D] [thread 7824] [53.0] [cxt 0] Pipeline 'egress': start
[10:19:26.631] [bmv2] [D] [thread 7824] [53.0] [cxt 0] Pipeline 'egress': end
[10:19:26.632] [bmv2] [D] [thread 7824] [53.0] [cxt 0] Deparser 'deparser': start
[10:19:26.632] [bmv2] [T] [thread 7824] [53.0] [cxt 0] Skipping checksum 'cksum' update because condition not met
[10:19:26.632] [bmv2] [D] [thread 7824] [53.0] [cxt 0] Deparsing header 'ethernet'
[10:19:26.632] [bmv2] [D] [thread 7824] [53.0] [cxt 0] Deparser 'deparser': end
[10:19:26.632] [bmv2] [D] [thread 7828] [53.0] [cxt 0] Transmitting packet of size 107 out of port 0
[10:19:26.686] [bmv2] [D] [thread 7823] [54.0] [cxt 0] Processing packet received on port 3
[10:19:26.686] [bmv2] [D] [thread 7823] [54.0] [cxt 0] Parser 'parser': start
[10:19:26.686] [bmv2] [D] [thread 7823] [54.0] [cxt 0] Parser 'parser' entering state 'start'
[10:19:26.686] [bmv2] [D] [thread 7823] [54.0] [cxt 0] Extracting header 'ethernet'
[10:19:26.686] [bmv2] [D] [thread 7823] [54.0] [cxt 0] Parser state 'start': key is 86dd
[10:19:26.686] [bmv2] [T] [thread 7823] [54.0] [cxt 0] Bytes parsed: 14
[10:19:26.686] [bmv2] [D] [thread 7823] [54.0] [cxt 0] Parser 'parser': end
[10:19:26.686] [bmv2] [D] [thread 7823] [54.0] [cxt 0] Pipeline 'ingress': start
[10:19:26.686] [bmv2] [T] [thread 7823] [54.0] [cxt 0] basic.p4(173) Condition "hdr.ipv4.isValid()" (node_2) is false
[10:19:26.686] [bmv2] [D] [thread 7823] [54.0] [cxt 0] Pipeline 'ingress': end
[10:19:26.686] [bmv2] [D] [thread 7823] [54.0] [cxt 0] Egress port is 0
[10:19:26.686] [bmv2] [D] [thread 7824] [54.0] [cxt 0] Pipeline 'egress': start
[10:19:26.686] [bmv2] [D] [thread 7824] [54.0] [cxt 0] Pipeline 'egress': end
[10:19:26.686] [bmv2] [D] [thread 7824] [54.0] [cxt 0] Deparser 'deparser': start
[10:19:26.686] [bmv2] [T] [thread 7824] [54.0] [cxt 0] Skipping checksum 'cksum' update because condition not met
[10:19:26.686] [bmv2] [D] [thread 7824] [54.0] [cxt 0] Deparsing header 'ethernet'
[10:19:26.686] [bmv2] [D] [thread 7824] [54.0] [cxt 0] Deparser 'deparser': end
[10:19:26.686] [bmv2] [D] [thread 7828] [54.0] [cxt 0] Transmitting packet of size 199 out of port 0
[10:19:26.750] [bmv2] [D] [thread 7823] [55.0] [cxt 0] Processing packet received on port 4
[10:19:26.750] [bmv2] [D] [thread 7823] [55.0] [cxt 0] Parser 'parser': start
[10:19:26.750] [bmv2] [D] [thread 7823] [55.0] [cxt 0] Parser 'parser' entering state 'start'
[10:19:26.750] [bmv2] [D] [thread 7823] [55.0] [cxt 0] Extracting header 'ethernet'
[10:19:26.751] [bmv2] [D] [thread 7823] [55.0] [cxt 0] Parser state 'start': key is 86dd
[10:19:26.751] [bmv2] [T] [thread 7823] [55.0] [cxt 0] Bytes parsed: 14
[10:19:26.751] [bmv2] [D] [thread 7823] [55.0] [cxt 0] Parser 'parser': end
[10:19:26.751] [bmv2] [D] [thread 7823] [55.0] [cxt 0] Pipeline 'ingress': start
[10:19:26.751] [bmv2] [T] [thread 7823] [55.0] [cxt 0] basic.p4(173) Condition "hdr.ipv4.isValid()" (node_2) is false
[10:19:26.751] [bmv2] [D] [thread 7823] [55.0] [cxt 0] Pipeline 'ingress': end
[10:19:26.751] [bmv2] [D] [thread 7823] [55.0] [cxt 0] Egress port is 0
[10:19:26.751] [bmv2] [D] [thread 7824] [55.0] [cxt 0] Pipeline 'egress': start
[10:19:26.751] [bmv2] [D] [thread 7824] [55.0] [cxt 0] Pipeline 'egress': end
[10:19:26.751] [bmv2] [D] [thread 7824] [55.0] [cxt 0] Deparser 'deparser': start
[10:19:26.751] [bmv2] [T] [thread 7824] [55.0] [cxt 0] Skipping checksum 'cksum' update because condition not met
[10:19:26.751] [bmv2] [D] [thread 7824] [55.0] [cxt 0] Deparsing header 'ethernet'
[10:19:26.751] [bmv2] [D] [thread 7824] [55.0] [cxt 0] Deparser 'deparser': end
[10:19:26.751] [bmv2] [D] [thread 7828] [55.0] [cxt 0] Transmitting packet of size 107 out of port 0
[10:19:26.832] [bmv2] [D] [thread 7823] [56.0] [cxt 0] Processing packet received on port 1
[10:19:26.832] [bmv2] [D] [thread 7823] [56.0] [cxt 0] Parser 'parser': start
[10:19:26.832] [bmv2] [D] [thread 7823] [56.0] [cxt 0] Parser 'parser' entering state 'start'
[10:19:26.832] [bmv2] [D] [thread 7823] [56.0] [cxt 0] Extracting header 'ethernet'
[10:19:26.833] [bmv2] [D] [thread 7823] [56.0] [cxt 0] Parser state 'start': key is 86dd
[10:19:26.833] [bmv2] [T] [thread 7823] [56.0] [cxt 0] Bytes parsed: 14
[10:19:26.833] [bmv2] [D] [thread 7823] [56.0] [cxt 0] Parser 'parser': end
[10:19:26.833] [bmv2] [D] [thread 7823] [56.0] [cxt 0] Pipeline 'ingress': start
[10:19:26.833] [bmv2] [T] [thread 7823] [56.0] [cxt 0] basic.p4(173) Condition "hdr.ipv4.isValid()" (node_2) is false
[10:19:26.833] [bmv2] [D] [thread 7823] [56.0] [cxt 0] Pipeline 'ingress': end
[10:19:26.833] [bmv2] [D] [thread 7823] [56.0] [cxt 0] Egress port is 0
[10:19:26.834] [bmv2] [D] [thread 7824] [56.0] [cxt 0] Pipeline 'egress': start
[10:19:26.835] [bmv2] [D] [thread 7824] [56.0] [cxt 0] Pipeline 'egress': end
[10:19:26.835] [bmv2] [D] [thread 7824] [56.0] [cxt 0] Deparser 'deparser': start
[10:19:26.835] [bmv2] [T] [thread 7824] [56.0] [cxt 0] Skipping checksum 'cksum' update because condition not met
[10:19:26.835] [bmv2] [D] [thread 7824] [56.0] [cxt 0] Deparsing header 'ethernet'
[10:19:26.835] [bmv2] [D] [thread 7824] [56.0] [cxt 0] Deparser 'deparser': end
[10:19:26.835] [bmv2] [D] [thread 7828] [56.0] [cxt 0] Transmitting packet of size 107 out of port 0
[10:19:26.951] [bmv2] [D] [thread 7823] [57.0] [cxt 0] Processing packet received on port 3
[10:19:26.951] [bmv2] [D] [thread 7823] [57.0] [cxt 0] Parser 'parser': start
[10:19:26.951] [bmv2] [D] [thread 7823] [57.0] [cxt 0] Parser 'parser' entering state 'start'
[10:19:26.951] [bmv2] [D] [thread 7823] [57.0] [cxt 0] Extracting header 'ethernet'
[10:19:26.951] [bmv2] [D] [thread 7823] [57.0] [cxt 0] Parser state 'start': key is 86dd
[10:19:26.951] [bmv2] [T] [thread 7823] [57.0] [cxt 0] Bytes parsed: 14
[10:19:26.951] [bmv2] [D] [thread 7823] [57.0] [cxt 0] Parser 'parser': end
[10:19:26.951] [bmv2] [D] [thread 7823] [57.0] [cxt 0] Pipeline 'ingress': start
[10:19:26.951] [bmv2] [T] [thread 7823] [57.0] [cxt 0] basic.p4(173) Condition "hdr.ipv4.isValid()" (node_2) is false
[10:19:26.951] [bmv2] [D] [thread 7823] [57.0] [cxt 0] Pipeline 'ingress': end
[10:19:26.951] [bmv2] [D] [thread 7823] [57.0] [cxt 0] Egress port is 0
[10:19:26.952] [bmv2] [D] [thread 7824] [57.0] [cxt 0] Pipeline 'egress': start
[10:19:26.952] [bmv2] [D] [thread 7824] [57.0] [cxt 0] Pipeline 'egress': end
[10:19:26.952] [bmv2] [D] [thread 7824] [57.0] [cxt 0] Deparser 'deparser': start
[10:19:26.952] [bmv2] [T] [thread 7824] [57.0] [cxt 0] Skipping checksum 'cksum' update because condition not met
[10:19:26.952] [bmv2] [D] [thread 7824] [57.0] [cxt 0] Deparsing header 'ethernet'
[10:19:26.952] [bmv2] [D] [thread 7824] [57.0] [cxt 0] Deparser 'deparser': end
[10:19:26.953] [bmv2] [D] [thread 7828] [57.0] [cxt 0] Transmitting packet of size 107 out of port 0
[10:19:27.130] [bmv2] [D] [thread 7823] [58.0] [cxt 0] Processing packet received on port 2
[10:19:27.130] [bmv2] [D] [thread 7823] [58.0] [cxt 0] Parser 'parser': start
[10:19:27.131] [bmv2] [D] [thread 7823] [58.0] [cxt 0] Parser 'parser' entering state 'start'
[10:19:27.131] [bmv2] [D] [thread 7823] [58.0] [cxt 0] Extracting header 'ethernet'
[10:19:27.131] [bmv2] [D] [thread 7823] [58.0] [cxt 0] Parser state 'start': key is 86dd
[10:19:27.131] [bmv2] [T] [thread 7823] [58.0] [cxt 0] Bytes parsed: 14
[10:19:27.131] [bmv2] [D] [thread 7823] [58.0] [cxt 0] Parser 'parser': end
[10:19:27.131] [bmv2] [D] [thread 7823] [58.0] [cxt 0] Pipeline 'ingress': start
[10:19:27.131] [bmv2] [T] [thread 7823] [58.0] [cxt 0] basic.p4(173) Condition "hdr.ipv4.isValid()" (node_2) is false
[10:19:27.131] [bmv2] [D] [thread 7823] [58.0] [cxt 0] Pipeline 'ingress': end
[10:19:27.132] [bmv2] [D] [thread 7823] [58.0] [cxt 0] Egress port is 0
[10:19:27.133] [bmv2] [D] [thread 7824] [58.0] [cxt 0] Pipeline 'egress': start
[10:19:27.133] [bmv2] [D] [thread 7824] [58.0] [cxt 0] Pipeline 'egress': end
[10:19:27.133] [bmv2] [D] [thread 7824] [58.0] [cxt 0] Deparser 'deparser': start
[10:19:27.133] [bmv2] [T] [thread 7824] [58.0] [cxt 0] Skipping checksum 'cksum' update because condition not met
[10:19:27.133] [bmv2] [D] [thread 7824] [58.0] [cxt 0] Deparsing header 'ethernet'
[10:19:27.133] [bmv2] [D] [thread 7824] [58.0] [cxt 0] Deparser 'deparser': end
[10:19:27.134] [bmv2] [D] [thread 7828] [58.0] [cxt 0] Transmitting packet of size 199 out of port 0
[10:19:27.436] [bmv2] [D] [thread 7823] [59.0] [cxt 0] Processing packet received on port 3
[10:19:27.436] [bmv2] [D] [thread 7823] [59.0] [cxt 0] Parser 'parser': start
[10:19:27.436] [bmv2] [D] [thread 7823] [59.0] [cxt 0] Parser 'parser' entering state 'start'
[10:19:27.436] [bmv2] [D] [thread 7823] [59.0] [cxt 0] Extracting header 'ethernet'
[10:19:27.436] [bmv2] [D] [thread 7823] [59.0] [cxt 0] Parser state 'start': key is 86dd
[10:19:27.436] [bmv2] [T] [thread 7823] [59.0] [cxt 0] Bytes parsed: 14
[10:19:27.436] [bmv2] [D] [thread 7823] [59.0] [cxt 0] Parser 'parser': end
[10:19:27.436] [bmv2] [D] [thread 7823] [59.0] [cxt 0] Pipeline 'ingress': start
[10:19:27.436] [bmv2] [T] [thread 7823] [59.0] [cxt 0] basic.p4(173) Condition "hdr.ipv4.isValid()" (node_2) is false
[10:19:27.436] [bmv2] [D] [thread 7823] [59.0] [cxt 0] Pipeline 'ingress': end
[10:19:27.436] [bmv2] [D] [thread 7823] [59.0] [cxt 0] Egress port is 0
[10:19:27.439] [bmv2] [D] [thread 7824] [59.0] [cxt 0] Pipeline 'egress': start
[10:19:27.439] [bmv2] [D] [thread 7824] [59.0] [cxt 0] Pipeline 'egress': end
[10:19:27.439] [bmv2] [D] [thread 7824] [59.0] [cxt 0] Deparser 'deparser': start
[10:19:27.439] [bmv2] [T] [thread 7824] [59.0] [cxt 0] Skipping checksum 'cksum' update because condition not met
[10:19:27.439] [bmv2] [D] [thread 7824] [59.0] [cxt 0] Deparsing header 'ethernet'
[10:19:27.439] [bmv2] [D] [thread 7824] [59.0] [cxt 0] Deparser 'deparser': end
[10:19:27.439] [bmv2] [D] [thread 7828] [59.0] [cxt 0] Transmitting packet of size 199 out of port 0
[10:19:27.576] [bmv2] [D] [thread 7823] [60.0] [cxt 0] Processing packet received on port 4
[10:19:27.576] [bmv2] [D] [thread 7823] [60.0] [cxt 0] Parser 'parser': start
[10:19:27.576] [bmv2] [D] [thread 7823] [60.0] [cxt 0] Parser 'parser' entering state 'start'
[10:19:27.576] [bmv2] [D] [thread 7823] [60.0] [cxt 0] Extracting header 'ethernet'
[10:19:27.576] [bmv2] [D] [thread 7823] [60.0] [cxt 0] Parser state 'start': key is 86dd
[10:19:27.576] [bmv2] [T] [thread 7823] [60.0] [cxt 0] Bytes parsed: 14
[10:19:27.576] [bmv2] [D] [thread 7823] [60.0] [cxt 0] Parser 'parser': end
[10:19:27.576] [bmv2] [D] [thread 7823] [60.0] [cxt 0] Pipeline 'ingress': start
[10:19:27.576] [bmv2] [T] [thread 7823] [60.0] [cxt 0] basic.p4(173) Condition "hdr.ipv4.isValid()" (node_2) is false
[10:19:27.576] [bmv2] [D] [thread 7823] [60.0] [cxt 0] Pipeline 'ingress': end
[10:19:27.576] [bmv2] [D] [thread 7823] [60.0] [cxt 0] Egress port is 0
[10:19:27.576] [bmv2] [D] [thread 7824] [60.0] [cxt 0] Pipeline 'egress': start
[10:19:27.576] [bmv2] [D] [thread 7824] [60.0] [cxt 0] Pipeline 'egress': end
[10:19:27.576] [bmv2] [D] [thread 7824] [60.0] [cxt 0] Deparser 'deparser': start
[10:19:27.576] [bmv2] [T] [thread 7824] [60.0] [cxt 0] Skipping checksum 'cksum' update because condition not met
[10:19:27.576] [bmv2] [D] [thread 7824] [60.0] [cxt 0] Deparsing header 'ethernet'
[10:19:27.576] [bmv2] [D] [thread 7824] [60.0] [cxt 0] Deparser 'deparser': end
[10:19:27.577] [bmv2] [D] [thread 7828] [60.0] [cxt 0] Transmitting packet of size 199 out of port 0
[10:19:27.632] [bmv2] [D] [thread 7823] [61.0] [cxt 0] Processing packet received on port 1
[10:19:27.632] [bmv2] [D] [thread 7823] [61.0] [cxt 0] Parser 'parser': start
[10:19:27.632] [bmv2] [D] [thread 7823] [61.0] [cxt 0] Parser 'parser' entering state 'start'
[10:19:27.633] [bmv2] [D] [thread 7823] [61.0] [cxt 0] Extracting header 'ethernet'
[10:19:27.633] [bmv2] [D] [thread 7823] [61.0] [cxt 0] Parser state 'start': key is 86dd
[10:19:27.633] [bmv2] [T] [thread 7823] [61.0] [cxt 0] Bytes parsed: 14
[10:19:27.633] [bmv2] [D] [thread 7823] [61.0] [cxt 0] Parser 'parser': end
[10:19:27.633] [bmv2] [D] [thread 7823] [61.0] [cxt 0] Pipeline 'ingress': start
[10:19:27.633] [bmv2] [T] [thread 7823] [61.0] [cxt 0] basic.p4(173) Condition "hdr.ipv4.isValid()" (node_2) is false
[10:19:27.633] [bmv2] [D] [thread 7823] [61.0] [cxt 0] Pipeline 'ingress': end
[10:19:27.633] [bmv2] [D] [thread 7823] [61.0] [cxt 0] Egress port is 0
[10:19:27.633] [bmv2] [D] [thread 7823] [62.0] [cxt 0] Processing packet received on port 4
[10:19:27.633] [bmv2] [D] [thread 7823] [62.0] [cxt 0] Parser 'parser': start
[10:19:27.633] [bmv2] [D] [thread 7823] [62.0] [cxt 0] Parser 'parser' entering state 'start'
[10:19:27.633] [bmv2] [D] [thread 7823] [62.0] [cxt 0] Extracting header 'ethernet'
[10:19:27.633] [bmv2] [D] [thread 7823] [62.0] [cxt 0] Parser state 'start': key is 86dd
[10:19:27.633] [bmv2] [T] [thread 7823] [62.0] [cxt 0] Bytes parsed: 14
[10:19:27.633] [bmv2] [D] [thread 7823] [62.0] [cxt 0] Parser 'parser': end
[10:19:27.633] [bmv2] [D] [thread 7823] [62.0] [cxt 0] Pipeline 'ingress': start
[10:19:27.633] [bmv2] [T] [thread 7823] [62.0] [cxt 0] basic.p4(173) Condition "hdr.ipv4.isValid()" (node_2) is false
[10:19:27.633] [bmv2] [D] [thread 7823] [62.0] [cxt 0] Pipeline 'ingress': end
[10:19:27.633] [bmv2] [D] [thread 7823] [62.0] [cxt 0] Egress port is 0
[10:19:27.633] [bmv2] [D] [thread 7824] [61.0] [cxt 0] Pipeline 'egress': start
[10:19:27.633] [bmv2] [D] [thread 7824] [61.0] [cxt 0] Pipeline 'egress': end
[10:19:27.633] [bmv2] [D] [thread 7824] [61.0] [cxt 0] Deparser 'deparser': start
[10:19:27.633] [bmv2] [T] [thread 7824] [61.0] [cxt 0] Skipping checksum 'cksum' update because condition not met
[10:19:27.633] [bmv2] [D] [thread 7824] [61.0] [cxt 0] Deparsing header 'ethernet'
[10:19:27.633] [bmv2] [D] [thread 7824] [61.0] [cxt 0] Deparser 'deparser': end
[10:19:27.633] [bmv2] [D] [thread 7824] [62.0] [cxt 0] Pipeline 'egress': start
[10:19:27.633] [bmv2] [D] [thread 7824] [62.0] [cxt 0] Pipeline 'egress': end
[10:19:27.633] [bmv2] [D] [thread 7824] [62.0] [cxt 0] Deparser 'deparser': start
[10:19:27.633] [bmv2] [T] [thread 7824] [62.0] [cxt 0] Skipping checksum 'cksum' update because condition not met
[10:19:27.633] [bmv2] [D] [thread 7824] [62.0] [cxt 0] Deparsing header 'ethernet'
[10:19:27.633] [bmv2] [D] [thread 7824] [62.0] [cxt 0] Deparser 'deparser': end
[10:19:27.634] [bmv2] [D] [thread 7828] [61.0] [cxt 0] Transmitting packet of size 199 out of port 0
[10:19:27.634] [bmv2] [D] [thread 7828] [62.0] [cxt 0] Transmitting packet of size 199 out of port 0
[10:19:27.765] [bmv2] [D] [thread 7823] [63.0] [cxt 0] Processing packet received on port 3
[10:19:27.766] [bmv2] [D] [thread 7823] [63.0] [cxt 0] Parser 'parser': start
[10:19:27.766] [bmv2] [D] [thread 7823] [63.0] [cxt 0] Parser 'parser' entering state 'start'
[10:19:27.766] [bmv2] [D] [thread 7823] [63.0] [cxt 0] Extracting header 'ethernet'
[10:19:27.766] [bmv2] [D] [thread 7823] [63.0] [cxt 0] Parser state 'start': key is 86dd
[10:19:27.766] [bmv2] [T] [thread 7823] [63.0] [cxt 0] Bytes parsed: 14
[10:19:27.766] [bmv2] [D] [thread 7823] [63.0] [cxt 0] Parser 'parser': end
[10:19:27.766] [bmv2] [D] [thread 7823] [63.0] [cxt 0] Pipeline 'ingress': start
[10:19:27.766] [bmv2] [T] [thread 7823] [63.0] [cxt 0] basic.p4(173) Condition "hdr.ipv4.isValid()" (node_2) is false
[10:19:27.766] [bmv2] [D] [thread 7823] [63.0] [cxt 0] Pipeline 'ingress': end
[10:19:27.766] [bmv2] [D] [thread 7823] [63.0] [cxt 0] Egress port is 0
[10:19:27.766] [bmv2] [D] [thread 7824] [63.0] [cxt 0] Pipeline 'egress': start
[10:19:27.766] [bmv2] [D] [thread 7824] [63.0] [cxt 0] Pipeline 'egress': end
[10:19:27.766] [bmv2] [D] [thread 7824] [63.0] [cxt 0] Deparser 'deparser': start
[10:19:27.766] [bmv2] [T] [thread 7824] [63.0] [cxt 0] Skipping checksum 'cksum' update because condition not met
[10:19:27.767] [bmv2] [D] [thread 7824] [63.0] [cxt 0] Deparsing header 'ethernet'
[10:19:27.767] [bmv2] [D] [thread 7824] [63.0] [cxt 0] Deparser 'deparser': end
[10:19:27.767] [bmv2] [D] [thread 7828] [63.0] [cxt 0] Transmitting packet of size 199 out of port 0
[10:19:28.105] [bmv2] [D] [thread 7903] Set default default entry for table 'MyIngress.ipv4_lpm': MyIngress.drop - 
[10:19:28.110] [bmv2] [D] [thread 7903] simple_switch target has been notified of a config swap
[10:19:28.116] [bmv2] [D] [thread 7903] Set default entry for table 'MyIngress.ipv4_lpm': MyIngress.drop - 
[10:19:28.120] [bmv2] [D] [thread 7904] Entry 0 added to table 'MyIngress.ipv4_lpm'
[10:19:28.120] [bmv2] [D] [thread 7904] Dumping entry 0
Match key:
* hdr.ipv4.dstAddr    : LPM       0a000101/32
Action entry: MyIngress.ipv4_forward - 80000000300,4,

[10:19:28.124] [bmv2] [D] [thread 7903] Entry 1 added to table 'MyIngress.ipv4_lpm'
[10:19:28.124] [bmv2] [D] [thread 7903] Dumping entry 1
Match key:
* hdr.ipv4.dstAddr    : LPM       0a000202/32
Action entry: MyIngress.ipv4_forward - 80000000400,3,

[10:19:28.128] [bmv2] [D] [thread 7904] Entry 2 added to table 'MyIngress.ipv4_lpm'
[10:19:28.128] [bmv2] [D] [thread 7904] Dumping entry 2
Match key:
* hdr.ipv4.dstAddr    : LPM       0a000303/32
Action entry: MyIngress.ipv4_forward - 80000000333,1,

[10:19:28.133] [bmv2] [D] [thread 7903] Entry 3 added to table 'MyIngress.ipv4_lpm'
[10:19:28.133] [bmv2] [D] [thread 7903] Dumping entry 3
Match key:
* hdr.ipv4.dstAddr    : LPM       0a000404/32
Action entry: MyIngress.ipv4_forward - 80000000444,2,

[10:19:28.322] [bmv2] [D] [thread 7823] [64.0] [cxt 0] Processing packet received on port 2
[10:19:28.322] [bmv2] [D] [thread 7823] [64.0] [cxt 0] Parser 'parser': start
[10:19:28.322] [bmv2] [D] [thread 7823] [64.0] [cxt 0] Parser 'parser' entering state 'start'
[10:19:28.322] [bmv2] [D] [thread 7823] [64.0] [cxt 0] Extracting header 'ethernet'
[10:19:28.322] [bmv2] [D] [thread 7823] [64.0] [cxt 0] Parser state 'start': key is 86dd
[10:19:28.322] [bmv2] [T] [thread 7823] [64.0] [cxt 0] Bytes parsed: 14
[10:19:28.325] [bmv2] [D] [thread 7823] [64.0] [cxt 0] Parser 'parser': end
[10:19:28.326] [bmv2] [D] [thread 7823] [64.0] [cxt 0] Pipeline 'ingress': start
[10:19:28.326] [bmv2] [T] [thread 7823] [64.0] [cxt 0] basic.p4(173) Condition "hdr.ipv4.isValid()" (node_2) is false
[10:19:28.326] [bmv2] [D] [thread 7823] [64.0] [cxt 0] Pipeline 'ingress': end
[10:19:28.326] [bmv2] [D] [thread 7823] [64.0] [cxt 0] Egress port is 0
[10:19:28.327] [bmv2] [D] [thread 7824] [64.0] [cxt 0] Pipeline 'egress': start
[10:19:28.327] [bmv2] [D] [thread 7824] [64.0] [cxt 0] Pipeline 'egress': end
[10:19:28.327] [bmv2] [D] [thread 7824] [64.0] [cxt 0] Deparser 'deparser': start
[10:19:28.327] [bmv2] [T] [thread 7824] [64.0] [cxt 0] Skipping checksum 'cksum' update because condition not met
[10:19:28.327] [bmv2] [D] [thread 7824] [64.0] [cxt 0] Deparsing header 'ethernet'
[10:19:28.327] [bmv2] [D] [thread 7824] [64.0] [cxt 0] Deparser 'deparser': end
[10:19:28.328] [bmv2] [D] [thread 7828] [64.0] [cxt 0] Transmitting packet of size 107 out of port 0
[10:19:28.635] [bmv2] [D] [thread 7823] [65.0] [cxt 0] Processing packet received on port 3
[10:19:28.636] [bmv2] [D] [thread 7823] [65.0] [cxt 0] Parser 'parser': start
[10:19:28.636] [bmv2] [D] [thread 7823] [65.0] [cxt 0] Parser 'parser' entering state 'start'
[10:19:28.636] [bmv2] [D] [thread 7823] [65.0] [cxt 0] Extracting header 'ethernet'
[10:19:28.636] [bmv2] [D] [thread 7823] [65.0] [cxt 0] Parser state 'start': key is 86dd
[10:19:28.636] [bmv2] [T] [thread 7823] [65.0] [cxt 0] Bytes parsed: 14
[10:19:28.636] [bmv2] [D] [thread 7823] [65.0] [cxt 0] Parser 'parser': end
[10:19:28.636] [bmv2] [D] [thread 7823] [65.0] [cxt 0] Pipeline 'ingress': start
[10:19:28.636] [bmv2] [T] [thread 7823] [65.0] [cxt 0] basic.p4(173) Condition "hdr.ipv4.isValid()" (node_2) is false
[10:19:28.636] [bmv2] [D] [thread 7823] [65.0] [cxt 0] Pipeline 'ingress': end
[10:19:28.636] [bmv2] [D] [thread 7823] [65.0] [cxt 0] Egress port is 0
[10:19:28.637] [bmv2] [D] [thread 7824] [65.0] [cxt 0] Pipeline 'egress': start
[10:19:28.638] [bmv2] [D] [thread 7824] [65.0] [cxt 0] Pipeline 'egress': end
[10:19:28.638] [bmv2] [D] [thread 7824] [65.0] [cxt 0] Deparser 'deparser': start
[10:19:28.638] [bmv2] [T] [thread 7824] [65.0] [cxt 0] Skipping checksum 'cksum' update because condition not met
[10:19:28.638] [bmv2] [D] [thread 7824] [65.0] [cxt 0] Deparsing header 'ethernet'
[10:19:28.638] [bmv2] [D] [thread 7824] [65.0] [cxt 0] Deparser 'deparser': end
[10:19:28.639] [bmv2] [D] [thread 7828] [65.0] [cxt 0] Transmitting packet of size 107 out of port 0
[10:19:28.760] [bmv2] [D] [thread 7823] [66.0] [cxt 0] Processing packet received on port 4
[10:19:28.760] [bmv2] [D] [thread 7823] [66.0] [cxt 0] Parser 'parser': start
[10:19:28.760] [bmv2] [D] [thread 7823] [66.0] [cxt 0] Parser 'parser' entering state 'start'
[10:19:28.760] [bmv2] [D] [thread 7823] [66.0] [cxt 0] Extracting header 'ethernet'
[10:19:28.760] [bmv2] [D] [thread 7823] [66.0] [cxt 0] Parser state 'start': key is 86dd
[10:19:28.760] [bmv2] [T] [thread 7823] [66.0] [cxt 0] Bytes parsed: 14
[10:19:28.760] [bmv2] [D] [thread 7823] [66.0] [cxt 0] Parser 'parser': end
[10:19:28.760] [bmv2] [D] [thread 7823] [66.0] [cxt 0] Pipeline 'ingress': start
[10:19:28.760] [bmv2] [T] [thread 7823] [66.0] [cxt 0] basic.p4(173) Condition "hdr.ipv4.isValid()" (node_2) is false
[10:19:28.760] [bmv2] [D] [thread 7823] [66.0] [cxt 0] Pipeline 'ingress': end
[10:19:28.760] [bmv2] [D] [thread 7823] [66.0] [cxt 0] Egress port is 0
[10:19:28.760] [bmv2] [D] [thread 7824] [66.0] [cxt 0] Pipeline 'egress': start
[10:19:28.760] [bmv2] [D] [thread 7824] [66.0] [cxt 0] Pipeline 'egress': end
[10:19:28.760] [bmv2] [D] [thread 7824] [66.0] [cxt 0] Deparser 'deparser': start
[10:19:28.760] [bmv2] [T] [thread 7824] [66.0] [cxt 0] Skipping checksum 'cksum' update because condition not met
[10:19:28.760] [bmv2] [D] [thread 7824] [66.0] [cxt 0] Deparsing header 'ethernet'
[10:19:28.760] [bmv2] [D] [thread 7824] [66.0] [cxt 0] Deparser 'deparser': end
[10:19:28.761] [bmv2] [D] [thread 7828] [66.0] [cxt 0] Transmitting packet of size 107 out of port 0
[10:19:28.829] [bmv2] [D] [thread 7823] [67.0] [cxt 0] Processing packet received on port 1
[10:19:28.829] [bmv2] [D] [thread 7823] [67.0] [cxt 0] Parser 'parser': start
[10:19:28.829] [bmv2] [D] [thread 7823] [67.0] [cxt 0] Parser 'parser' entering state 'start'
[10:19:28.829] [bmv2] [D] [thread 7823] [67.0] [cxt 0] Extracting header 'ethernet'
[10:19:28.830] [bmv2] [D] [thread 7823] [67.0] [cxt 0] Parser state 'start': key is 86dd
[10:19:28.830] [bmv2] [T] [thread 7823] [67.0] [cxt 0] Bytes parsed: 14
[10:19:28.830] [bmv2] [D] [thread 7823] [67.0] [cxt 0] Parser 'parser': end
[10:19:28.830] [bmv2] [D] [thread 7823] [67.0] [cxt 0] Pipeline 'ingress': start
[10:19:28.830] [bmv2] [T] [thread 7823] [67.0] [cxt 0] basic.p4(173) Condition "hdr.ipv4.isValid()" (node_2) is false
[10:19:28.830] [bmv2] [D] [thread 7823] [67.0] [cxt 0] Pipeline 'ingress': end
[10:19:28.830] [bmv2] [D] [thread 7823] [67.0] [cxt 0] Egress port is 0
[10:19:28.830] [bmv2] [D] [thread 7824] [67.0] [cxt 0] Pipeline 'egress': start
[10:19:28.830] [bmv2] [D] [thread 7824] [67.0] [cxt 0] Pipeline 'egress': end
[10:19:28.830] [bmv2] [D] [thread 7824] [67.0] [cxt 0] Deparser 'deparser': start
[10:19:28.830] [bmv2] [T] [thread 7824] [67.0] [cxt 0] Skipping checksum 'cksum' update because condition not met
[10:19:28.830] [bmv2] [D] [thread 7824] [67.0] [cxt 0] Deparsing header 'ethernet'
[10:19:28.830] [bmv2] [D] [thread 7824] [67.0] [cxt 0] Deparser 'deparser': end
[10:19:28.830] [bmv2] [D] [thread 7828] [67.0] [cxt 0] Transmitting packet of size 107 out of port 0
[10:19:28.942] [bmv2] [D] [thread 7823] [68.0] [cxt 0] Processing packet received on port 3
[10:19:28.942] [bmv2] [D] [thread 7823] [68.0] [cxt 0] Parser 'parser': start
[10:19:28.942] [bmv2] [D] [thread 7823] [68.0] [cxt 0] Parser 'parser' entering state 'start'
[10:19:28.942] [bmv2] [D] [thread 7823] [68.0] [cxt 0] Extracting header 'ethernet'
[10:19:28.942] [bmv2] [D] [thread 7823] [68.0] [cxt 0] Parser state 'start': key is 86dd
[10:19:28.942] [bmv2] [T] [thread 7823] [68.0] [cxt 0] Bytes parsed: 14
[10:19:28.942] [bmv2] [D] [thread 7823] [68.0] [cxt 0] Parser 'parser': end
[10:19:28.942] [bmv2] [D] [thread 7823] [68.0] [cxt 0] Pipeline 'ingress': start
[10:19:28.942] [bmv2] [T] [thread 7823] [68.0] [cxt 0] basic.p4(173) Condition "hdr.ipv4.isValid()" (node_2) is false
[10:19:28.942] [bmv2] [D] [thread 7823] [68.0] [cxt 0] Pipeline 'ingress': end
[10:19:28.942] [bmv2] [D] [thread 7823] [68.0] [cxt 0] Egress port is 0
[10:19:28.943] [bmv2] [D] [thread 7824] [68.0] [cxt 0] Pipeline 'egress': start
[10:19:28.943] [bmv2] [D] [thread 7824] [68.0] [cxt 0] Pipeline 'egress': end
[10:19:28.943] [bmv2] [D] [thread 7824] [68.0] [cxt 0] Deparser 'deparser': start
[10:19:28.943] [bmv2] [T] [thread 7824] [68.0] [cxt 0] Skipping checksum 'cksum' update because condition not met
[10:19:28.943] [bmv2] [D] [thread 7824] [68.0] [cxt 0] Deparsing header 'ethernet'
[10:19:28.943] [bmv2] [D] [thread 7824] [68.0] [cxt 0] Deparser 'deparser': end
[10:19:28.943] [bmv2] [D] [thread 7828] [68.0] [cxt 0] Transmitting packet of size 107 out of port 0
[10:19:29.218] [bmv2] [D] [thread 7823] [69.0] [cxt 0] Processing packet received on port 2
[10:19:29.218] [bmv2] [D] [thread 7823] [69.0] [cxt 0] Parser 'parser': start
[10:19:29.218] [bmv2] [D] [thread 7823] [69.0] [cxt 0] Parser 'parser' entering state 'start'
[10:19:29.218] [bmv2] [D] [thread 7823] [69.0] [cxt 0] Extracting header 'ethernet'
[10:19:29.218] [bmv2] [D] [thread 7823] [69.0] [cxt 0] Parser state 'start': key is 86dd
[10:19:29.218] [bmv2] [T] [thread 7823] [69.0] [cxt 0] Bytes parsed: 14
[10:19:29.218] [bmv2] [D] [thread 7823] [69.0] [cxt 0] Parser 'parser': end
[10:19:29.219] [bmv2] [D] [thread 7823] [69.0] [cxt 0] Pipeline 'ingress': start
[10:19:29.219] [bmv2] [T] [thread 7823] [69.0] [cxt 0] basic.p4(173) Condition "hdr.ipv4.isValid()" (node_2) is false
[10:19:29.219] [bmv2] [D] [thread 7823] [69.0] [cxt 0] Pipeline 'ingress': end
[10:19:29.219] [bmv2] [D] [thread 7823] [69.0] [cxt 0] Egress port is 0
[10:19:29.219] [bmv2] [D] [thread 7824] [69.0] [cxt 0] Pipeline 'egress': start
[10:19:29.219] [bmv2] [D] [thread 7824] [69.0] [cxt 0] Pipeline 'egress': end
[10:19:29.219] [bmv2] [D] [thread 7824] [69.0] [cxt 0] Deparser 'deparser': start
[10:19:29.219] [bmv2] [T] [thread 7824] [69.0] [cxt 0] Skipping checksum 'cksum' update because condition not met
[10:19:29.219] [bmv2] [D] [thread 7824] [69.0] [cxt 0] Deparsing header 'ethernet'
[10:19:29.219] [bmv2] [D] [thread 7824] [69.0] [cxt 0] Deparser 'deparser': end
[10:19:29.220] [bmv2] [D] [thread 7828] [69.0] [cxt 0] Transmitting packet of size 199 out of port 0
[10:19:29.291] [bmv2] [D] [thread 7823] [70.0] [cxt 0] Processing packet received on port 4
[10:19:29.291] [bmv2] [D] [thread 7823] [70.0] [cxt 0] Parser 'parser': start
[10:19:29.291] [bmv2] [D] [thread 7823] [70.0] [cxt 0] Parser 'parser' entering state 'start'
[10:19:29.291] [bmv2] [D] [thread 7823] [70.0] [cxt 0] Extracting header 'ethernet'
[10:19:29.291] [bmv2] [D] [thread 7823] [70.0] [cxt 0] Parser state 'start': key is 86dd
[10:19:29.291] [bmv2] [T] [thread 7823] [70.0] [cxt 0] Bytes parsed: 14
[10:19:29.291] [bmv2] [D] [thread 7823] [70.0] [cxt 0] Parser 'parser': end
[10:19:29.291] [bmv2] [D] [thread 7823] [70.0] [cxt 0] Pipeline 'ingress': start
[10:19:29.291] [bmv2] [T] [thread 7823] [70.0] [cxt 0] basic.p4(173) Condition "hdr.ipv4.isValid()" (node_2) is false
[10:19:29.291] [bmv2] [D] [thread 7823] [70.0] [cxt 0] Pipeline 'ingress': end
[10:19:29.292] [bmv2] [D] [thread 7823] [70.0] [cxt 0] Egress port is 0
[10:19:29.292] [bmv2] [D] [thread 7824] [70.0] [cxt 0] Pipeline 'egress': start
[10:19:29.292] [bmv2] [D] [thread 7824] [70.0] [cxt 0] Pipeline 'egress': end
[10:19:29.292] [bmv2] [D] [thread 7824] [70.0] [cxt 0] Deparser 'deparser': start
[10:19:29.292] [bmv2] [T] [thread 7824] [70.0] [cxt 0] Skipping checksum 'cksum' update because condition not met
[10:19:29.292] [bmv2] [D] [thread 7824] [70.0] [cxt 0] Deparsing header 'ethernet'
[10:19:29.292] [bmv2] [D] [thread 7824] [70.0] [cxt 0] Deparser 'deparser': end
[10:19:29.292] [bmv2] [D] [thread 7828] [70.0] [cxt 0] Transmitting packet of size 70 out of port 0
[10:19:29.496] [bmv2] [D] [thread 7823] [71.0] [cxt 0] Processing packet received on port 1
[10:19:29.496] [bmv2] [D] [thread 7823] [71.0] [cxt 0] Parser 'parser': start
[10:19:29.496] [bmv2] [D] [thread 7823] [71.0] [cxt 0] Parser 'parser' entering state 'start'
[10:19:29.496] [bmv2] [D] [thread 7823] [71.0] [cxt 0] Extracting header 'ethernet'
[10:19:29.496] [bmv2] [D] [thread 7823] [71.0] [cxt 0] Parser state 'start': key is 86dd
[10:19:29.496] [bmv2] [T] [thread 7823] [71.0] [cxt 0] Bytes parsed: 14
[10:19:29.496] [bmv2] [D] [thread 7823] [71.0] [cxt 0] Parser 'parser': end
[10:19:29.496] [bmv2] [D] [thread 7823] [71.0] [cxt 0] Pipeline 'ingress': start
[10:19:29.497] [bmv2] [T] [thread 7823] [71.0] [cxt 0] basic.p4(173) Condition "hdr.ipv4.isValid()" (node_2) is false
[10:19:29.497] [bmv2] [D] [thread 7823] [71.0] [cxt 0] Pipeline 'ingress': end
[10:19:29.497] [bmv2] [D] [thread 7823] [71.0] [cxt 0] Egress port is 0
[10:19:29.497] [bmv2] [D] [thread 7824] [71.0] [cxt 0] Pipeline 'egress': start
[10:19:29.497] [bmv2] [D] [thread 7824] [71.0] [cxt 0] Pipeline 'egress': end
[10:19:29.497] [bmv2] [D] [thread 7824] [71.0] [cxt 0] Deparser 'deparser': start
[10:19:29.497] [bmv2] [T] [thread 7824] [71.0] [cxt 0] Skipping checksum 'cksum' update because condition not met
[10:19:29.497] [bmv2] [D] [thread 7824] [71.0] [cxt 0] Deparsing header 'ethernet'
[10:19:29.497] [bmv2] [D] [thread 7824] [71.0] [cxt 0] Deparser 'deparser': end
[10:19:29.498] [bmv2] [D] [thread 7828] [71.0] [cxt 0] Transmitting packet of size 70 out of port 0
[10:19:29.520] [bmv2] [D] [thread 7823] [72.0] [cxt 0] Processing packet received on port 3
[10:19:29.521] [bmv2] [D] [thread 7823] [72.0] [cxt 0] Parser 'parser': start
[10:19:29.521] [bmv2] [D] [thread 7823] [72.0] [cxt 0] Parser 'parser' entering state 'start'
[10:19:29.521] [bmv2] [D] [thread 7823] [72.0] [cxt 0] Extracting header 'ethernet'
[10:19:29.521] [bmv2] [D] [thread 7823] [72.0] [cxt 0] Parser state 'start': key is 86dd
[10:19:29.521] [bmv2] [T] [thread 7823] [72.0] [cxt 0] Bytes parsed: 14
[10:19:29.521] [bmv2] [D] [thread 7823] [72.0] [cxt 0] Parser 'parser': end
[10:19:29.521] [bmv2] [D] [thread 7823] [72.0] [cxt 0] Pipeline 'ingress': start
[10:19:29.521] [bmv2] [T] [thread 7823] [72.0] [cxt 0] basic.p4(173) Condition "hdr.ipv4.isValid()" (node_2) is false
[10:19:29.521] [bmv2] [D] [thread 7823] [72.0] [cxt 0] Pipeline 'ingress': end
[10:19:29.521] [bmv2] [D] [thread 7823] [72.0] [cxt 0] Egress port is 0
[10:19:29.521] [bmv2] [D] [thread 7824] [72.0] [cxt 0] Pipeline 'egress': start
[10:19:29.521] [bmv2] [D] [thread 7824] [72.0] [cxt 0] Pipeline 'egress': end
[10:19:29.521] [bmv2] [D] [thread 7824] [72.0] [cxt 0] Deparser 'deparser': start
[10:19:29.521] [bmv2] [T] [thread 7824] [72.0] [cxt 0] Skipping checksum 'cksum' update because condition not met
[10:19:29.521] [bmv2] [D] [thread 7824] [72.0] [cxt 0] Deparsing header 'ethernet'
[10:19:29.522] [bmv2] [D] [thread 7824] [72.0] [cxt 0] Deparser 'deparser': end
[10:19:29.522] [bmv2] [D] [thread 7828] [72.0] [cxt 0] Transmitting packet of size 199 out of port 0
[10:19:29.615] [bmv2] [D] [thread 7823] [73.0] [cxt 0] Processing packet received on port 3
[10:19:29.615] [bmv2] [D] [thread 7823] [73.0] [cxt 0] Parser 'parser': start
[10:19:29.615] [bmv2] [D] [thread 7823] [73.0] [cxt 0] Parser 'parser' entering state 'start'
[10:19:29.615] [bmv2] [D] [thread 7823] [73.0] [cxt 0] Extracting header 'ethernet'
[10:19:29.615] [bmv2] [D] [thread 7823] [73.0] [cxt 0] Parser state 'start': key is 86dd
[10:19:29.615] [bmv2] [T] [thread 7823] [73.0] [cxt 0] Bytes parsed: 14
[10:19:29.615] [bmv2] [D] [thread 7823] [73.0] [cxt 0] Parser 'parser': end
[10:19:29.615] [bmv2] [D] [thread 7823] [73.0] [cxt 0] Pipeline 'ingress': start
[10:19:29.615] [bmv2] [T] [thread 7823] [73.0] [cxt 0] basic.p4(173) Condition "hdr.ipv4.isValid()" (node_2) is false
[10:19:29.615] [bmv2] [D] [thread 7823] [73.0] [cxt 0] Pipeline 'ingress': end
[10:19:29.615] [bmv2] [D] [thread 7823] [73.0] [cxt 0] Egress port is 0
[10:19:29.615] [bmv2] [D] [thread 7824] [73.0] [cxt 0] Pipeline 'egress': start
[10:19:29.615] [bmv2] [D] [thread 7824] [73.0] [cxt 0] Pipeline 'egress': end
[10:19:29.615] [bmv2] [D] [thread 7824] [73.0] [cxt 0] Deparser 'deparser': start
[10:19:29.615] [bmv2] [T] [thread 7824] [73.0] [cxt 0] Skipping checksum 'cksum' update because condition not met
[10:19:29.615] [bmv2] [D] [thread 7824] [73.0] [cxt 0] Deparsing header 'ethernet'
[10:19:29.615] [bmv2] [D] [thread 7824] [73.0] [cxt 0] Deparser 'deparser': end
[10:19:29.616] [bmv2] [D] [thread 7828] [73.0] [cxt 0] Transmitting packet of size 70 out of port 0
[10:19:29.660] [bmv2] [D] [thread 7823] [74.0] [cxt 0] Processing packet received on port 4
[10:19:29.660] [bmv2] [D] [thread 7823] [74.0] [cxt 0] Parser 'parser': start
[10:19:29.660] [bmv2] [D] [thread 7823] [74.0] [cxt 0] Parser 'parser' entering state 'start'
[10:19:29.660] [bmv2] [D] [thread 7823] [74.0] [cxt 0] Extracting header 'ethernet'
[10:19:29.660] [bmv2] [D] [thread 7823] [74.0] [cxt 0] Parser state 'start': key is 86dd
[10:19:29.660] [bmv2] [T] [thread 7823] [74.0] [cxt 0] Bytes parsed: 14
[10:19:29.660] [bmv2] [D] [thread 7823] [74.0] [cxt 0] Parser 'parser': end
[10:19:29.660] [bmv2] [D] [thread 7823] [74.0] [cxt 0] Pipeline 'ingress': start
[10:19:29.660] [bmv2] [T] [thread 7823] [74.0] [cxt 0] basic.p4(173) Condition "hdr.ipv4.isValid()" (node_2) is false
[10:19:29.660] [bmv2] [D] [thread 7823] [74.0] [cxt 0] Pipeline 'ingress': end
[10:19:29.660] [bmv2] [D] [thread 7823] [74.0] [cxt 0] Egress port is 0
[10:19:29.660] [bmv2] [D] [thread 7824] [74.0] [cxt 0] Pipeline 'egress': start
[10:19:29.660] [bmv2] [D] [thread 7824] [74.0] [cxt 0] Pipeline 'egress': end
[10:19:29.660] [bmv2] [D] [thread 7824] [74.0] [cxt 0] Deparser 'deparser': start
[10:19:29.660] [bmv2] [T] [thread 7824] [74.0] [cxt 0] Skipping checksum 'cksum' update because condition not met
[10:19:29.660] [bmv2] [D] [thread 7824] [74.0] [cxt 0] Deparsing header 'ethernet'
[10:19:29.660] [bmv2] [D] [thread 7824] [74.0] [cxt 0] Deparser 'deparser': end
[10:19:29.661] [bmv2] [D] [thread 7828] [74.0] [cxt 0] Transmitting packet of size 199 out of port 0
[10:19:29.713] [bmv2] [D] [thread 7823] [75.0] [cxt 0] Processing packet received on port 1
[10:19:29.713] [bmv2] [D] [thread 7823] [75.0] [cxt 0] Parser 'parser': start
[10:19:29.713] [bmv2] [D] [thread 7823] [75.0] [cxt 0] Parser 'parser' entering state 'start'
[10:19:29.713] [bmv2] [D] [thread 7823] [75.0] [cxt 0] Extracting header 'ethernet'
[10:19:29.713] [bmv2] [D] [thread 7823] [75.0] [cxt 0] Parser state 'start': key is 86dd
[10:19:29.713] [bmv2] [T] [thread 7823] [75.0] [cxt 0] Bytes parsed: 14
[10:19:29.713] [bmv2] [D] [thread 7823] [75.0] [cxt 0] Parser 'parser': end
[10:19:29.713] [bmv2] [D] [thread 7823] [75.0] [cxt 0] Pipeline 'ingress': start
[10:19:29.713] [bmv2] [T] [thread 7823] [75.0] [cxt 0] basic.p4(173) Condition "hdr.ipv4.isValid()" (node_2) is false
[10:19:29.713] [bmv2] [D] [thread 7823] [75.0] [cxt 0] Pipeline 'ingress': end
[10:19:29.713] [bmv2] [D] [thread 7823] [75.0] [cxt 0] Egress port is 0
[10:19:29.713] [bmv2] [D] [thread 7823] [76.0] [cxt 0] Processing packet received on port 4
[10:19:29.713] [bmv2] [D] [thread 7823] [76.0] [cxt 0] Parser 'parser': start
[10:19:29.713] [bmv2] [D] [thread 7823] [76.0] [cxt 0] Parser 'parser' entering state 'start'
[10:19:29.713] [bmv2] [D] [thread 7823] [76.0] [cxt 0] Extracting header 'ethernet'
[10:19:29.713] [bmv2] [D] [thread 7823] [76.0] [cxt 0] Parser state 'start': key is 86dd
[10:19:29.713] [bmv2] [T] [thread 7823] [76.0] [cxt 0] Bytes parsed: 14
[10:19:29.713] [bmv2] [D] [thread 7823] [76.0] [cxt 0] Parser 'parser': end
[10:19:29.713] [bmv2] [D] [thread 7823] [76.0] [cxt 0] Pipeline 'ingress': start
[10:19:29.713] [bmv2] [T] [thread 7823] [76.0] [cxt 0] basic.p4(173) Condition "hdr.ipv4.isValid()" (node_2) is false
[10:19:29.713] [bmv2] [D] [thread 7823] [76.0] [cxt 0] Pipeline 'ingress': end
[10:19:29.713] [bmv2] [D] [thread 7823] [76.0] [cxt 0] Egress port is 0
[10:19:29.713] [bmv2] [D] [thread 7824] [75.0] [cxt 0] Pipeline 'egress': start
[10:19:29.713] [bmv2] [D] [thread 7824] [75.0] [cxt 0] Pipeline 'egress': end
[10:19:29.713] [bmv2] [D] [thread 7824] [75.0] [cxt 0] Deparser 'deparser': start
[10:19:29.713] [bmv2] [T] [thread 7824] [75.0] [cxt 0] Skipping checksum 'cksum' update because condition not met
[10:19:29.713] [bmv2] [D] [thread 7824] [75.0] [cxt 0] Deparsing header 'ethernet'
[10:19:29.713] [bmv2] [D] [thread 7824] [75.0] [cxt 0] Deparser 'deparser': end
[10:19:29.713] [bmv2] [D] [thread 7824] [76.0] [cxt 0] Pipeline 'egress': start
[10:19:29.713] [bmv2] [D] [thread 7824] [76.0] [cxt 0] Pipeline 'egress': end
[10:19:29.713] [bmv2] [D] [thread 7824] [76.0] [cxt 0] Deparser 'deparser': start
[10:19:29.713] [bmv2] [T] [thread 7824] [76.0] [cxt 0] Skipping checksum 'cksum' update because condition not met
[10:19:29.713] [bmv2] [D] [thread 7824] [76.0] [cxt 0] Deparsing header 'ethernet'
[10:19:29.713] [bmv2] [D] [thread 7824] [76.0] [cxt 0] Deparser 'deparser': end
[10:19:29.714] [bmv2] [D] [thread 7828] [75.0] [cxt 0] Transmitting packet of size 199 out of port 0
[10:19:29.714] [bmv2] [D] [thread 7828] [76.0] [cxt 0] Transmitting packet of size 199 out of port 0
[10:19:29.817] [bmv2] [D] [thread 7823] [77.0] [cxt 0] Processing packet received on port 2
[10:19:29.819] [bmv2] [D] [thread 7823] [77.0] [cxt 0] Parser 'parser': start
[10:19:29.819] [bmv2] [D] [thread 7823] [77.0] [cxt 0] Parser 'parser' entering state 'start'
[10:19:29.819] [bmv2] [D] [thread 7823] [77.0] [cxt 0] Extracting header 'ethernet'
[10:19:29.819] [bmv2] [D] [thread 7823] [77.0] [cxt 0] Parser state 'start': key is 86dd
[10:19:29.819] [bmv2] [T] [thread 7823] [77.0] [cxt 0] Bytes parsed: 14
[10:19:29.819] [bmv2] [D] [thread 7823] [77.0] [cxt 0] Parser 'parser': end
[10:19:29.819] [bmv2] [D] [thread 7823] [77.0] [cxt 0] Pipeline 'ingress': start
[10:19:29.819] [bmv2] [T] [thread 7823] [77.0] [cxt 0] basic.p4(173) Condition "hdr.ipv4.isValid()" (node_2) is false
[10:19:29.819] [bmv2] [D] [thread 7823] [77.0] [cxt 0] Pipeline 'ingress': end
[10:19:29.819] [bmv2] [D] [thread 7823] [77.0] [cxt 0] Egress port is 0
[10:19:29.819] [bmv2] [D] [thread 7824] [77.0] [cxt 0] Pipeline 'egress': start
[10:19:29.820] [bmv2] [D] [thread 7823] [78.0] [cxt 0] Processing packet received on port 3
[10:19:29.820] [bmv2] [D] [thread 7823] [78.0] [cxt 0] Parser 'parser': start
[10:19:29.820] [bmv2] [D] [thread 7823] [78.0] [cxt 0] Parser 'parser' entering state 'start'
[10:19:29.820] [bmv2] [D] [thread 7823] [78.0] [cxt 0] Extracting header 'ethernet'
[10:19:29.820] [bmv2] [D] [thread 7823] [78.0] [cxt 0] Parser state 'start': key is 86dd
[10:19:29.820] [bmv2] [T] [thread 7823] [78.0] [cxt 0] Bytes parsed: 14
[10:19:29.820] [bmv2] [D] [thread 7823] [78.0] [cxt 0] Parser 'parser': end
[10:19:29.820] [bmv2] [D] [thread 7823] [78.0] [cxt 0] Pipeline 'ingress': start
[10:19:29.820] [bmv2] [T] [thread 7823] [78.0] [cxt 0] basic.p4(173) Condition "hdr.ipv4.isValid()" (node_2) is false
[10:19:29.820] [bmv2] [D] [thread 7823] [78.0] [cxt 0] Pipeline 'ingress': end
[10:19:29.820] [bmv2] [D] [thread 7823] [78.0] [cxt 0] Egress port is 0
[10:19:29.819] [bmv2] [D] [thread 7824] [77.0] [cxt 0] Pipeline 'egress': end
[10:19:29.820] [bmv2] [D] [thread 7824] [77.0] [cxt 0] Deparser 'deparser': start
[10:19:29.820] [bmv2] [T] [thread 7824] [77.0] [cxt 0] Skipping checksum 'cksum' update because condition not met
[10:19:29.820] [bmv2] [D] [thread 7824] [77.0] [cxt 0] Deparsing header 'ethernet'
[10:19:29.820] [bmv2] [D] [thread 7824] [77.0] [cxt 0] Deparser 'deparser': end
[10:19:29.820] [bmv2] [D] [thread 7824] [78.0] [cxt 0] Pipeline 'egress': start
[10:19:29.820] [bmv2] [D] [thread 7824] [78.0] [cxt 0] Pipeline 'egress': end
[10:19:29.820] [bmv2] [D] [thread 7824] [78.0] [cxt 0] Deparser 'deparser': start
[10:19:29.820] [bmv2] [T] [thread 7824] [78.0] [cxt 0] Skipping checksum 'cksum' update because condition not met
[10:19:29.821] [bmv2] [D] [thread 7828] [77.0] [cxt 0] Transmitting packet of size 70 out of port 0
[10:19:29.820] [bmv2] [D] [thread 7824] [78.0] [cxt 0] Deparsing header 'ethernet'
[10:19:29.821] [bmv2] [D] [thread 7824] [78.0] [cxt 0] Deparser 'deparser': end
[10:19:29.821] [bmv2] [D] [thread 7828] [78.0] [cxt 0] Transmitting packet of size 70 out of port 0
[10:19:29.852] [bmv2] [D] [thread 7823] [79.0] [cxt 0] Processing packet received on port 3
[10:19:29.852] [bmv2] [D] [thread 7823] [79.0] [cxt 0] Parser 'parser': start
[10:19:29.852] [bmv2] [D] [thread 7823] [79.0] [cxt 0] Parser 'parser' entering state 'start'
[10:19:29.852] [bmv2] [D] [thread 7823] [79.0] [cxt 0] Extracting header 'ethernet'
[10:19:29.852] [bmv2] [D] [thread 7823] [79.0] [cxt 0] Parser state 'start': key is 86dd
[10:19:29.852] [bmv2] [T] [thread 7823] [79.0] [cxt 0] Bytes parsed: 14
[10:19:29.852] [bmv2] [D] [thread 7823] [79.0] [cxt 0] Parser 'parser': end
[10:19:29.852] [bmv2] [D] [thread 7823] [79.0] [cxt 0] Pipeline 'ingress': start
[10:19:29.852] [bmv2] [T] [thread 7823] [79.0] [cxt 0] basic.p4(173) Condition "hdr.ipv4.isValid()" (node_2) is false
[10:19:29.852] [bmv2] [D] [thread 7823] [79.0] [cxt 0] Pipeline 'ingress': end
[10:19:29.852] [bmv2] [D] [thread 7823] [79.0] [cxt 0] Egress port is 0
[10:19:29.853] [bmv2] [D] [thread 7824] [79.0] [cxt 0] Pipeline 'egress': start
[10:19:29.853] [bmv2] [D] [thread 7824] [79.0] [cxt 0] Pipeline 'egress': end
[10:19:29.853] [bmv2] [D] [thread 7824] [79.0] [cxt 0] Deparser 'deparser': start
[10:19:29.853] [bmv2] [T] [thread 7824] [79.0] [cxt 0] Skipping checksum 'cksum' update because condition not met
[10:19:29.853] [bmv2] [D] [thread 7824] [79.0] [cxt 0] Deparsing header 'ethernet'
[10:19:29.853] [bmv2] [D] [thread 7824] [79.0] [cxt 0] Deparser 'deparser': end
[10:19:29.853] [bmv2] [D] [thread 7828] [79.0] [cxt 0] Transmitting packet of size 199 out of port 0
[10:19:30.329] [bmv2] [D] [thread 7823] [80.0] [cxt 0] Processing packet received on port 4
[10:19:30.329] [bmv2] [D] [thread 7823] [80.0] [cxt 0] Parser 'parser': start
[10:19:30.329] [bmv2] [D] [thread 7823] [80.0] [cxt 0] Parser 'parser' entering state 'start'
[10:19:30.330] [bmv2] [D] [thread 7823] [80.0] [cxt 0] Extracting header 'ethernet'
[10:19:30.330] [bmv2] [D] [thread 7823] [80.0] [cxt 0] Parser state 'start': key is 86dd
[10:19:30.330] [bmv2] [T] [thread 7823] [80.0] [cxt 0] Bytes parsed: 14
[10:19:30.330] [bmv2] [D] [thread 7823] [80.0] [cxt 0] Parser 'parser': end
[10:19:30.330] [bmv2] [D] [thread 7823] [80.0] [cxt 0] Pipeline 'ingress': start
[10:19:30.330] [bmv2] [T] [thread 7823] [80.0] [cxt 0] basic.p4(173) Condition "hdr.ipv4.isValid()" (node_2) is false
[10:19:30.330] [bmv2] [D] [thread 7823] [80.0] [cxt 0] Pipeline 'ingress': end
[10:19:30.330] [bmv2] [D] [thread 7823] [80.0] [cxt 0] Egress port is 0
[10:19:30.330] [bmv2] [D] [thread 7824] [80.0] [cxt 0] Pipeline 'egress': start
[10:19:30.330] [bmv2] [D] [thread 7824] [80.0] [cxt 0] Pipeline 'egress': end
[10:19:30.330] [bmv2] [D] [thread 7824] [80.0] [cxt 0] Deparser 'deparser': start
[10:19:30.330] [bmv2] [T] [thread 7824] [80.0] [cxt 0] Skipping checksum 'cksum' update because condition not met
[10:19:30.330] [bmv2] [D] [thread 7824] [80.0] [cxt 0] Deparsing header 'ethernet'
[10:19:30.330] [bmv2] [D] [thread 7824] [80.0] [cxt 0] Deparser 'deparser': end
[10:19:30.330] [bmv2] [D] [thread 7828] [80.0] [cxt 0] Transmitting packet of size 70 out of port 0
[10:19:32.379] [bmv2] [D] [thread 7823] [81.0] [cxt 0] Processing packet received on port 2
[10:19:32.379] [bmv2] [D] [thread 7823] [81.0] [cxt 0] Parser 'parser': start
[10:19:32.379] [bmv2] [D] [thread 7823] [81.0] [cxt 0] Parser 'parser' entering state 'start'
[10:19:32.379] [bmv2] [D] [thread 7823] [81.0] [cxt 0] Extracting header 'ethernet'
[10:19:32.379] [bmv2] [D] [thread 7823] [81.0] [cxt 0] Parser state 'start': key is 86dd
[10:19:32.379] [bmv2] [T] [thread 7823] [81.0] [cxt 0] Bytes parsed: 14
[10:19:32.379] [bmv2] [D] [thread 7823] [81.0] [cxt 0] Parser 'parser': end
[10:19:32.379] [bmv2] [D] [thread 7823] [81.0] [cxt 0] Pipeline 'ingress': start
[10:19:32.379] [bmv2] [T] [thread 7823] [81.0] [cxt 0] basic.p4(173) Condition "hdr.ipv4.isValid()" (node_2) is false
[10:19:32.379] [bmv2] [D] [thread 7823] [81.0] [cxt 0] Pipeline 'ingress': end
[10:19:32.379] [bmv2] [D] [thread 7823] [81.0] [cxt 0] Egress port is 0
[10:19:32.379] [bmv2] [D] [thread 7824] [81.0] [cxt 0] Pipeline 'egress': start
[10:19:32.379] [bmv2] [D] [thread 7824] [81.0] [cxt 0] Pipeline 'egress': end
[10:19:32.379] [bmv2] [D] [thread 7824] [81.0] [cxt 0] Deparser 'deparser': start
[10:19:32.379] [bmv2] [T] [thread 7824] [81.0] [cxt 0] Skipping checksum 'cksum' update because condition not met
[10:19:32.379] [bmv2] [D] [thread 7824] [81.0] [cxt 0] Deparsing header 'ethernet'
[10:19:32.379] [bmv2] [D] [thread 7824] [81.0] [cxt 0] Deparser 'deparser': end
[10:19:32.379] [bmv2] [D] [thread 7828] [81.0] [cxt 0] Transmitting packet of size 107 out of port 0
[10:19:32.635] [bmv2] [D] [thread 7823] [82.0] [cxt 0] Processing packet received on port 3
[10:19:32.636] [bmv2] [D] [thread 7823] [82.0] [cxt 0] Parser 'parser': start
[10:19:32.636] [bmv2] [D] [thread 7823] [82.0] [cxt 0] Parser 'parser' entering state 'start'
[10:19:32.636] [bmv2] [D] [thread 7823] [82.0] [cxt 0] Extracting header 'ethernet'
[10:19:32.636] [bmv2] [D] [thread 7823] [82.0] [cxt 0] Parser state 'start': key is 86dd
[10:19:32.636] [bmv2] [T] [thread 7823] [82.0] [cxt 0] Bytes parsed: 14
[10:19:32.636] [bmv2] [D] [thread 7823] [82.0] [cxt 0] Parser 'parser': end
[10:19:32.636] [bmv2] [D] [thread 7823] [82.0] [cxt 0] Pipeline 'ingress': start
[10:19:32.636] [bmv2] [T] [thread 7823] [82.0] [cxt 0] basic.p4(173) Condition "hdr.ipv4.isValid()" (node_2) is false
[10:19:32.636] [bmv2] [D] [thread 7823] [82.0] [cxt 0] Pipeline 'ingress': end
[10:19:32.636] [bmv2] [D] [thread 7823] [82.0] [cxt 0] Egress port is 0
[10:19:32.637] [bmv2] [D] [thread 7824] [82.0] [cxt 0] Pipeline 'egress': start
[10:19:32.637] [bmv2] [D] [thread 7824] [82.0] [cxt 0] Pipeline 'egress': end
[10:19:32.637] [bmv2] [D] [thread 7824] [82.0] [cxt 0] Deparser 'deparser': start
[10:19:32.637] [bmv2] [T] [thread 7824] [82.0] [cxt 0] Skipping checksum 'cksum' update because condition not met
[10:19:32.637] [bmv2] [D] [thread 7824] [82.0] [cxt 0] Deparsing header 'ethernet'
[10:19:32.637] [bmv2] [D] [thread 7824] [82.0] [cxt 0] Deparser 'deparser': end
[10:19:32.637] [bmv2] [D] [thread 7828] [82.0] [cxt 0] Transmitting packet of size 107 out of port 0
[10:19:32.767] [bmv2] [D] [thread 7823] [83.0] [cxt 0] Processing packet received on port 4
[10:19:32.767] [bmv2] [D] [thread 7823] [83.0] [cxt 0] Parser 'parser': start
[10:19:32.767] [bmv2] [D] [thread 7823] [83.0] [cxt 0] Parser 'parser' entering state 'start'
[10:19:32.767] [bmv2] [D] [thread 7823] [83.0] [cxt 0] Extracting header 'ethernet'
[10:19:32.767] [bmv2] [D] [thread 7823] [83.0] [cxt 0] Parser state 'start': key is 86dd
[10:19:32.767] [bmv2] [T] [thread 7823] [83.0] [cxt 0] Bytes parsed: 14
[10:19:32.767] [bmv2] [D] [thread 7823] [83.0] [cxt 0] Parser 'parser': end
[10:19:32.767] [bmv2] [D] [thread 7823] [83.0] [cxt 0] Pipeline 'ingress': start
[10:19:32.767] [bmv2] [T] [thread 7823] [83.0] [cxt 0] basic.p4(173) Condition "hdr.ipv4.isValid()" (node_2) is false
[10:19:32.767] [bmv2] [D] [thread 7823] [83.0] [cxt 0] Pipeline 'ingress': end
[10:19:32.767] [bmv2] [D] [thread 7823] [83.0] [cxt 0] Egress port is 0
[10:19:32.767] [bmv2] [D] [thread 7824] [83.0] [cxt 0] Pipeline 'egress': start
[10:19:32.767] [bmv2] [D] [thread 7824] [83.0] [cxt 0] Pipeline 'egress': end
[10:19:32.767] [bmv2] [D] [thread 7824] [83.0] [cxt 0] Deparser 'deparser': start
[10:19:32.767] [bmv2] [T] [thread 7824] [83.0] [cxt 0] Skipping checksum 'cksum' update because condition not met
[10:19:32.767] [bmv2] [D] [thread 7824] [83.0] [cxt 0] Deparsing header 'ethernet'
[10:19:32.767] [bmv2] [D] [thread 7824] [83.0] [cxt 0] Deparser 'deparser': end
[10:19:32.767] [bmv2] [D] [thread 7828] [83.0] [cxt 0] Transmitting packet of size 107 out of port 0
[10:19:32.834] [bmv2] [D] [thread 7823] [84.0] [cxt 0] Processing packet received on port 1
[10:19:32.834] [bmv2] [D] [thread 7823] [84.0] [cxt 0] Parser 'parser': start
[10:19:32.834] [bmv2] [D] [thread 7823] [84.0] [cxt 0] Parser 'parser' entering state 'start'
[10:19:32.834] [bmv2] [D] [thread 7823] [84.0] [cxt 0] Extracting header 'ethernet'
[10:19:32.834] [bmv2] [D] [thread 7823] [84.0] [cxt 0] Parser state 'start': key is 86dd
[10:19:32.835] [bmv2] [T] [thread 7823] [84.0] [cxt 0] Bytes parsed: 14
[10:19:32.835] [bmv2] [D] [thread 7823] [84.0] [cxt 0] Parser 'parser': end
[10:19:32.835] [bmv2] [D] [thread 7823] [84.0] [cxt 0] Pipeline 'ingress': start
[10:19:32.835] [bmv2] [T] [thread 7823] [84.0] [cxt 0] basic.p4(173) Condition "hdr.ipv4.isValid()" (node_2) is false
[10:19:32.835] [bmv2] [D] [thread 7823] [84.0] [cxt 0] Pipeline 'ingress': end
[10:19:32.835] [bmv2] [D] [thread 7823] [84.0] [cxt 0] Egress port is 0
[10:19:32.835] [bmv2] [D] [thread 7824] [84.0] [cxt 0] Pipeline 'egress': start
[10:19:32.835] [bmv2] [D] [thread 7824] [84.0] [cxt 0] Pipeline 'egress': end
[10:19:32.835] [bmv2] [D] [thread 7824] [84.0] [cxt 0] Deparser 'deparser': start
[10:19:32.835] [bmv2] [T] [thread 7824] [84.0] [cxt 0] Skipping checksum 'cksum' update because condition not met
[10:19:32.835] [bmv2] [D] [thread 7824] [84.0] [cxt 0] Deparsing header 'ethernet'
[10:19:32.835] [bmv2] [D] [thread 7824] [84.0] [cxt 0] Deparser 'deparser': end
[10:19:32.836] [bmv2] [D] [thread 7828] [84.0] [cxt 0] Transmitting packet of size 107 out of port 0
[10:19:32.947] [bmv2] [D] [thread 7823] [85.0] [cxt 0] Processing packet received on port 3
[10:19:32.947] [bmv2] [D] [thread 7823] [85.0] [cxt 0] Parser 'parser': start
[10:19:32.947] [bmv2] [D] [thread 7823] [85.0] [cxt 0] Parser 'parser' entering state 'start'
[10:19:32.947] [bmv2] [D] [thread 7823] [85.0] [cxt 0] Extracting header 'ethernet'
[10:19:32.948] [bmv2] [D] [thread 7823] [85.0] [cxt 0] Parser state 'start': key is 86dd
[10:19:32.948] [bmv2] [T] [thread 7823] [85.0] [cxt 0] Bytes parsed: 14
[10:19:32.948] [bmv2] [D] [thread 7823] [85.0] [cxt 0] Parser 'parser': end
[10:19:32.948] [bmv2] [D] [thread 7823] [85.0] [cxt 0] Pipeline 'ingress': start
[10:19:32.948] [bmv2] [T] [thread 7823] [85.0] [cxt 0] basic.p4(173) Condition "hdr.ipv4.isValid()" (node_2) is false
[10:19:32.948] [bmv2] [D] [thread 7823] [85.0] [cxt 0] Pipeline 'ingress': end
[10:19:32.948] [bmv2] [D] [thread 7823] [85.0] [cxt 0] Egress port is 0
[10:19:32.948] [bmv2] [D] [thread 7824] [85.0] [cxt 0] Pipeline 'egress': start
[10:19:32.949] [bmv2] [D] [thread 7824] [85.0] [cxt 0] Pipeline 'egress': end
[10:19:32.949] [bmv2] [D] [thread 7824] [85.0] [cxt 0] Deparser 'deparser': start
[10:19:32.949] [bmv2] [T] [thread 7824] [85.0] [cxt 0] Skipping checksum 'cksum' update because condition not met
[10:19:32.949] [bmv2] [D] [thread 7824] [85.0] [cxt 0] Deparsing header 'ethernet'
[10:19:32.949] [bmv2] [D] [thread 7824] [85.0] [cxt 0] Deparser 'deparser': end
[10:19:32.949] [bmv2] [D] [thread 7828] [85.0] [cxt 0] Transmitting packet of size 107 out of port 0
[10:19:36.971] [bmv2] [D] [thread 7823] [86.0] [cxt 0] Processing packet received on port 4
[10:19:36.971] [bmv2] [D] [thread 7823] [86.0] [cxt 0] Parser 'parser': start
[10:19:36.971] [bmv2] [D] [thread 7823] [86.0] [cxt 0] Parser 'parser' entering state 'start'
[10:19:36.971] [bmv2] [D] [thread 7823] [86.0] [cxt 0] Extracting header 'ethernet'
[10:19:36.971] [bmv2] [D] [thread 7823] [86.0] [cxt 0] Parser state 'start': key is 86dd
[10:19:36.972] [bmv2] [T] [thread 7823] [86.0] [cxt 0] Bytes parsed: 14
[10:19:36.972] [bmv2] [D] [thread 7823] [86.0] [cxt 0] Parser 'parser': end
[10:19:36.972] [bmv2] [D] [thread 7823] [86.0] [cxt 0] Pipeline 'ingress': start
[10:19:36.972] [bmv2] [T] [thread 7823] [86.0] [cxt 0] basic.p4(173) Condition "hdr.ipv4.isValid()" (node_2) is false
[10:19:36.972] [bmv2] [D] [thread 7823] [86.0] [cxt 0] Pipeline 'ingress': end
[10:19:36.972] [bmv2] [D] [thread 7823] [86.0] [cxt 0] Egress port is 0
[10:19:36.972] [bmv2] [D] [thread 7824] [86.0] [cxt 0] Pipeline 'egress': start
[10:19:36.972] [bmv2] [D] [thread 7824] [86.0] [cxt 0] Pipeline 'egress': end
[10:19:36.972] [bmv2] [D] [thread 7824] [86.0] [cxt 0] Deparser 'deparser': start
[10:19:36.972] [bmv2] [T] [thread 7824] [86.0] [cxt 0] Skipping checksum 'cksum' update because condition not met
[10:19:36.972] [bmv2] [D] [thread 7824] [86.0] [cxt 0] Deparsing header 'ethernet'
[10:19:36.972] [bmv2] [D] [thread 7824] [86.0] [cxt 0] Deparser 'deparser': end
[10:19:36.972] [bmv2] [D] [thread 7828] [86.0] [cxt 0] Transmitting packet of size 70 out of port 0
[10:19:37.142] [bmv2] [D] [thread 7823] [87.0] [cxt 0] Processing packet received on port 4
[10:19:37.142] [bmv2] [D] [thread 7823] [87.0] [cxt 0] Parser 'parser': start
[10:19:37.142] [bmv2] [D] [thread 7823] [87.0] [cxt 0] Parser 'parser' entering state 'start'
[10:19:37.142] [bmv2] [D] [thread 7823] [87.0] [cxt 0] Extracting header 'ethernet'
[10:19:37.142] [bmv2] [D] [thread 7823] [87.0] [cxt 0] Parser state 'start': key is 0800
[10:19:37.142] [bmv2] [T] [thread 7823] [87.0] [cxt 0] Bytes parsed: 14
[10:19:37.142] [bmv2] [D] [thread 7823] [87.0] [cxt 0] Parser 'parser' entering state 'parse_ipv4'
[10:19:37.142] [bmv2] [D] [thread 7823] [87.0] [cxt 0] Extracting header 'ipv4'
[10:19:37.142] [bmv2] [D] [thread 7823] [87.0] [cxt 0] Parser state 'parse_ipv4' has no switch, going to default next state
[10:19:37.142] [bmv2] [T] [thread 7823] [87.0] [cxt 0] Bytes parsed: 34
[10:19:37.142] [bmv2] [D] [thread 7823] [87.0] [cxt 0] Parser 'parser': end
[10:19:37.142] [bmv2] [D] [thread 7823] [87.0] [cxt 0] Pipeline 'ingress': start
[10:19:37.142] [bmv2] [T] [thread 7823] [87.0] [cxt 0] basic.p4(173) Condition "hdr.ipv4.isValid()" (node_2) is true
[10:19:37.142] [bmv2] [T] [thread 7823] [87.0] [cxt 0] Applying table 'MyIngress.ipv4_lpm'
[10:19:37.142] [bmv2] [D] [thread 7823] [87.0] [cxt 0] Looking up key:
* hdr.ipv4.dstAddr    : 0a000303

[10:19:37.142] [bmv2] [D] [thread 7823] [87.0] [cxt 0] Table 'MyIngress.ipv4_lpm': hit with handle 2
[10:19:37.142] [bmv2] [D] [thread 7823] [87.0] [cxt 0] Dumping entry 2
Match key:
* hdr.ipv4.dstAddr    : LPM       0a000303/32
Action entry: MyIngress.ipv4_forward - 80000000333,1,

[10:19:37.142] [bmv2] [D] [thread 7823] [87.0] [cxt 0] Action entry is MyIngress.ipv4_forward - 80000000333,1,
[10:19:37.142] [bmv2] [T] [thread 7823] [87.0] [cxt 0] Action MyIngress.ipv4_forward
[10:19:37.142] [bmv2] [T] [thread 7823] [87.0] [cxt 0] basic.p4(133) Primitive standard_metadata.egress_spec = port
[10:19:37.142] [bmv2] [T] [thread 7823] [87.0] [cxt 0] basic.p4(134) Primitive hdr.ethernet.srcAddr = hdr.ethernet.dstAddr
[10:19:37.142] [bmv2] [T] [thread 7823] [87.0] [cxt 0] basic.p4(135) Primitive hdr.ethernet.dstAddr = dstAddr
[10:19:37.142] [bmv2] [T] [thread 7823] [87.0] [cxt 0] basic.p4(136) Primitive hdr.ipv4.ttl = hdr.ipv4.ttl - 1
[10:19:37.142] [bmv2] [D] [thread 7823] [87.0] [cxt 0] Pipeline 'ingress': end
[10:19:37.142] [bmv2] [D] [thread 7823] [87.0] [cxt 0] Egress port is 1
[10:19:37.143] [bmv2] [D] [thread 7825] [87.0] [cxt 0] Pipeline 'egress': start
[10:19:37.143] [bmv2] [D] [thread 7825] [87.0] [cxt 0] Pipeline 'egress': end
[10:19:37.143] [bmv2] [D] [thread 7825] [87.0] [cxt 0] Deparser 'deparser': start
[10:19:37.143] [bmv2] [D] [thread 7825] [87.0] [cxt 0] Updating checksum 'cksum'
[10:19:37.143] [bmv2] [D] [thread 7825] [87.0] [cxt 0] Deparsing header 'ethernet'
[10:19:37.143] [bmv2] [D] [thread 7825] [87.0] [cxt 0] Deparsing header 'ipv4'
[10:19:37.143] [bmv2] [D] [thread 7825] [87.0] [cxt 0] Deparser 'deparser': end
[10:19:37.143] [bmv2] [D] [thread 7828] [87.0] [cxt 0] Transmitting packet of size 98 out of port 1
[10:19:37.144] [bmv2] [D] [thread 7823] [88.0] [cxt 0] Processing packet received on port 1
[10:19:37.144] [bmv2] [D] [thread 7823] [88.0] [cxt 0] Parser 'parser': start
[10:19:37.144] [bmv2] [D] [thread 7823] [88.0] [cxt 0] Parser 'parser' entering state 'start'
[10:19:37.144] [bmv2] [D] [thread 7823] [88.0] [cxt 0] Extracting header 'ethernet'
[10:19:37.144] [bmv2] [D] [thread 7823] [88.0] [cxt 0] Parser state 'start': key is 0800
[10:19:37.144] [bmv2] [T] [thread 7823] [88.0] [cxt 0] Bytes parsed: 14
[10:19:37.144] [bmv2] [D] [thread 7823] [88.0] [cxt 0] Parser 'parser' entering state 'parse_ipv4'
[10:19:37.144] [bmv2] [D] [thread 7823] [88.0] [cxt 0] Extracting header 'ipv4'
[10:19:37.144] [bmv2] [D] [thread 7823] [88.0] [cxt 0] Parser state 'parse_ipv4' has no switch, going to default next state
[10:19:37.144] [bmv2] [T] [thread 7823] [88.0] [cxt 0] Bytes parsed: 34
[10:19:37.144] [bmv2] [D] [thread 7823] [88.0] [cxt 0] Parser 'parser': end
[10:19:37.144] [bmv2] [D] [thread 7823] [88.0] [cxt 0] Pipeline 'ingress': start
[10:19:37.144] [bmv2] [T] [thread 7823] [88.0] [cxt 0] basic.p4(173) Condition "hdr.ipv4.isValid()" (node_2) is true
[10:19:37.144] [bmv2] [T] [thread 7823] [88.0] [cxt 0] Applying table 'MyIngress.ipv4_lpm'
[10:19:37.144] [bmv2] [D] [thread 7823] [88.0] [cxt 0] Looking up key:
* hdr.ipv4.dstAddr    : 0a000101

[10:19:37.144] [bmv2] [D] [thread 7823] [88.0] [cxt 0] Table 'MyIngress.ipv4_lpm': hit with handle 0
[10:19:37.144] [bmv2] [D] [thread 7823] [88.0] [cxt 0] Dumping entry 0
Match key:
* hdr.ipv4.dstAddr    : LPM       0a000101/32
Action entry: MyIngress.ipv4_forward - 80000000300,4,

[10:19:37.144] [bmv2] [D] [thread 7823] [88.0] [cxt 0] Action entry is MyIngress.ipv4_forward - 80000000300,4,
[10:19:37.144] [bmv2] [T] [thread 7823] [88.0] [cxt 0] Action MyIngress.ipv4_forward
[10:19:37.144] [bmv2] [T] [thread 7823] [88.0] [cxt 0] basic.p4(133) Primitive standard_metadata.egress_spec = port
[10:19:37.144] [bmv2] [T] [thread 7823] [88.0] [cxt 0] basic.p4(134) Primitive hdr.ethernet.srcAddr = hdr.ethernet.dstAddr
[10:19:37.144] [bmv2] [T] [thread 7823] [88.0] [cxt 0] basic.p4(135) Primitive hdr.ethernet.dstAddr = dstAddr
[10:19:37.144] [bmv2] [T] [thread 7823] [88.0] [cxt 0] basic.p4(136) Primitive hdr.ipv4.ttl = hdr.ipv4.ttl - 1
[10:19:37.144] [bmv2] [D] [thread 7823] [88.0] [cxt 0] Pipeline 'ingress': end
[10:19:37.144] [bmv2] [D] [thread 7823] [88.0] [cxt 0] Egress port is 4
[10:19:37.144] [bmv2] [D] [thread 7824] [88.0] [cxt 0] Pipeline 'egress': start
[10:19:37.144] [bmv2] [D] [thread 7824] [88.0] [cxt 0] Pipeline 'egress': end
[10:19:37.144] [bmv2] [D] [thread 7824] [88.0] [cxt 0] Deparser 'deparser': start
[10:19:37.144] [bmv2] [D] [thread 7824] [88.0] [cxt 0] Updating checksum 'cksum'
[10:19:37.144] [bmv2] [D] [thread 7824] [88.0] [cxt 0] Deparsing header 'ethernet'
[10:19:37.144] [bmv2] [D] [thread 7824] [88.0] [cxt 0] Deparsing header 'ipv4'
[10:19:37.144] [bmv2] [D] [thread 7824] [88.0] [cxt 0] Deparser 'deparser': end
[10:19:37.144] [bmv2] [D] [thread 7828] [88.0] [cxt 0] Transmitting packet of size 98 out of port 4
[10:19:37.174] [bmv2] [D] [thread 7823] [89.0] [cxt 0] Processing packet received on port 3
[10:19:37.174] [bmv2] [D] [thread 7823] [89.0] [cxt 0] Parser 'parser': start
[10:19:37.174] [bmv2] [D] [thread 7823] [89.0] [cxt 0] Parser 'parser' entering state 'start'
[10:19:37.174] [bmv2] [D] [thread 7823] [89.0] [cxt 0] Extracting header 'ethernet'
[10:19:37.174] [bmv2] [D] [thread 7823] [89.0] [cxt 0] Parser state 'start': key is 0800
[10:19:37.174] [bmv2] [T] [thread 7823] [89.0] [cxt 0] Bytes parsed: 14
[10:19:37.174] [bmv2] [D] [thread 7823] [89.0] [cxt 0] Parser 'parser' entering state 'parse_ipv4'
[10:19:37.174] [bmv2] [D] [thread 7823] [89.0] [cxt 0] Extracting header 'ipv4'
[10:19:37.174] [bmv2] [D] [thread 7823] [89.0] [cxt 0] Parser state 'parse_ipv4' has no switch, going to default next state
[10:19:37.174] [bmv2] [T] [thread 7823] [89.0] [cxt 0] Bytes parsed: 34
[10:19:37.174] [bmv2] [D] [thread 7823] [89.0] [cxt 0] Parser 'parser': end
[10:19:37.174] [bmv2] [D] [thread 7823] [89.0] [cxt 0] Pipeline 'ingress': start
[10:19:37.174] [bmv2] [T] [thread 7823] [89.0] [cxt 0] basic.p4(173) Condition "hdr.ipv4.isValid()" (node_2) is true
[10:19:37.174] [bmv2] [T] [thread 7823] [89.0] [cxt 0] Applying table 'MyIngress.ipv4_lpm'
[10:19:37.174] [bmv2] [D] [thread 7823] [89.0] [cxt 0] Looking up key:
* hdr.ipv4.dstAddr    : 0a000404

[10:19:37.174] [bmv2] [D] [thread 7823] [89.0] [cxt 0] Table 'MyIngress.ipv4_lpm': hit with handle 3
[10:19:37.174] [bmv2] [D] [thread 7823] [89.0] [cxt 0] Dumping entry 3
Match key:
* hdr.ipv4.dstAddr    : LPM       0a000404/32
Action entry: MyIngress.ipv4_forward - 80000000444,2,

[10:19:37.174] [bmv2] [D] [thread 7823] [89.0] [cxt 0] Action entry is MyIngress.ipv4_forward - 80000000444,2,
[10:19:37.174] [bmv2] [T] [thread 7823] [89.0] [cxt 0] Action MyIngress.ipv4_forward
[10:19:37.174] [bmv2] [T] [thread 7823] [89.0] [cxt 0] basic.p4(133) Primitive standard_metadata.egress_spec = port
[10:19:37.174] [bmv2] [T] [thread 7823] [89.0] [cxt 0] basic.p4(134) Primitive hdr.ethernet.srcAddr = hdr.ethernet.dstAddr
[10:19:37.174] [bmv2] [T] [thread 7823] [89.0] [cxt 0] basic.p4(135) Primitive hdr.ethernet.dstAddr = dstAddr
[10:19:37.174] [bmv2] [T] [thread 7823] [89.0] [cxt 0] basic.p4(136) Primitive hdr.ipv4.ttl = hdr.ipv4.ttl - 1
[10:19:37.174] [bmv2] [D] [thread 7823] [89.0] [cxt 0] Pipeline 'ingress': end
[10:19:37.174] [bmv2] [D] [thread 7823] [89.0] [cxt 0] Egress port is 2
[10:19:37.175] [bmv2] [D] [thread 7826] [89.0] [cxt 0] Pipeline 'egress': start
[10:19:37.175] [bmv2] [D] [thread 7826] [89.0] [cxt 0] Pipeline 'egress': end
[10:19:37.175] [bmv2] [D] [thread 7826] [89.0] [cxt 0] Deparser 'deparser': start
[10:19:37.175] [bmv2] [D] [thread 7826] [89.0] [cxt 0] Updating checksum 'cksum'
[10:19:37.175] [bmv2] [D] [thread 7826] [89.0] [cxt 0] Deparsing header 'ethernet'
[10:19:37.175] [bmv2] [D] [thread 7826] [89.0] [cxt 0] Deparsing header 'ipv4'
[10:19:37.175] [bmv2] [D] [thread 7826] [89.0] [cxt 0] Deparser 'deparser': end
[10:19:37.176] [bmv2] [D] [thread 7828] [89.0] [cxt 0] Transmitting packet of size 98 out of port 2
[10:19:37.176] [bmv2] [D] [thread 7823] [90.0] [cxt 0] Processing packet received on port 2
[10:19:37.176] [bmv2] [D] [thread 7823] [90.0] [cxt 0] Parser 'parser': start
[10:19:37.176] [bmv2] [D] [thread 7823] [90.0] [cxt 0] Parser 'parser' entering state 'start'
[10:19:37.176] [bmv2] [D] [thread 7823] [90.0] [cxt 0] Extracting header 'ethernet'
[10:19:37.176] [bmv2] [D] [thread 7823] [90.0] [cxt 0] Parser state 'start': key is 0800
[10:19:37.176] [bmv2] [T] [thread 7823] [90.0] [cxt 0] Bytes parsed: 14
[10:19:37.176] [bmv2] [D] [thread 7823] [90.0] [cxt 0] Parser 'parser' entering state 'parse_ipv4'
[10:19:37.176] [bmv2] [D] [thread 7823] [90.0] [cxt 0] Extracting header 'ipv4'
[10:19:37.176] [bmv2] [D] [thread 7823] [90.0] [cxt 0] Parser state 'parse_ipv4' has no switch, going to default next state
[10:19:37.176] [bmv2] [T] [thread 7823] [90.0] [cxt 0] Bytes parsed: 34
[10:19:37.176] [bmv2] [D] [thread 7823] [90.0] [cxt 0] Parser 'parser': end
[10:19:37.176] [bmv2] [D] [thread 7823] [90.0] [cxt 0] Pipeline 'ingress': start
[10:19:37.176] [bmv2] [T] [thread 7823] [90.0] [cxt 0] basic.p4(173) Condition "hdr.ipv4.isValid()" (node_2) is true
[10:19:37.176] [bmv2] [T] [thread 7823] [90.0] [cxt 0] Applying table 'MyIngress.ipv4_lpm'
[10:19:37.176] [bmv2] [D] [thread 7823] [90.0] [cxt 0] Looking up key:
* hdr.ipv4.dstAddr    : 0a000101

[10:19:37.176] [bmv2] [D] [thread 7823] [90.0] [cxt 0] Table 'MyIngress.ipv4_lpm': hit with handle 0
[10:19:37.176] [bmv2] [D] [thread 7823] [90.0] [cxt 0] Dumping entry 0
Match key:
* hdr.ipv4.dstAddr    : LPM       0a000101/32
Action entry: MyIngress.ipv4_forward - 80000000300,4,

[10:19:37.176] [bmv2] [D] [thread 7823] [90.0] [cxt 0] Action entry is MyIngress.ipv4_forward - 80000000300,4,
[10:19:37.176] [bmv2] [T] [thread 7823] [90.0] [cxt 0] Action MyIngress.ipv4_forward
[10:19:37.176] [bmv2] [T] [thread 7823] [90.0] [cxt 0] basic.p4(133) Primitive standard_metadata.egress_spec = port
[10:19:37.176] [bmv2] [T] [thread 7823] [90.0] [cxt 0] basic.p4(134) Primitive hdr.ethernet.srcAddr = hdr.ethernet.dstAddr
[10:19:37.176] [bmv2] [T] [thread 7823] [90.0] [cxt 0] basic.p4(135) Primitive hdr.ethernet.dstAddr = dstAddr
[10:19:37.176] [bmv2] [T] [thread 7823] [90.0] [cxt 0] basic.p4(136) Primitive hdr.ipv4.ttl = hdr.ipv4.ttl - 1
[10:19:37.176] [bmv2] [D] [thread 7823] [90.0] [cxt 0] Pipeline 'ingress': end
[10:19:37.176] [bmv2] [D] [thread 7823] [90.0] [cxt 0] Egress port is 4
[10:19:37.176] [bmv2] [D] [thread 7824] [90.0] [cxt 0] Pipeline 'egress': start
[10:19:37.176] [bmv2] [D] [thread 7824] [90.0] [cxt 0] Pipeline 'egress': end
[10:19:37.176] [bmv2] [D] [thread 7824] [90.0] [cxt 0] Deparser 'deparser': start
[10:19:37.176] [bmv2] [D] [thread 7824] [90.0] [cxt 0] Updating checksum 'cksum'
[10:19:37.176] [bmv2] [D] [thread 7824] [90.0] [cxt 0] Deparsing header 'ethernet'
[10:19:37.176] [bmv2] [D] [thread 7824] [90.0] [cxt 0] Deparsing header 'ipv4'
[10:19:37.176] [bmv2] [D] [thread 7824] [90.0] [cxt 0] Deparser 'deparser': end
[10:19:37.176] [bmv2] [D] [thread 7828] [90.0] [cxt 0] Transmitting packet of size 98 out of port 4
[10:19:37.208] [bmv2] [D] [thread 7823] [91.0] [cxt 0] Processing packet received on port 4
[10:19:37.208] [bmv2] [D] [thread 7823] [91.0] [cxt 0] Parser 'parser': start
[10:19:37.208] [bmv2] [D] [thread 7823] [91.0] [cxt 0] Parser 'parser' entering state 'start'
[10:19:37.208] [bmv2] [D] [thread 7823] [91.0] [cxt 0] Extracting header 'ethernet'
[10:19:37.208] [bmv2] [D] [thread 7823] [91.0] [cxt 0] Parser state 'start': key is 0800
[10:19:37.208] [bmv2] [T] [thread 7823] [91.0] [cxt 0] Bytes parsed: 14
[10:19:37.208] [bmv2] [D] [thread 7823] [91.0] [cxt 0] Parser 'parser' entering state 'parse_ipv4'
[10:19:37.208] [bmv2] [D] [thread 7823] [91.0] [cxt 0] Extracting header 'ipv4'
[10:19:37.208] [bmv2] [D] [thread 7823] [91.0] [cxt 0] Parser state 'parse_ipv4' has no switch, going to default next state
[10:19:37.208] [bmv2] [T] [thread 7823] [91.0] [cxt 0] Bytes parsed: 34
[10:19:37.208] [bmv2] [D] [thread 7823] [91.0] [cxt 0] Parser 'parser': end
[10:19:37.208] [bmv2] [D] [thread 7823] [91.0] [cxt 0] Pipeline 'ingress': start
[10:19:37.208] [bmv2] [T] [thread 7823] [91.0] [cxt 0] basic.p4(173) Condition "hdr.ipv4.isValid()" (node_2) is true
[10:19:37.208] [bmv2] [T] [thread 7823] [91.0] [cxt 0] Applying table 'MyIngress.ipv4_lpm'
[10:19:37.209] [bmv2] [D] [thread 7823] [91.0] [cxt 0] Looking up key:
* hdr.ipv4.dstAddr    : 0a000303

[10:19:37.209] [bmv2] [D] [thread 7823] [91.0] [cxt 0] Table 'MyIngress.ipv4_lpm': hit with handle 2
[10:19:37.209] [bmv2] [D] [thread 7823] [91.0] [cxt 0] Dumping entry 2
Match key:
* hdr.ipv4.dstAddr    : LPM       0a000303/32
Action entry: MyIngress.ipv4_forward - 80000000333,1,

[10:19:37.209] [bmv2] [D] [thread 7823] [91.0] [cxt 0] Action entry is MyIngress.ipv4_forward - 80000000333,1,
[10:19:37.209] [bmv2] [T] [thread 7823] [91.0] [cxt 0] Action MyIngress.ipv4_forward
[10:19:37.209] [bmv2] [T] [thread 7823] [91.0] [cxt 0] basic.p4(133) Primitive standard_metadata.egress_spec = port
[10:19:37.211] [bmv2] [T] [thread 7823] [91.0] [cxt 0] basic.p4(134) Primitive hdr.ethernet.srcAddr = hdr.ethernet.dstAddr
[10:19:37.211] [bmv2] [T] [thread 7823] [91.0] [cxt 0] basic.p4(135) Primitive hdr.ethernet.dstAddr = dstAddr
[10:19:37.211] [bmv2] [T] [thread 7823] [91.0] [cxt 0] basic.p4(136) Primitive hdr.ipv4.ttl = hdr.ipv4.ttl - 1
[10:19:37.211] [bmv2] [D] [thread 7823] [91.0] [cxt 0] Pipeline 'ingress': end
[10:19:37.211] [bmv2] [D] [thread 7823] [91.0] [cxt 0] Egress port is 1
[10:19:37.212] [bmv2] [D] [thread 7825] [91.0] [cxt 0] Pipeline 'egress': start
[10:19:37.212] [bmv2] [D] [thread 7825] [91.0] [cxt 0] Pipeline 'egress': end
[10:19:37.212] [bmv2] [D] [thread 7825] [91.0] [cxt 0] Deparser 'deparser': start
[10:19:37.212] [bmv2] [D] [thread 7825] [91.0] [cxt 0] Updating checksum 'cksum'
[10:19:37.212] [bmv2] [D] [thread 7825] [91.0] [cxt 0] Deparsing header 'ethernet'
[10:19:37.212] [bmv2] [D] [thread 7825] [91.0] [cxt 0] Deparsing header 'ipv4'
[10:19:37.212] [bmv2] [D] [thread 7825] [91.0] [cxt 0] Deparser 'deparser': end
[10:19:37.212] [bmv2] [D] [thread 7828] [91.0] [cxt 0] Transmitting packet of size 98 out of port 1
[10:19:37.214] [bmv2] [D] [thread 7823] [92.0] [cxt 0] Processing packet received on port 1
[10:19:37.214] [bmv2] [D] [thread 7823] [92.0] [cxt 0] Parser 'parser': start
[10:19:37.214] [bmv2] [D] [thread 7823] [92.0] [cxt 0] Parser 'parser' entering state 'start'
[10:19:37.214] [bmv2] [D] [thread 7823] [92.0] [cxt 0] Extracting header 'ethernet'
[10:19:37.214] [bmv2] [D] [thread 7823] [92.0] [cxt 0] Parser state 'start': key is 0800
[10:19:37.214] [bmv2] [T] [thread 7823] [92.0] [cxt 0] Bytes parsed: 14
[10:19:37.214] [bmv2] [D] [thread 7823] [92.0] [cxt 0] Parser 'parser' entering state 'parse_ipv4'
[10:19:37.214] [bmv2] [D] [thread 7823] [92.0] [cxt 0] Extracting header 'ipv4'
[10:19:37.214] [bmv2] [D] [thread 7823] [92.0] [cxt 0] Parser state 'parse_ipv4' has no switch, going to default next state
[10:19:37.214] [bmv2] [T] [thread 7823] [92.0] [cxt 0] Bytes parsed: 34
[10:19:37.214] [bmv2] [D] [thread 7823] [92.0] [cxt 0] Parser 'parser': end
[10:19:37.214] [bmv2] [D] [thread 7823] [92.0] [cxt 0] Pipeline 'ingress': start
[10:19:37.214] [bmv2] [T] [thread 7823] [92.0] [cxt 0] basic.p4(173) Condition "hdr.ipv4.isValid()" (node_2) is true
[10:19:37.214] [bmv2] [T] [thread 7823] [92.0] [cxt 0] Applying table 'MyIngress.ipv4_lpm'
[10:19:37.214] [bmv2] [D] [thread 7823] [92.0] [cxt 0] Looking up key:
* hdr.ipv4.dstAddr    : 0a000202

[10:19:37.214] [bmv2] [D] [thread 7823] [92.0] [cxt 0] Table 'MyIngress.ipv4_lpm': hit with handle 1
[10:19:37.214] [bmv2] [D] [thread 7823] [92.0] [cxt 0] Dumping entry 1
Match key:
* hdr.ipv4.dstAddr    : LPM       0a000202/32
Action entry: MyIngress.ipv4_forward - 80000000400,3,

[10:19:37.214] [bmv2] [D] [thread 7823] [92.0] [cxt 0] Action entry is MyIngress.ipv4_forward - 80000000400,3,
[10:19:37.214] [bmv2] [T] [thread 7823] [92.0] [cxt 0] Action MyIngress.ipv4_forward
[10:19:37.214] [bmv2] [T] [thread 7823] [92.0] [cxt 0] basic.p4(133) Primitive standard_metadata.egress_spec = port
[10:19:37.214] [bmv2] [T] [thread 7823] [92.0] [cxt 0] basic.p4(134) Primitive hdr.ethernet.srcAddr = hdr.ethernet.dstAddr
[10:19:37.214] [bmv2] [T] [thread 7823] [92.0] [cxt 0] basic.p4(135) Primitive hdr.ethernet.dstAddr = dstAddr
[10:19:37.214] [bmv2] [T] [thread 7823] [92.0] [cxt 0] basic.p4(136) Primitive hdr.ipv4.ttl = hdr.ipv4.ttl - 1
[10:19:37.214] [bmv2] [D] [thread 7823] [92.0] [cxt 0] Pipeline 'ingress': end
[10:19:37.214] [bmv2] [D] [thread 7823] [92.0] [cxt 0] Egress port is 3
[10:19:37.214] [bmv2] [D] [thread 7827] [92.0] [cxt 0] Pipeline 'egress': start
[10:19:37.214] [bmv2] [D] [thread 7827] [92.0] [cxt 0] Pipeline 'egress': end
[10:19:37.214] [bmv2] [D] [thread 7827] [92.0] [cxt 0] Deparser 'deparser': start
[10:19:37.214] [bmv2] [D] [thread 7827] [92.0] [cxt 0] Updating checksum 'cksum'
[10:19:37.214] [bmv2] [D] [thread 7827] [92.0] [cxt 0] Deparsing header 'ethernet'
[10:19:37.214] [bmv2] [D] [thread 7827] [92.0] [cxt 0] Deparsing header 'ipv4'
[10:19:37.214] [bmv2] [D] [thread 7827] [92.0] [cxt 0] Deparser 'deparser': end
[10:19:37.214] [bmv2] [D] [thread 7828] [92.0] [cxt 0] Transmitting packet of size 98 out of port 3
[10:19:37.237] [bmv2] [D] [thread 7823] [93.0] [cxt 0] Processing packet received on port 3
[10:19:37.237] [bmv2] [D] [thread 7823] [93.0] [cxt 0] Parser 'parser': start
[10:19:37.237] [bmv2] [D] [thread 7823] [93.0] [cxt 0] Parser 'parser' entering state 'start'
[10:19:37.237] [bmv2] [D] [thread 7823] [93.0] [cxt 0] Extracting header 'ethernet'
[10:19:37.237] [bmv2] [D] [thread 7823] [93.0] [cxt 0] Parser state 'start': key is 0800
[10:19:37.237] [bmv2] [T] [thread 7823] [93.0] [cxt 0] Bytes parsed: 14
[10:19:37.237] [bmv2] [D] [thread 7823] [93.0] [cxt 0] Parser 'parser' entering state 'parse_ipv4'
[10:19:37.237] [bmv2] [D] [thread 7823] [93.0] [cxt 0] Extracting header 'ipv4'
[10:19:37.237] [bmv2] [D] [thread 7823] [93.0] [cxt 0] Parser state 'parse_ipv4' has no switch, going to default next state
[10:19:37.237] [bmv2] [T] [thread 7823] [93.0] [cxt 0] Bytes parsed: 34
[10:19:37.237] [bmv2] [D] [thread 7823] [93.0] [cxt 0] Parser 'parser': end
[10:19:37.237] [bmv2] [D] [thread 7823] [93.0] [cxt 0] Pipeline 'ingress': start
[10:19:37.237] [bmv2] [T] [thread 7823] [93.0] [cxt 0] basic.p4(173) Condition "hdr.ipv4.isValid()" (node_2) is true
[10:19:37.237] [bmv2] [T] [thread 7823] [93.0] [cxt 0] Applying table 'MyIngress.ipv4_lpm'
[10:19:37.237] [bmv2] [D] [thread 7823] [93.0] [cxt 0] Looking up key:
* hdr.ipv4.dstAddr    : 0a000404

[10:19:37.237] [bmv2] [D] [thread 7823] [93.0] [cxt 0] Table 'MyIngress.ipv4_lpm': hit with handle 3
[10:19:37.237] [bmv2] [D] [thread 7823] [93.0] [cxt 0] Dumping entry 3
Match key:
* hdr.ipv4.dstAddr    : LPM       0a000404/32
Action entry: MyIngress.ipv4_forward - 80000000444,2,

[10:19:37.237] [bmv2] [D] [thread 7823] [93.0] [cxt 0] Action entry is MyIngress.ipv4_forward - 80000000444,2,
[10:19:37.237] [bmv2] [T] [thread 7823] [93.0] [cxt 0] Action MyIngress.ipv4_forward
[10:19:37.237] [bmv2] [T] [thread 7823] [93.0] [cxt 0] basic.p4(133) Primitive standard_metadata.egress_spec = port
[10:19:37.237] [bmv2] [T] [thread 7823] [93.0] [cxt 0] basic.p4(134) Primitive hdr.ethernet.srcAddr = hdr.ethernet.dstAddr
[10:19:37.237] [bmv2] [T] [thread 7823] [93.0] [cxt 0] basic.p4(135) Primitive hdr.ethernet.dstAddr = dstAddr
[10:19:37.237] [bmv2] [T] [thread 7823] [93.0] [cxt 0] basic.p4(136) Primitive hdr.ipv4.ttl = hdr.ipv4.ttl - 1
[10:19:37.237] [bmv2] [D] [thread 7823] [93.0] [cxt 0] Pipeline 'ingress': end
[10:19:37.237] [bmv2] [D] [thread 7823] [93.0] [cxt 0] Egress port is 2
[10:19:37.238] [bmv2] [D] [thread 7826] [93.0] [cxt 0] Pipeline 'egress': start
[10:19:37.238] [bmv2] [D] [thread 7826] [93.0] [cxt 0] Pipeline 'egress': end
[10:19:37.238] [bmv2] [D] [thread 7826] [93.0] [cxt 0] Deparser 'deparser': start
[10:19:37.238] [bmv2] [D] [thread 7826] [93.0] [cxt 0] Updating checksum 'cksum'
[10:19:37.238] [bmv2] [D] [thread 7826] [93.0] [cxt 0] Deparsing header 'ethernet'
[10:19:37.238] [bmv2] [D] [thread 7826] [93.0] [cxt 0] Deparsing header 'ipv4'
[10:19:37.238] [bmv2] [D] [thread 7826] [93.0] [cxt 0] Deparser 'deparser': end
[10:19:37.238] [bmv2] [D] [thread 7828] [93.0] [cxt 0] Transmitting packet of size 98 out of port 2
[10:19:37.239] [bmv2] [D] [thread 7823] [94.0] [cxt 0] Processing packet received on port 2
[10:19:37.240] [bmv2] [D] [thread 7823] [94.0] [cxt 0] Parser 'parser': start
[10:19:37.240] [bmv2] [D] [thread 7823] [94.0] [cxt 0] Parser 'parser' entering state 'start'
[10:19:37.240] [bmv2] [D] [thread 7823] [94.0] [cxt 0] Extracting header 'ethernet'
[10:19:37.240] [bmv2] [D] [thread 7823] [94.0] [cxt 0] Parser state 'start': key is 0800
[10:19:37.240] [bmv2] [T] [thread 7823] [94.0] [cxt 0] Bytes parsed: 14
[10:19:37.240] [bmv2] [D] [thread 7823] [94.0] [cxt 0] Parser 'parser' entering state 'parse_ipv4'
[10:19:37.240] [bmv2] [D] [thread 7823] [94.0] [cxt 0] Extracting header 'ipv4'
[10:19:37.240] [bmv2] [D] [thread 7823] [94.0] [cxt 0] Parser state 'parse_ipv4' has no switch, going to default next state
[10:19:37.240] [bmv2] [T] [thread 7823] [94.0] [cxt 0] Bytes parsed: 34
[10:19:37.240] [bmv2] [D] [thread 7823] [94.0] [cxt 0] Parser 'parser': end
[10:19:37.240] [bmv2] [D] [thread 7823] [94.0] [cxt 0] Pipeline 'ingress': start
[10:19:37.240] [bmv2] [T] [thread 7823] [94.0] [cxt 0] basic.p4(173) Condition "hdr.ipv4.isValid()" (node_2) is true
[10:19:37.240] [bmv2] [T] [thread 7823] [94.0] [cxt 0] Applying table 'MyIngress.ipv4_lpm'
[10:19:37.240] [bmv2] [D] [thread 7823] [94.0] [cxt 0] Looking up key:
* hdr.ipv4.dstAddr    : 0a000202

[10:19:37.240] [bmv2] [D] [thread 7823] [94.0] [cxt 0] Table 'MyIngress.ipv4_lpm': hit with handle 1
[10:19:37.240] [bmv2] [D] [thread 7823] [94.0] [cxt 0] Dumping entry 1
Match key:
* hdr.ipv4.dstAddr    : LPM       0a000202/32
Action entry: MyIngress.ipv4_forward - 80000000400,3,

[10:19:37.240] [bmv2] [D] [thread 7823] [94.0] [cxt 0] Action entry is MyIngress.ipv4_forward - 80000000400,3,
[10:19:37.240] [bmv2] [T] [thread 7823] [94.0] [cxt 0] Action MyIngress.ipv4_forward
[10:19:37.240] [bmv2] [T] [thread 7823] [94.0] [cxt 0] basic.p4(133) Primitive standard_metadata.egress_spec = port
[10:19:37.240] [bmv2] [T] [thread 7823] [94.0] [cxt 0] basic.p4(134) Primitive hdr.ethernet.srcAddr = hdr.ethernet.dstAddr
[10:19:37.240] [bmv2] [T] [thread 7823] [94.0] [cxt 0] basic.p4(135) Primitive hdr.ethernet.dstAddr = dstAddr
[10:19:37.240] [bmv2] [T] [thread 7823] [94.0] [cxt 0] basic.p4(136) Primitive hdr.ipv4.ttl = hdr.ipv4.ttl - 1
[10:19:37.240] [bmv2] [D] [thread 7823] [94.0] [cxt 0] Pipeline 'ingress': end
[10:19:37.240] [bmv2] [D] [thread 7823] [94.0] [cxt 0] Egress port is 3
[10:19:37.242] [bmv2] [D] [thread 7827] [94.0] [cxt 0] Pipeline 'egress': start
[10:19:37.242] [bmv2] [D] [thread 7827] [94.0] [cxt 0] Pipeline 'egress': end
[10:19:37.242] [bmv2] [D] [thread 7827] [94.0] [cxt 0] Deparser 'deparser': start
[10:19:37.242] [bmv2] [D] [thread 7827] [94.0] [cxt 0] Updating checksum 'cksum'
[10:19:37.242] [bmv2] [D] [thread 7827] [94.0] [cxt 0] Deparsing header 'ethernet'
[10:19:37.242] [bmv2] [D] [thread 7827] [94.0] [cxt 0] Deparsing header 'ipv4'
[10:19:37.242] [bmv2] [D] [thread 7827] [94.0] [cxt 0] Deparser 'deparser': end
[10:19:37.242] [bmv2] [D] [thread 7828] [94.0] [cxt 0] Transmitting packet of size 98 out of port 3
[10:19:37.254] [bmv2] [D] [thread 7823] [95.0] [cxt 0] Processing packet received on port 1
[10:19:37.254] [bmv2] [D] [thread 7823] [95.0] [cxt 0] Parser 'parser': start
[10:19:37.254] [bmv2] [D] [thread 7823] [95.0] [cxt 0] Parser 'parser' entering state 'start'
[10:19:37.254] [bmv2] [D] [thread 7823] [95.0] [cxt 0] Extracting header 'ethernet'
[10:19:37.254] [bmv2] [D] [thread 7823] [95.0] [cxt 0] Parser state 'start': key is 0800
[10:19:37.254] [bmv2] [T] [thread 7823] [95.0] [cxt 0] Bytes parsed: 14
[10:19:37.254] [bmv2] [D] [thread 7823] [95.0] [cxt 0] Parser 'parser' entering state 'parse_ipv4'
[10:19:37.254] [bmv2] [D] [thread 7823] [95.0] [cxt 0] Extracting header 'ipv4'
[10:19:37.254] [bmv2] [D] [thread 7823] [95.0] [cxt 0] Parser state 'parse_ipv4' has no switch, going to default next state
[10:19:37.254] [bmv2] [T] [thread 7823] [95.0] [cxt 0] Bytes parsed: 34
[10:19:37.254] [bmv2] [D] [thread 7823] [95.0] [cxt 0] Parser 'parser': end
[10:19:37.254] [bmv2] [D] [thread 7823] [95.0] [cxt 0] Pipeline 'ingress': start
[10:19:37.254] [bmv2] [T] [thread 7823] [95.0] [cxt 0] basic.p4(173) Condition "hdr.ipv4.isValid()" (node_2) is true
[10:19:37.254] [bmv2] [T] [thread 7823] [95.0] [cxt 0] Applying table 'MyIngress.ipv4_lpm'
[10:19:37.254] [bmv2] [D] [thread 7823] [95.0] [cxt 0] Looking up key:
* hdr.ipv4.dstAddr    : 0a000101

[10:19:37.254] [bmv2] [D] [thread 7823] [95.0] [cxt 0] Table 'MyIngress.ipv4_lpm': hit with handle 0
[10:19:37.254] [bmv2] [D] [thread 7823] [95.0] [cxt 0] Dumping entry 0
Match key:
* hdr.ipv4.dstAddr    : LPM       0a000101/32
Action entry: MyIngress.ipv4_forward - 80000000300,4,

[10:19:37.254] [bmv2] [D] [thread 7823] [95.0] [cxt 0] Action entry is MyIngress.ipv4_forward - 80000000300,4,
[10:19:37.254] [bmv2] [T] [thread 7823] [95.0] [cxt 0] Action MyIngress.ipv4_forward
[10:19:37.254] [bmv2] [T] [thread 7823] [95.0] [cxt 0] basic.p4(133) Primitive standard_metadata.egress_spec = port
[10:19:37.254] [bmv2] [T] [thread 7823] [95.0] [cxt 0] basic.p4(134) Primitive hdr.ethernet.srcAddr = hdr.ethernet.dstAddr
[10:19:37.254] [bmv2] [T] [thread 7823] [95.0] [cxt 0] basic.p4(135) Primitive hdr.ethernet.dstAddr = dstAddr
[10:19:37.254] [bmv2] [T] [thread 7823] [95.0] [cxt 0] basic.p4(136) Primitive hdr.ipv4.ttl = hdr.ipv4.ttl - 1
[10:19:37.255] [bmv2] [D] [thread 7823] [95.0] [cxt 0] Pipeline 'ingress': end
[10:19:37.255] [bmv2] [D] [thread 7823] [95.0] [cxt 0] Egress port is 4
[10:19:37.255] [bmv2] [D] [thread 7824] [95.0] [cxt 0] Pipeline 'egress': start
[10:19:37.255] [bmv2] [D] [thread 7824] [95.0] [cxt 0] Pipeline 'egress': end
[10:19:37.255] [bmv2] [D] [thread 7824] [95.0] [cxt 0] Deparser 'deparser': start
[10:19:37.255] [bmv2] [D] [thread 7824] [95.0] [cxt 0] Updating checksum 'cksum'
[10:19:37.255] [bmv2] [D] [thread 7824] [95.0] [cxt 0] Deparsing header 'ethernet'
[10:19:37.255] [bmv2] [D] [thread 7824] [95.0] [cxt 0] Deparsing header 'ipv4'
[10:19:37.255] [bmv2] [D] [thread 7824] [95.0] [cxt 0] Deparser 'deparser': end
[10:19:37.256] [bmv2] [D] [thread 7828] [95.0] [cxt 0] Transmitting packet of size 98 out of port 4
[10:19:37.265] [bmv2] [D] [thread 7823] [96.0] [cxt 0] Processing packet received on port 4
[10:19:37.265] [bmv2] [D] [thread 7823] [96.0] [cxt 0] Parser 'parser': start
[10:19:37.265] [bmv2] [D] [thread 7823] [96.0] [cxt 0] Parser 'parser' entering state 'start'
[10:19:37.265] [bmv2] [D] [thread 7823] [96.0] [cxt 0] Extracting header 'ethernet'
[10:19:37.265] [bmv2] [D] [thread 7823] [96.0] [cxt 0] Parser state 'start': key is 0800
[10:19:37.265] [bmv2] [T] [thread 7823] [96.0] [cxt 0] Bytes parsed: 14
[10:19:37.265] [bmv2] [D] [thread 7823] [96.0] [cxt 0] Parser 'parser' entering state 'parse_ipv4'
[10:19:37.265] [bmv2] [D] [thread 7823] [96.0] [cxt 0] Extracting header 'ipv4'
[10:19:37.265] [bmv2] [D] [thread 7823] [96.0] [cxt 0] Parser state 'parse_ipv4' has no switch, going to default next state
[10:19:37.265] [bmv2] [T] [thread 7823] [96.0] [cxt 0] Bytes parsed: 34
[10:19:37.265] [bmv2] [D] [thread 7823] [96.0] [cxt 0] Parser 'parser': end
[10:19:37.265] [bmv2] [D] [thread 7823] [96.0] [cxt 0] Pipeline 'ingress': start
[10:19:37.265] [bmv2] [T] [thread 7823] [96.0] [cxt 0] basic.p4(173) Condition "hdr.ipv4.isValid()" (node_2) is true
[10:19:37.265] [bmv2] [T] [thread 7823] [96.0] [cxt 0] Applying table 'MyIngress.ipv4_lpm'
[10:19:37.265] [bmv2] [D] [thread 7823] [96.0] [cxt 0] Looking up key:
* hdr.ipv4.dstAddr    : 0a000303

[10:19:37.265] [bmv2] [D] [thread 7823] [96.0] [cxt 0] Table 'MyIngress.ipv4_lpm': hit with handle 2
[10:19:37.265] [bmv2] [D] [thread 7823] [96.0] [cxt 0] Dumping entry 2
Match key:
* hdr.ipv4.dstAddr    : LPM       0a000303/32
Action entry: MyIngress.ipv4_forward - 80000000333,1,

[10:19:37.265] [bmv2] [D] [thread 7823] [96.0] [cxt 0] Action entry is MyIngress.ipv4_forward - 80000000333,1,
[10:19:37.265] [bmv2] [T] [thread 7823] [96.0] [cxt 0] Action MyIngress.ipv4_forward
[10:19:37.265] [bmv2] [T] [thread 7823] [96.0] [cxt 0] basic.p4(133) Primitive standard_metadata.egress_spec = port
[10:19:37.265] [bmv2] [T] [thread 7823] [96.0] [cxt 0] basic.p4(134) Primitive hdr.ethernet.srcAddr = hdr.ethernet.dstAddr
[10:19:37.265] [bmv2] [T] [thread 7823] [96.0] [cxt 0] basic.p4(135) Primitive hdr.ethernet.dstAddr = dstAddr
[10:19:37.265] [bmv2] [T] [thread 7823] [96.0] [cxt 0] basic.p4(136) Primitive hdr.ipv4.ttl = hdr.ipv4.ttl - 1
[10:19:37.265] [bmv2] [D] [thread 7823] [96.0] [cxt 0] Pipeline 'ingress': end
[10:19:37.265] [bmv2] [D] [thread 7823] [96.0] [cxt 0] Egress port is 1
[10:19:37.266] [bmv2] [D] [thread 7825] [96.0] [cxt 0] Pipeline 'egress': start
[10:19:37.266] [bmv2] [D] [thread 7825] [96.0] [cxt 0] Pipeline 'egress': end
[10:19:37.266] [bmv2] [D] [thread 7825] [96.0] [cxt 0] Deparser 'deparser': start
[10:19:37.266] [bmv2] [D] [thread 7825] [96.0] [cxt 0] Updating checksum 'cksum'
[10:19:37.266] [bmv2] [D] [thread 7825] [96.0] [cxt 0] Deparsing header 'ethernet'
[10:19:37.266] [bmv2] [D] [thread 7825] [96.0] [cxt 0] Deparsing header 'ipv4'
[10:19:37.266] [bmv2] [D] [thread 7825] [96.0] [cxt 0] Deparser 'deparser': end
[10:19:37.266] [bmv2] [D] [thread 7828] [96.0] [cxt 0] Transmitting packet of size 98 out of port 1
[10:19:37.278] [bmv2] [D] [thread 7823] [97.0] [cxt 0] Processing packet received on port 1
[10:19:37.278] [bmv2] [D] [thread 7823] [97.0] [cxt 0] Parser 'parser': start
[10:19:37.278] [bmv2] [D] [thread 7823] [97.0] [cxt 0] Parser 'parser' entering state 'start'
[10:19:37.278] [bmv2] [D] [thread 7823] [97.0] [cxt 0] Extracting header 'ethernet'
[10:19:37.278] [bmv2] [D] [thread 7823] [97.0] [cxt 0] Parser state 'start': key is 0800
[10:19:37.278] [bmv2] [T] [thread 7823] [97.0] [cxt 0] Bytes parsed: 14
[10:19:37.278] [bmv2] [D] [thread 7823] [97.0] [cxt 0] Parser 'parser' entering state 'parse_ipv4'
[10:19:37.278] [bmv2] [D] [thread 7823] [97.0] [cxt 0] Extracting header 'ipv4'
[10:19:37.278] [bmv2] [D] [thread 7823] [97.0] [cxt 0] Parser state 'parse_ipv4' has no switch, going to default next state
[10:19:37.278] [bmv2] [T] [thread 7823] [97.0] [cxt 0] Bytes parsed: 34
[10:19:37.278] [bmv2] [D] [thread 7823] [97.0] [cxt 0] Parser 'parser': end
[10:19:37.278] [bmv2] [D] [thread 7823] [97.0] [cxt 0] Pipeline 'ingress': start
[10:19:37.278] [bmv2] [T] [thread 7823] [97.0] [cxt 0] basic.p4(173) Condition "hdr.ipv4.isValid()" (node_2) is true
[10:19:37.278] [bmv2] [T] [thread 7823] [97.0] [cxt 0] Applying table 'MyIngress.ipv4_lpm'
[10:19:37.278] [bmv2] [D] [thread 7823] [97.0] [cxt 0] Looking up key:
* hdr.ipv4.dstAddr    : 0a000202

[10:19:37.278] [bmv2] [D] [thread 7823] [97.0] [cxt 0] Table 'MyIngress.ipv4_lpm': hit with handle 1
[10:19:37.278] [bmv2] [D] [thread 7823] [97.0] [cxt 0] Dumping entry 1
Match key:
* hdr.ipv4.dstAddr    : LPM       0a000202/32
Action entry: MyIngress.ipv4_forward - 80000000400,3,

[10:19:37.278] [bmv2] [D] [thread 7823] [97.0] [cxt 0] Action entry is MyIngress.ipv4_forward - 80000000400,3,
[10:19:37.278] [bmv2] [T] [thread 7823] [97.0] [cxt 0] Action MyIngress.ipv4_forward
[10:19:37.278] [bmv2] [T] [thread 7823] [97.0] [cxt 0] basic.p4(133) Primitive standard_metadata.egress_spec = port
[10:19:37.278] [bmv2] [T] [thread 7823] [97.0] [cxt 0] basic.p4(134) Primitive hdr.ethernet.srcAddr = hdr.ethernet.dstAddr
[10:19:37.278] [bmv2] [T] [thread 7823] [97.0] [cxt 0] basic.p4(135) Primitive hdr.ethernet.dstAddr = dstAddr
[10:19:37.278] [bmv2] [T] [thread 7823] [97.0] [cxt 0] basic.p4(136) Primitive hdr.ipv4.ttl = hdr.ipv4.ttl - 1
[10:19:37.278] [bmv2] [D] [thread 7823] [97.0] [cxt 0] Pipeline 'ingress': end
[10:19:37.278] [bmv2] [D] [thread 7823] [97.0] [cxt 0] Egress port is 3
[10:19:37.279] [bmv2] [D] [thread 7827] [97.0] [cxt 0] Pipeline 'egress': start
[10:19:37.279] [bmv2] [D] [thread 7827] [97.0] [cxt 0] Pipeline 'egress': end
[10:19:37.279] [bmv2] [D] [thread 7827] [97.0] [cxt 0] Deparser 'deparser': start
[10:19:37.279] [bmv2] [D] [thread 7827] [97.0] [cxt 0] Updating checksum 'cksum'
[10:19:37.279] [bmv2] [D] [thread 7827] [97.0] [cxt 0] Deparsing header 'ethernet'
[10:19:37.279] [bmv2] [D] [thread 7827] [97.0] [cxt 0] Deparsing header 'ipv4'
[10:19:37.279] [bmv2] [D] [thread 7827] [97.0] [cxt 0] Deparser 'deparser': end
[10:19:37.279] [bmv2] [D] [thread 7828] [97.0] [cxt 0] Transmitting packet of size 98 out of port 3
[10:19:37.287] [bmv2] [D] [thread 7823] [98.0] [cxt 0] Processing packet received on port 4
[10:19:37.287] [bmv2] [D] [thread 7823] [98.0] [cxt 0] Parser 'parser': start
[10:19:37.287] [bmv2] [D] [thread 7823] [98.0] [cxt 0] Parser 'parser' entering state 'start'
[10:19:37.287] [bmv2] [D] [thread 7823] [98.0] [cxt 0] Extracting header 'ethernet'
[10:19:37.287] [bmv2] [D] [thread 7823] [98.0] [cxt 0] Parser state 'start': key is 0800
[10:19:37.287] [bmv2] [T] [thread 7823] [98.0] [cxt 0] Bytes parsed: 14
[10:19:37.287] [bmv2] [D] [thread 7823] [98.0] [cxt 0] Parser 'parser' entering state 'parse_ipv4'
[10:19:37.287] [bmv2] [D] [thread 7823] [98.0] [cxt 0] Extracting header 'ipv4'
[10:19:37.287] [bmv2] [D] [thread 7823] [98.0] [cxt 0] Parser state 'parse_ipv4' has no switch, going to default next state
[10:19:37.287] [bmv2] [T] [thread 7823] [98.0] [cxt 0] Bytes parsed: 34
[10:19:37.287] [bmv2] [D] [thread 7823] [98.0] [cxt 0] Parser 'parser': end
[10:19:37.287] [bmv2] [D] [thread 7823] [98.0] [cxt 0] Pipeline 'ingress': start
[10:19:37.287] [bmv2] [T] [thread 7823] [98.0] [cxt 0] basic.p4(173) Condition "hdr.ipv4.isValid()" (node_2) is true
[10:19:37.287] [bmv2] [T] [thread 7823] [98.0] [cxt 0] Applying table 'MyIngress.ipv4_lpm'
[10:19:37.287] [bmv2] [D] [thread 7823] [98.0] [cxt 0] Looking up key:
* hdr.ipv4.dstAddr    : 0a000303

[10:19:37.287] [bmv2] [D] [thread 7823] [98.0] [cxt 0] Table 'MyIngress.ipv4_lpm': hit with handle 2
[10:19:37.287] [bmv2] [D] [thread 7823] [98.0] [cxt 0] Dumping entry 2
Match key:
* hdr.ipv4.dstAddr    : LPM       0a000303/32
Action entry: MyIngress.ipv4_forward - 80000000333,1,

[10:19:37.287] [bmv2] [D] [thread 7823] [98.0] [cxt 0] Action entry is MyIngress.ipv4_forward - 80000000333,1,
[10:19:37.287] [bmv2] [T] [thread 7823] [98.0] [cxt 0] Action MyIngress.ipv4_forward
[10:19:37.287] [bmv2] [T] [thread 7823] [98.0] [cxt 0] basic.p4(133) Primitive standard_metadata.egress_spec = port
[10:19:37.287] [bmv2] [T] [thread 7823] [98.0] [cxt 0] basic.p4(134) Primitive hdr.ethernet.srcAddr = hdr.ethernet.dstAddr
[10:19:37.287] [bmv2] [T] [thread 7823] [98.0] [cxt 0] basic.p4(135) Primitive hdr.ethernet.dstAddr = dstAddr
[10:19:37.287] [bmv2] [T] [thread 7823] [98.0] [cxt 0] basic.p4(136) Primitive hdr.ipv4.ttl = hdr.ipv4.ttl - 1
[10:19:37.287] [bmv2] [D] [thread 7823] [98.0] [cxt 0] Pipeline 'ingress': end
[10:19:37.287] [bmv2] [D] [thread 7823] [98.0] [cxt 0] Egress port is 1
[10:19:37.288] [bmv2] [D] [thread 7825] [98.0] [cxt 0] Pipeline 'egress': start
[10:19:37.289] [bmv2] [D] [thread 7825] [98.0] [cxt 0] Pipeline 'egress': end
[10:19:37.289] [bmv2] [D] [thread 7825] [98.0] [cxt 0] Deparser 'deparser': start
[10:19:37.289] [bmv2] [D] [thread 7825] [98.0] [cxt 0] Updating checksum 'cksum'
[10:19:37.289] [bmv2] [D] [thread 7825] [98.0] [cxt 0] Deparsing header 'ethernet'
[10:19:37.289] [bmv2] [D] [thread 7825] [98.0] [cxt 0] Deparsing header 'ipv4'
[10:19:37.289] [bmv2] [D] [thread 7825] [98.0] [cxt 0] Deparser 'deparser': end
[10:19:37.289] [bmv2] [D] [thread 7828] [98.0] [cxt 0] Transmitting packet of size 98 out of port 1
[10:19:37.301] [bmv2] [D] [thread 7823] [99.0] [cxt 0] Processing packet received on port 1
[10:19:37.301] [bmv2] [D] [thread 7823] [99.0] [cxt 0] Parser 'parser': start
[10:19:37.301] [bmv2] [D] [thread 7823] [99.0] [cxt 0] Parser 'parser' entering state 'start'
[10:19:37.301] [bmv2] [D] [thread 7823] [99.0] [cxt 0] Extracting header 'ethernet'
[10:19:37.301] [bmv2] [D] [thread 7823] [99.0] [cxt 0] Parser state 'start': key is 0800
[10:19:37.301] [bmv2] [T] [thread 7823] [99.0] [cxt 0] Bytes parsed: 14
[10:19:37.301] [bmv2] [D] [thread 7823] [99.0] [cxt 0] Parser 'parser' entering state 'parse_ipv4'
[10:19:37.301] [bmv2] [D] [thread 7823] [99.0] [cxt 0] Extracting header 'ipv4'
[10:19:37.301] [bmv2] [D] [thread 7823] [99.0] [cxt 0] Parser state 'parse_ipv4' has no switch, going to default next state
[10:19:37.301] [bmv2] [T] [thread 7823] [99.0] [cxt 0] Bytes parsed: 34
[10:19:37.301] [bmv2] [D] [thread 7823] [99.0] [cxt 0] Parser 'parser': end
[10:19:37.301] [bmv2] [D] [thread 7823] [99.0] [cxt 0] Pipeline 'ingress': start
[10:19:37.301] [bmv2] [T] [thread 7823] [99.0] [cxt 0] basic.p4(173) Condition "hdr.ipv4.isValid()" (node_2) is true
[10:19:37.301] [bmv2] [T] [thread 7823] [99.0] [cxt 0] Applying table 'MyIngress.ipv4_lpm'
[10:19:37.301] [bmv2] [D] [thread 7823] [99.0] [cxt 0] Looking up key:
* hdr.ipv4.dstAddr    : 0a000404

[10:19:37.301] [bmv2] [D] [thread 7823] [99.0] [cxt 0] Table 'MyIngress.ipv4_lpm': hit with handle 3
[10:19:37.301] [bmv2] [D] [thread 7823] [99.0] [cxt 0] Dumping entry 3
Match key:
* hdr.ipv4.dstAddr    : LPM       0a000404/32
Action entry: MyIngress.ipv4_forward - 80000000444,2,

[10:19:37.301] [bmv2] [D] [thread 7823] [99.0] [cxt 0] Action entry is MyIngress.ipv4_forward - 80000000444,2,
[10:19:37.301] [bmv2] [T] [thread 7823] [99.0] [cxt 0] Action MyIngress.ipv4_forward
[10:19:37.301] [bmv2] [T] [thread 7823] [99.0] [cxt 0] basic.p4(133) Primitive standard_metadata.egress_spec = port
[10:19:37.301] [bmv2] [T] [thread 7823] [99.0] [cxt 0] basic.p4(134) Primitive hdr.ethernet.srcAddr = hdr.ethernet.dstAddr
[10:19:37.301] [bmv2] [T] [thread 7823] [99.0] [cxt 0] basic.p4(135) Primitive hdr.ethernet.dstAddr = dstAddr
[10:19:37.301] [bmv2] [T] [thread 7823] [99.0] [cxt 0] basic.p4(136) Primitive hdr.ipv4.ttl = hdr.ipv4.ttl - 1
[10:19:37.301] [bmv2] [D] [thread 7823] [99.0] [cxt 0] Pipeline 'ingress': end
[10:19:37.301] [bmv2] [D] [thread 7823] [99.0] [cxt 0] Egress port is 2
[10:19:37.302] [bmv2] [D] [thread 7826] [99.0] [cxt 0] Pipeline 'egress': start
[10:19:37.302] [bmv2] [D] [thread 7826] [99.0] [cxt 0] Pipeline 'egress': end
[10:19:37.302] [bmv2] [D] [thread 7826] [99.0] [cxt 0] Deparser 'deparser': start
[10:19:37.302] [bmv2] [D] [thread 7826] [99.0] [cxt 0] Updating checksum 'cksum'
[10:19:37.302] [bmv2] [D] [thread 7826] [99.0] [cxt 0] Deparsing header 'ethernet'
[10:19:37.302] [bmv2] [D] [thread 7826] [99.0] [cxt 0] Deparsing header 'ipv4'
[10:19:37.302] [bmv2] [D] [thread 7826] [99.0] [cxt 0] Deparser 'deparser': end
[10:19:37.302] [bmv2] [D] [thread 7828] [99.0] [cxt 0] Transmitting packet of size 98 out of port 2
[10:19:37.302] [bmv2] [D] [thread 7823] [100.0] [cxt 0] Processing packet received on port 2
[10:19:37.302] [bmv2] [D] [thread 7823] [100.0] [cxt 0] Parser 'parser': start
[10:19:37.302] [bmv2] [D] [thread 7823] [100.0] [cxt 0] Parser 'parser' entering state 'start'
[10:19:37.302] [bmv2] [D] [thread 7823] [100.0] [cxt 0] Extracting header 'ethernet'
[10:19:37.302] [bmv2] [D] [thread 7823] [100.0] [cxt 0] Parser state 'start': key is 0800
[10:19:37.302] [bmv2] [T] [thread 7823] [100.0] [cxt 0] Bytes parsed: 14
[10:19:37.302] [bmv2] [D] [thread 7823] [100.0] [cxt 0] Parser 'parser' entering state 'parse_ipv4'
[10:19:37.302] [bmv2] [D] [thread 7823] [100.0] [cxt 0] Extracting header 'ipv4'
[10:19:37.302] [bmv2] [D] [thread 7823] [100.0] [cxt 0] Parser state 'parse_ipv4' has no switch, going to default next state
[10:19:37.302] [bmv2] [T] [thread 7823] [100.0] [cxt 0] Bytes parsed: 34
[10:19:37.302] [bmv2] [D] [thread 7823] [100.0] [cxt 0] Parser 'parser': end
[10:19:37.302] [bmv2] [D] [thread 7823] [100.0] [cxt 0] Pipeline 'ingress': start
[10:19:37.302] [bmv2] [T] [thread 7823] [100.0] [cxt 0] basic.p4(173) Condition "hdr.ipv4.isValid()" (node_2) is true
[10:19:37.302] [bmv2] [T] [thread 7823] [100.0] [cxt 0] Applying table 'MyIngress.ipv4_lpm'
[10:19:37.302] [bmv2] [D] [thread 7823] [100.0] [cxt 0] Looking up key:
* hdr.ipv4.dstAddr    : 0a000303

[10:19:37.302] [bmv2] [D] [thread 7823] [100.0] [cxt 0] Table 'MyIngress.ipv4_lpm': hit with handle 2
[10:19:37.302] [bmv2] [D] [thread 7823] [100.0] [cxt 0] Dumping entry 2
Match key:
* hdr.ipv4.dstAddr    : LPM       0a000303/32
Action entry: MyIngress.ipv4_forward - 80000000333,1,

[10:19:37.302] [bmv2] [D] [thread 7823] [100.0] [cxt 0] Action entry is MyIngress.ipv4_forward - 80000000333,1,
[10:19:37.302] [bmv2] [T] [thread 7823] [100.0] [cxt 0] Action MyIngress.ipv4_forward
[10:19:37.302] [bmv2] [T] [thread 7823] [100.0] [cxt 0] basic.p4(133) Primitive standard_metadata.egress_spec = port
[10:19:37.302] [bmv2] [T] [thread 7823] [100.0] [cxt 0] basic.p4(134) Primitive hdr.ethernet.srcAddr = hdr.ethernet.dstAddr
[10:19:37.302] [bmv2] [T] [thread 7823] [100.0] [cxt 0] basic.p4(135) Primitive hdr.ethernet.dstAddr = dstAddr
[10:19:37.302] [bmv2] [T] [thread 7823] [100.0] [cxt 0] basic.p4(136) Primitive hdr.ipv4.ttl = hdr.ipv4.ttl - 1
[10:19:37.302] [bmv2] [D] [thread 7823] [100.0] [cxt 0] Pipeline 'ingress': end
[10:19:37.302] [bmv2] [D] [thread 7823] [100.0] [cxt 0] Egress port is 1
[10:19:37.303] [bmv2] [D] [thread 7825] [100.0] [cxt 0] Pipeline 'egress': start
[10:19:37.303] [bmv2] [D] [thread 7825] [100.0] [cxt 0] Pipeline 'egress': end
[10:19:37.303] [bmv2] [D] [thread 7825] [100.0] [cxt 0] Deparser 'deparser': start
[10:19:37.303] [bmv2] [D] [thread 7825] [100.0] [cxt 0] Updating checksum 'cksum'
[10:19:37.303] [bmv2] [D] [thread 7825] [100.0] [cxt 0] Deparsing header 'ethernet'
[10:19:37.303] [bmv2] [D] [thread 7825] [100.0] [cxt 0] Deparsing header 'ipv4'
[10:19:37.303] [bmv2] [D] [thread 7825] [100.0] [cxt 0] Deparser 'deparser': end
[10:19:37.303] [bmv2] [D] [thread 7828] [100.0] [cxt 0] Transmitting packet of size 98 out of port 1
[10:19:37.318] [bmv2] [D] [thread 7823] [101.0] [cxt 0] Processing packet received on port 2
[10:19:37.318] [bmv2] [D] [thread 7823] [101.0] [cxt 0] Parser 'parser': start
[10:19:37.318] [bmv2] [D] [thread 7823] [101.0] [cxt 0] Parser 'parser' entering state 'start'
[10:19:37.318] [bmv2] [D] [thread 7823] [101.0] [cxt 0] Extracting header 'ethernet'
[10:19:37.318] [bmv2] [D] [thread 7823] [101.0] [cxt 0] Parser state 'start': key is 0800
[10:19:37.318] [bmv2] [T] [thread 7823] [101.0] [cxt 0] Bytes parsed: 14
[10:19:37.318] [bmv2] [D] [thread 7823] [101.0] [cxt 0] Parser 'parser' entering state 'parse_ipv4'
[10:19:37.318] [bmv2] [D] [thread 7823] [101.0] [cxt 0] Extracting header 'ipv4'
[10:19:37.318] [bmv2] [D] [thread 7823] [101.0] [cxt 0] Parser state 'parse_ipv4' has no switch, going to default next state
[10:19:37.318] [bmv2] [T] [thread 7823] [101.0] [cxt 0] Bytes parsed: 34
[10:19:37.318] [bmv2] [D] [thread 7823] [101.0] [cxt 0] Parser 'parser': end
[10:19:37.318] [bmv2] [D] [thread 7823] [101.0] [cxt 0] Pipeline 'ingress': start
[10:19:37.318] [bmv2] [T] [thread 7823] [101.0] [cxt 0] basic.p4(173) Condition "hdr.ipv4.isValid()" (node_2) is true
[10:19:37.318] [bmv2] [T] [thread 7823] [101.0] [cxt 0] Applying table 'MyIngress.ipv4_lpm'
[10:19:37.318] [bmv2] [D] [thread 7823] [101.0] [cxt 0] Looking up key:
* hdr.ipv4.dstAddr    : 0a000101

[10:19:37.318] [bmv2] [D] [thread 7823] [101.0] [cxt 0] Table 'MyIngress.ipv4_lpm': hit with handle 0
[10:19:37.318] [bmv2] [D] [thread 7823] [101.0] [cxt 0] Dumping entry 0
Match key:
* hdr.ipv4.dstAddr    : LPM       0a000101/32
Action entry: MyIngress.ipv4_forward - 80000000300,4,

[10:19:37.319] [bmv2] [D] [thread 7823] [101.0] [cxt 0] Action entry is MyIngress.ipv4_forward - 80000000300,4,
[10:19:37.319] [bmv2] [T] [thread 7823] [101.0] [cxt 0] Action MyIngress.ipv4_forward
[10:19:37.319] [bmv2] [T] [thread 7823] [101.0] [cxt 0] basic.p4(133) Primitive standard_metadata.egress_spec = port
[10:19:37.319] [bmv2] [T] [thread 7823] [101.0] [cxt 0] basic.p4(134) Primitive hdr.ethernet.srcAddr = hdr.ethernet.dstAddr
[10:19:37.319] [bmv2] [T] [thread 7823] [101.0] [cxt 0] basic.p4(135) Primitive hdr.ethernet.dstAddr = dstAddr
[10:19:37.319] [bmv2] [T] [thread 7823] [101.0] [cxt 0] basic.p4(136) Primitive hdr.ipv4.ttl = hdr.ipv4.ttl - 1
[10:19:37.319] [bmv2] [D] [thread 7823] [101.0] [cxt 0] Pipeline 'ingress': end
[10:19:37.319] [bmv2] [D] [thread 7823] [101.0] [cxt 0] Egress port is 4
[10:19:37.319] [bmv2] [D] [thread 7824] [101.0] [cxt 0] Pipeline 'egress': start
[10:19:37.319] [bmv2] [D] [thread 7824] [101.0] [cxt 0] Pipeline 'egress': end
[10:19:37.319] [bmv2] [D] [thread 7824] [101.0] [cxt 0] Deparser 'deparser': start
[10:19:37.319] [bmv2] [D] [thread 7824] [101.0] [cxt 0] Updating checksum 'cksum'
[10:19:37.319] [bmv2] [D] [thread 7824] [101.0] [cxt 0] Deparsing header 'ethernet'
[10:19:37.319] [bmv2] [D] [thread 7824] [101.0] [cxt 0] Deparsing header 'ipv4'
[10:19:37.319] [bmv2] [D] [thread 7824] [101.0] [cxt 0] Deparser 'deparser': end
[10:19:37.320] [bmv2] [D] [thread 7828] [101.0] [cxt 0] Transmitting packet of size 98 out of port 4
[10:19:37.334] [bmv2] [D] [thread 7823] [102.0] [cxt 0] Processing packet received on port 3
[10:19:37.334] [bmv2] [D] [thread 7823] [102.0] [cxt 0] Parser 'parser': start
[10:19:37.334] [bmv2] [D] [thread 7823] [102.0] [cxt 0] Parser 'parser' entering state 'start'
[10:19:37.334] [bmv2] [D] [thread 7823] [102.0] [cxt 0] Extracting header 'ethernet'
[10:19:37.334] [bmv2] [D] [thread 7823] [102.0] [cxt 0] Parser state 'start': key is 0800
[10:19:37.334] [bmv2] [T] [thread 7823] [102.0] [cxt 0] Bytes parsed: 14
[10:19:37.334] [bmv2] [D] [thread 7823] [102.0] [cxt 0] Parser 'parser' entering state 'parse_ipv4'
[10:19:37.334] [bmv2] [D] [thread 7823] [102.0] [cxt 0] Extracting header 'ipv4'
[10:19:37.334] [bmv2] [D] [thread 7823] [102.0] [cxt 0] Parser state 'parse_ipv4' has no switch, going to default next state
[10:19:37.334] [bmv2] [T] [thread 7823] [102.0] [cxt 0] Bytes parsed: 34
[10:19:37.334] [bmv2] [D] [thread 7823] [102.0] [cxt 0] Parser 'parser': end
[10:19:37.334] [bmv2] [D] [thread 7823] [102.0] [cxt 0] Pipeline 'ingress': start
[10:19:37.334] [bmv2] [T] [thread 7823] [102.0] [cxt 0] basic.p4(173) Condition "hdr.ipv4.isValid()" (node_2) is true
[10:19:37.334] [bmv2] [T] [thread 7823] [102.0] [cxt 0] Applying table 'MyIngress.ipv4_lpm'
[10:19:37.334] [bmv2] [D] [thread 7823] [102.0] [cxt 0] Looking up key:
* hdr.ipv4.dstAddr    : 0a000404

[10:19:37.334] [bmv2] [D] [thread 7823] [102.0] [cxt 0] Table 'MyIngress.ipv4_lpm': hit with handle 3
[10:19:37.334] [bmv2] [D] [thread 7823] [102.0] [cxt 0] Dumping entry 3
Match key:
* hdr.ipv4.dstAddr    : LPM       0a000404/32
Action entry: MyIngress.ipv4_forward - 80000000444,2,

[10:19:37.334] [bmv2] [D] [thread 7823] [102.0] [cxt 0] Action entry is MyIngress.ipv4_forward - 80000000444,2,
[10:19:37.334] [bmv2] [T] [thread 7823] [102.0] [cxt 0] Action MyIngress.ipv4_forward
[10:19:37.334] [bmv2] [T] [thread 7823] [102.0] [cxt 0] basic.p4(133) Primitive standard_metadata.egress_spec = port
[10:19:37.334] [bmv2] [T] [thread 7823] [102.0] [cxt 0] basic.p4(134) Primitive hdr.ethernet.srcAddr = hdr.ethernet.dstAddr
[10:19:37.334] [bmv2] [T] [thread 7823] [102.0] [cxt 0] basic.p4(135) Primitive hdr.ethernet.dstAddr = dstAddr
[10:19:37.334] [bmv2] [T] [thread 7823] [102.0] [cxt 0] basic.p4(136) Primitive hdr.ipv4.ttl = hdr.ipv4.ttl - 1
[10:19:37.334] [bmv2] [D] [thread 7823] [102.0] [cxt 0] Pipeline 'ingress': end
[10:19:37.334] [bmv2] [D] [thread 7823] [102.0] [cxt 0] Egress port is 2
[10:19:37.334] [bmv2] [D] [thread 7826] [102.0] [cxt 0] Pipeline 'egress': start
[10:19:37.334] [bmv2] [D] [thread 7826] [102.0] [cxt 0] Pipeline 'egress': end
[10:19:37.334] [bmv2] [D] [thread 7826] [102.0] [cxt 0] Deparser 'deparser': start
[10:19:37.334] [bmv2] [D] [thread 7826] [102.0] [cxt 0] Updating checksum 'cksum'
[10:19:37.334] [bmv2] [D] [thread 7826] [102.0] [cxt 0] Deparsing header 'ethernet'
[10:19:37.334] [bmv2] [D] [thread 7826] [102.0] [cxt 0] Deparsing header 'ipv4'
[10:19:37.334] [bmv2] [D] [thread 7826] [102.0] [cxt 0] Deparser 'deparser': end
[10:19:37.335] [bmv2] [D] [thread 7828] [102.0] [cxt 0] Transmitting packet of size 98 out of port 2
[10:19:37.343] [bmv2] [D] [thread 7823] [103.0] [cxt 0] Processing packet received on port 2
[10:19:37.343] [bmv2] [D] [thread 7823] [103.0] [cxt 0] Parser 'parser': start
[10:19:37.343] [bmv2] [D] [thread 7823] [103.0] [cxt 0] Parser 'parser' entering state 'start'
[10:19:37.343] [bmv2] [D] [thread 7823] [103.0] [cxt 0] Extracting header 'ethernet'
[10:19:37.343] [bmv2] [D] [thread 7823] [103.0] [cxt 0] Parser state 'start': key is 0800
[10:19:37.343] [bmv2] [T] [thread 7823] [103.0] [cxt 0] Bytes parsed: 14
[10:19:37.343] [bmv2] [D] [thread 7823] [103.0] [cxt 0] Parser 'parser' entering state 'parse_ipv4'
[10:19:37.343] [bmv2] [D] [thread 7823] [103.0] [cxt 0] Extracting header 'ipv4'
[10:19:37.343] [bmv2] [D] [thread 7823] [103.0] [cxt 0] Parser state 'parse_ipv4' has no switch, going to default next state
[10:19:37.343] [bmv2] [T] [thread 7823] [103.0] [cxt 0] Bytes parsed: 34
[10:19:37.343] [bmv2] [D] [thread 7823] [103.0] [cxt 0] Parser 'parser': end
[10:19:37.343] [bmv2] [D] [thread 7823] [103.0] [cxt 0] Pipeline 'ingress': start
[10:19:37.343] [bmv2] [T] [thread 7823] [103.0] [cxt 0] basic.p4(173) Condition "hdr.ipv4.isValid()" (node_2) is true
[10:19:37.343] [bmv2] [T] [thread 7823] [103.0] [cxt 0] Applying table 'MyIngress.ipv4_lpm'
[10:19:37.343] [bmv2] [D] [thread 7823] [103.0] [cxt 0] Looking up key:
* hdr.ipv4.dstAddr    : 0a000202

[10:19:37.343] [bmv2] [D] [thread 7823] [103.0] [cxt 0] Table 'MyIngress.ipv4_lpm': hit with handle 1
[10:19:37.343] [bmv2] [D] [thread 7823] [103.0] [cxt 0] Dumping entry 1
Match key:
* hdr.ipv4.dstAddr    : LPM       0a000202/32
Action entry: MyIngress.ipv4_forward - 80000000400,3,

[10:19:37.343] [bmv2] [D] [thread 7823] [103.0] [cxt 0] Action entry is MyIngress.ipv4_forward - 80000000400,3,
[10:19:37.343] [bmv2] [T] [thread 7823] [103.0] [cxt 0] Action MyIngress.ipv4_forward
[10:19:37.343] [bmv2] [T] [thread 7823] [103.0] [cxt 0] basic.p4(133) Primitive standard_metadata.egress_spec = port
[10:19:37.343] [bmv2] [T] [thread 7823] [103.0] [cxt 0] basic.p4(134) Primitive hdr.ethernet.srcAddr = hdr.ethernet.dstAddr
[10:19:37.343] [bmv2] [T] [thread 7823] [103.0] [cxt 0] basic.p4(135) Primitive hdr.ethernet.dstAddr = dstAddr
[10:19:37.343] [bmv2] [T] [thread 7823] [103.0] [cxt 0] basic.p4(136) Primitive hdr.ipv4.ttl = hdr.ipv4.ttl - 1
[10:19:37.343] [bmv2] [D] [thread 7823] [103.0] [cxt 0] Pipeline 'ingress': end
[10:19:37.343] [bmv2] [D] [thread 7823] [103.0] [cxt 0] Egress port is 3
[10:19:37.344] [bmv2] [D] [thread 7827] [103.0] [cxt 0] Pipeline 'egress': start
[10:19:37.344] [bmv2] [D] [thread 7827] [103.0] [cxt 0] Pipeline 'egress': end
[10:19:37.344] [bmv2] [D] [thread 7827] [103.0] [cxt 0] Deparser 'deparser': start
[10:19:37.344] [bmv2] [D] [thread 7827] [103.0] [cxt 0] Updating checksum 'cksum'
[10:19:37.344] [bmv2] [D] [thread 7827] [103.0] [cxt 0] Deparsing header 'ethernet'
[10:19:37.344] [bmv2] [D] [thread 7827] [103.0] [cxt 0] Deparsing header 'ipv4'
[10:19:37.344] [bmv2] [D] [thread 7827] [103.0] [cxt 0] Deparser 'deparser': end
[10:19:37.344] [bmv2] [D] [thread 7828] [103.0] [cxt 0] Transmitting packet of size 98 out of port 3
[10:19:37.351] [bmv2] [D] [thread 7823] [104.0] [cxt 0] Processing packet received on port 3
[10:19:37.351] [bmv2] [D] [thread 7823] [104.0] [cxt 0] Parser 'parser': start
[10:19:37.351] [bmv2] [D] [thread 7823] [104.0] [cxt 0] Parser 'parser' entering state 'start'
[10:19:37.351] [bmv2] [D] [thread 7823] [104.0] [cxt 0] Extracting header 'ethernet'
[10:19:37.351] [bmv2] [D] [thread 7823] [104.0] [cxt 0] Parser state 'start': key is 0800
[10:19:37.351] [bmv2] [T] [thread 7823] [104.0] [cxt 0] Bytes parsed: 14
[10:19:37.351] [bmv2] [D] [thread 7823] [104.0] [cxt 0] Parser 'parser' entering state 'parse_ipv4'
[10:19:37.351] [bmv2] [D] [thread 7823] [104.0] [cxt 0] Extracting header 'ipv4'
[10:19:37.351] [bmv2] [D] [thread 7823] [104.0] [cxt 0] Parser state 'parse_ipv4' has no switch, going to default next state
[10:19:37.351] [bmv2] [T] [thread 7823] [104.0] [cxt 0] Bytes parsed: 34
[10:19:37.351] [bmv2] [D] [thread 7823] [104.0] [cxt 0] Parser 'parser': end
[10:19:37.351] [bmv2] [D] [thread 7823] [104.0] [cxt 0] Pipeline 'ingress': start
[10:19:37.351] [bmv2] [T] [thread 7823] [104.0] [cxt 0] basic.p4(173) Condition "hdr.ipv4.isValid()" (node_2) is true
[10:19:37.351] [bmv2] [T] [thread 7823] [104.0] [cxt 0] Applying table 'MyIngress.ipv4_lpm'
[10:19:37.351] [bmv2] [D] [thread 7823] [104.0] [cxt 0] Looking up key:
* hdr.ipv4.dstAddr    : 0a000404

[10:19:37.351] [bmv2] [D] [thread 7823] [104.0] [cxt 0] Table 'MyIngress.ipv4_lpm': hit with handle 3
[10:19:37.351] [bmv2] [D] [thread 7823] [104.0] [cxt 0] Dumping entry 3
Match key:
* hdr.ipv4.dstAddr    : LPM       0a000404/32
Action entry: MyIngress.ipv4_forward - 80000000444,2,

[10:19:37.351] [bmv2] [D] [thread 7823] [104.0] [cxt 0] Action entry is MyIngress.ipv4_forward - 80000000444,2,
[10:19:37.351] [bmv2] [T] [thread 7823] [104.0] [cxt 0] Action MyIngress.ipv4_forward
[10:19:37.351] [bmv2] [T] [thread 7823] [104.0] [cxt 0] basic.p4(133) Primitive standard_metadata.egress_spec = port
[10:19:37.351] [bmv2] [T] [thread 7823] [104.0] [cxt 0] basic.p4(134) Primitive hdr.ethernet.srcAddr = hdr.ethernet.dstAddr
[10:19:37.351] [bmv2] [T] [thread 7823] [104.0] [cxt 0] basic.p4(135) Primitive hdr.ethernet.dstAddr = dstAddr
[10:19:37.351] [bmv2] [T] [thread 7823] [104.0] [cxt 0] basic.p4(136) Primitive hdr.ipv4.ttl = hdr.ipv4.ttl - 1
[10:19:37.351] [bmv2] [D] [thread 7823] [104.0] [cxt 0] Pipeline 'ingress': end
[10:19:37.351] [bmv2] [D] [thread 7823] [104.0] [cxt 0] Egress port is 2
[10:19:37.352] [bmv2] [D] [thread 7826] [104.0] [cxt 0] Pipeline 'egress': start
[10:19:37.352] [bmv2] [D] [thread 7826] [104.0] [cxt 0] Pipeline 'egress': end
[10:19:37.352] [bmv2] [D] [thread 7826] [104.0] [cxt 0] Deparser 'deparser': start
[10:19:37.352] [bmv2] [D] [thread 7826] [104.0] [cxt 0] Updating checksum 'cksum'
[10:19:37.352] [bmv2] [D] [thread 7826] [104.0] [cxt 0] Deparsing header 'ethernet'
[10:19:37.352] [bmv2] [D] [thread 7826] [104.0] [cxt 0] Deparsing header 'ipv4'
[10:19:37.352] [bmv2] [D] [thread 7826] [104.0] [cxt 0] Deparser 'deparser': end
[10:19:37.352] [bmv2] [D] [thread 7828] [104.0] [cxt 0] Transmitting packet of size 98 out of port 2
[10:19:37.370] [bmv2] [D] [thread 7823] [105.0] [cxt 0] Processing packet received on port 2
[10:19:37.370] [bmv2] [D] [thread 7823] [105.0] [cxt 0] Parser 'parser': start
[10:19:37.370] [bmv2] [D] [thread 7823] [105.0] [cxt 0] Parser 'parser' entering state 'start'
[10:19:37.370] [bmv2] [D] [thread 7823] [105.0] [cxt 0] Extracting header 'ethernet'
[10:19:37.370] [bmv2] [D] [thread 7823] [105.0] [cxt 0] Parser state 'start': key is 0800
[10:19:37.370] [bmv2] [T] [thread 7823] [105.0] [cxt 0] Bytes parsed: 14
[10:19:37.370] [bmv2] [D] [thread 7823] [105.0] [cxt 0] Parser 'parser' entering state 'parse_ipv4'
[10:19:37.370] [bmv2] [D] [thread 7823] [105.0] [cxt 0] Extracting header 'ipv4'
[10:19:37.370] [bmv2] [D] [thread 7823] [105.0] [cxt 0] Parser state 'parse_ipv4' has no switch, going to default next state
[10:19:37.370] [bmv2] [T] [thread 7823] [105.0] [cxt 0] Bytes parsed: 34
[10:19:37.370] [bmv2] [D] [thread 7823] [105.0] [cxt 0] Parser 'parser': end
[10:19:37.370] [bmv2] [D] [thread 7823] [105.0] [cxt 0] Pipeline 'ingress': start
[10:19:37.371] [bmv2] [T] [thread 7823] [105.0] [cxt 0] basic.p4(173) Condition "hdr.ipv4.isValid()" (node_2) is true
[10:19:37.371] [bmv2] [T] [thread 7823] [105.0] [cxt 0] Applying table 'MyIngress.ipv4_lpm'
[10:19:37.371] [bmv2] [D] [thread 7823] [105.0] [cxt 0] Looking up key:
* hdr.ipv4.dstAddr    : 0a000303

[10:19:37.371] [bmv2] [D] [thread 7823] [105.0] [cxt 0] Table 'MyIngress.ipv4_lpm': hit with handle 2
[10:19:37.371] [bmv2] [D] [thread 7823] [105.0] [cxt 0] Dumping entry 2
Match key:
* hdr.ipv4.dstAddr    : LPM       0a000303/32
Action entry: MyIngress.ipv4_forward - 80000000333,1,

[10:19:37.371] [bmv2] [D] [thread 7823] [105.0] [cxt 0] Action entry is MyIngress.ipv4_forward - 80000000333,1,
[10:19:37.371] [bmv2] [T] [thread 7823] [105.0] [cxt 0] Action MyIngress.ipv4_forward
[10:19:37.371] [bmv2] [T] [thread 7823] [105.0] [cxt 0] basic.p4(133) Primitive standard_metadata.egress_spec = port
[10:19:37.371] [bmv2] [T] [thread 7823] [105.0] [cxt 0] basic.p4(134) Primitive hdr.ethernet.srcAddr = hdr.ethernet.dstAddr
[10:19:37.371] [bmv2] [T] [thread 7823] [105.0] [cxt 0] basic.p4(135) Primitive hdr.ethernet.dstAddr = dstAddr
[10:19:37.371] [bmv2] [T] [thread 7823] [105.0] [cxt 0] basic.p4(136) Primitive hdr.ipv4.ttl = hdr.ipv4.ttl - 1
[10:19:37.371] [bmv2] [D] [thread 7823] [105.0] [cxt 0] Pipeline 'ingress': end
[10:19:37.371] [bmv2] [D] [thread 7823] [105.0] [cxt 0] Egress port is 1
[10:19:37.371] [bmv2] [D] [thread 7825] [105.0] [cxt 0] Pipeline 'egress': start
[10:19:37.371] [bmv2] [D] [thread 7825] [105.0] [cxt 0] Pipeline 'egress': end
[10:19:37.371] [bmv2] [D] [thread 7825] [105.0] [cxt 0] Deparser 'deparser': start
[10:19:37.371] [bmv2] [D] [thread 7825] [105.0] [cxt 0] Updating checksum 'cksum'
[10:19:37.371] [bmv2] [D] [thread 7825] [105.0] [cxt 0] Deparsing header 'ethernet'
[10:19:37.371] [bmv2] [D] [thread 7825] [105.0] [cxt 0] Deparsing header 'ipv4'
[10:19:37.371] [bmv2] [D] [thread 7825] [105.0] [cxt 0] Deparser 'deparser': end
[10:19:37.372] [bmv2] [D] [thread 7828] [105.0] [cxt 0] Transmitting packet of size 98 out of port 1
[10:19:37.373] [bmv2] [D] [thread 7823] [106.0] [cxt 0] Processing packet received on port 1
[10:19:37.373] [bmv2] [D] [thread 7823] [106.0] [cxt 0] Parser 'parser': start
[10:19:37.373] [bmv2] [D] [thread 7823] [106.0] [cxt 0] Parser 'parser' entering state 'start'
[10:19:37.373] [bmv2] [D] [thread 7823] [106.0] [cxt 0] Extracting header 'ethernet'
[10:19:37.373] [bmv2] [D] [thread 7823] [106.0] [cxt 0] Parser state 'start': key is 0800
[10:19:37.373] [bmv2] [T] [thread 7823] [106.0] [cxt 0] Bytes parsed: 14
[10:19:37.373] [bmv2] [D] [thread 7823] [106.0] [cxt 0] Parser 'parser' entering state 'parse_ipv4'
[10:19:37.373] [bmv2] [D] [thread 7823] [106.0] [cxt 0] Extracting header 'ipv4'
[10:19:37.374] [bmv2] [D] [thread 7823] [106.0] [cxt 0] Parser state 'parse_ipv4' has no switch, going to default next state
[10:19:37.374] [bmv2] [T] [thread 7823] [106.0] [cxt 0] Bytes parsed: 34
[10:19:37.374] [bmv2] [D] [thread 7823] [106.0] [cxt 0] Parser 'parser': end
[10:19:37.374] [bmv2] [D] [thread 7823] [106.0] [cxt 0] Pipeline 'ingress': start
[10:19:37.374] [bmv2] [T] [thread 7823] [106.0] [cxt 0] basic.p4(173) Condition "hdr.ipv4.isValid()" (node_2) is true
[10:19:37.374] [bmv2] [T] [thread 7823] [106.0] [cxt 0] Applying table 'MyIngress.ipv4_lpm'
[10:19:37.374] [bmv2] [D] [thread 7823] [106.0] [cxt 0] Looking up key:
* hdr.ipv4.dstAddr    : 0a000404

[10:19:37.374] [bmv2] [D] [thread 7823] [106.0] [cxt 0] Table 'MyIngress.ipv4_lpm': hit with handle 3
[10:19:37.374] [bmv2] [D] [thread 7823] [106.0] [cxt 0] Dumping entry 3
Match key:
* hdr.ipv4.dstAddr    : LPM       0a000404/32
Action entry: MyIngress.ipv4_forward - 80000000444,2,

[10:19:37.374] [bmv2] [D] [thread 7823] [106.0] [cxt 0] Action entry is MyIngress.ipv4_forward - 80000000444,2,
[10:19:37.374] [bmv2] [T] [thread 7823] [106.0] [cxt 0] Action MyIngress.ipv4_forward
[10:19:37.374] [bmv2] [T] [thread 7823] [106.0] [cxt 0] basic.p4(133) Primitive standard_metadata.egress_spec = port
[10:19:37.374] [bmv2] [T] [thread 7823] [106.0] [cxt 0] basic.p4(134) Primitive hdr.ethernet.srcAddr = hdr.ethernet.dstAddr
[10:19:37.374] [bmv2] [T] [thread 7823] [106.0] [cxt 0] basic.p4(135) Primitive hdr.ethernet.dstAddr = dstAddr
[10:19:37.374] [bmv2] [T] [thread 7823] [106.0] [cxt 0] basic.p4(136) Primitive hdr.ipv4.ttl = hdr.ipv4.ttl - 1
[10:19:37.374] [bmv2] [D] [thread 7823] [106.0] [cxt 0] Pipeline 'ingress': end
[10:19:37.374] [bmv2] [D] [thread 7823] [106.0] [cxt 0] Egress port is 2
[10:19:37.374] [bmv2] [D] [thread 7826] [106.0] [cxt 0] Pipeline 'egress': start
[10:19:37.374] [bmv2] [D] [thread 7826] [106.0] [cxt 0] Pipeline 'egress': end
[10:19:37.374] [bmv2] [D] [thread 7826] [106.0] [cxt 0] Deparser 'deparser': start
[10:19:37.374] [bmv2] [D] [thread 7826] [106.0] [cxt 0] Updating checksum 'cksum'
[10:19:37.374] [bmv2] [D] [thread 7826] [106.0] [cxt 0] Deparsing header 'ethernet'
[10:19:37.374] [bmv2] [D] [thread 7826] [106.0] [cxt 0] Deparsing header 'ipv4'
[10:19:37.374] [bmv2] [D] [thread 7826] [106.0] [cxt 0] Deparser 'deparser': end
[10:19:37.374] [bmv2] [D] [thread 7828] [106.0] [cxt 0] Transmitting packet of size 98 out of port 2
[10:19:37.486] [bmv2] [D] [thread 7823] [107.0] [cxt 0] Processing packet received on port 1
[10:19:37.487] [bmv2] [D] [thread 7823] [107.0] [cxt 0] Parser 'parser': start
[10:19:37.487] [bmv2] [D] [thread 7823] [107.0] [cxt 0] Parser 'parser' entering state 'start'
[10:19:37.487] [bmv2] [D] [thread 7823] [107.0] [cxt 0] Extracting header 'ethernet'
[10:19:37.487] [bmv2] [D] [thread 7823] [107.0] [cxt 0] Parser state 'start': key is 86dd
[10:19:37.487] [bmv2] [T] [thread 7823] [107.0] [cxt 0] Bytes parsed: 14
[10:19:37.487] [bmv2] [D] [thread 7823] [107.0] [cxt 0] Parser 'parser': end
[10:19:37.487] [bmv2] [D] [thread 7823] [107.0] [cxt 0] Pipeline 'ingress': start
[10:19:37.487] [bmv2] [T] [thread 7823] [107.0] [cxt 0] basic.p4(173) Condition "hdr.ipv4.isValid()" (node_2) is false
[10:19:37.487] [bmv2] [D] [thread 7823] [107.0] [cxt 0] Pipeline 'ingress': end
[10:19:37.487] [bmv2] [D] [thread 7823] [107.0] [cxt 0] Egress port is 0
[10:19:37.488] [bmv2] [D] [thread 7824] [107.0] [cxt 0] Pipeline 'egress': start
[10:19:37.488] [bmv2] [D] [thread 7824] [107.0] [cxt 0] Pipeline 'egress': end
[10:19:37.488] [bmv2] [D] [thread 7824] [107.0] [cxt 0] Deparser 'deparser': start
[10:19:37.488] [bmv2] [T] [thread 7824] [107.0] [cxt 0] Skipping checksum 'cksum' update because condition not met
[10:19:37.488] [bmv2] [D] [thread 7824] [107.0] [cxt 0] Deparsing header 'ethernet'
[10:19:37.488] [bmv2] [D] [thread 7824] [107.0] [cxt 0] Deparser 'deparser': end
[10:19:37.488] [bmv2] [D] [thread 7823] [108.0] [cxt 0] Processing packet received on port 3
[10:19:37.488] [bmv2] [D] [thread 7823] [108.0] [cxt 0] Parser 'parser': start
[10:19:37.488] [bmv2] [D] [thread 7823] [108.0] [cxt 0] Parser 'parser' entering state 'start'
[10:19:37.488] [bmv2] [D] [thread 7823] [108.0] [cxt 0] Extracting header 'ethernet'
[10:19:37.488] [bmv2] [D] [thread 7828] [107.0] [cxt 0] Transmitting packet of size 70 out of port 0
[10:19:37.488] [bmv2] [D] [thread 7823] [108.0] [cxt 0] Parser state 'start': key is 86dd
[10:19:37.489] [bmv2] [T] [thread 7823] [108.0] [cxt 0] Bytes parsed: 14
[10:19:37.489] [bmv2] [D] [thread 7823] [108.0] [cxt 0] Parser 'parser': end
[10:19:37.489] [bmv2] [D] [thread 7823] [108.0] [cxt 0] Pipeline 'ingress': start
[10:19:37.489] [bmv2] [T] [thread 7823] [108.0] [cxt 0] basic.p4(173) Condition "hdr.ipv4.isValid()" (node_2) is false
[10:19:37.489] [bmv2] [D] [thread 7823] [108.0] [cxt 0] Pipeline 'ingress': end
[10:19:37.489] [bmv2] [D] [thread 7823] [108.0] [cxt 0] Egress port is 0
[10:19:37.489] [bmv2] [D] [thread 7824] [108.0] [cxt 0] Pipeline 'egress': start
[10:19:37.489] [bmv2] [D] [thread 7824] [108.0] [cxt 0] Pipeline 'egress': end
[10:19:37.489] [bmv2] [D] [thread 7824] [108.0] [cxt 0] Deparser 'deparser': start
[10:19:37.489] [bmv2] [T] [thread 7824] [108.0] [cxt 0] Skipping checksum 'cksum' update because condition not met
[10:19:37.489] [bmv2] [D] [thread 7824] [108.0] [cxt 0] Deparsing header 'ethernet'
[10:19:37.489] [bmv2] [D] [thread 7824] [108.0] [cxt 0] Deparser 'deparser': end
[10:19:37.490] [bmv2] [D] [thread 7828] [108.0] [cxt 0] Transmitting packet of size 70 out of port 0
[10:19:38.508] [bmv2] [D] [thread 7823] [109.0] [cxt 0] Processing packet received on port 2
[10:19:38.508] [bmv2] [D] [thread 7823] [109.0] [cxt 0] Parser 'parser': start
[10:19:38.508] [bmv2] [D] [thread 7823] [109.0] [cxt 0] Parser 'parser' entering state 'start'
[10:19:38.508] [bmv2] [D] [thread 7823] [109.0] [cxt 0] Extracting header 'ethernet'
[10:19:38.508] [bmv2] [D] [thread 7823] [109.0] [cxt 0] Parser state 'start': key is 86dd
[10:19:38.508] [bmv2] [T] [thread 7823] [109.0] [cxt 0] Bytes parsed: 14
[10:19:38.508] [bmv2] [D] [thread 7823] [109.0] [cxt 0] Parser 'parser': end
[10:19:38.508] [bmv2] [D] [thread 7823] [109.0] [cxt 0] Pipeline 'ingress': start
[10:19:38.508] [bmv2] [T] [thread 7823] [109.0] [cxt 0] basic.p4(173) Condition "hdr.ipv4.isValid()" (node_2) is false
[10:19:38.508] [bmv2] [D] [thread 7823] [109.0] [cxt 0] Pipeline 'ingress': end
[10:19:38.508] [bmv2] [D] [thread 7823] [109.0] [cxt 0] Egress port is 0
[10:19:38.508] [bmv2] [D] [thread 7823] [110.0] [cxt 0] Processing packet received on port 3
[10:19:38.508] [bmv2] [D] [thread 7823] [110.0] [cxt 0] Parser 'parser': start
[10:19:38.508] [bmv2] [D] [thread 7823] [110.0] [cxt 0] Parser 'parser' entering state 'start'
[10:19:38.508] [bmv2] [D] [thread 7823] [110.0] [cxt 0] Extracting header 'ethernet'
[10:19:38.508] [bmv2] [D] [thread 7823] [110.0] [cxt 0] Parser state 'start': key is 86dd
[10:19:38.508] [bmv2] [D] [thread 7824] [109.0] [cxt 0] Pipeline 'egress': start
[10:19:38.508] [bmv2] [D] [thread 7824] [109.0] [cxt 0] Pipeline 'egress': end
[10:19:38.508] [bmv2] [D] [thread 7824] [109.0] [cxt 0] Deparser 'deparser': start
[10:19:38.508] [bmv2] [T] [thread 7824] [109.0] [cxt 0] Skipping checksum 'cksum' update because condition not met
[10:19:38.508] [bmv2] [D] [thread 7824] [109.0] [cxt 0] Deparsing header 'ethernet'
[10:19:38.508] [bmv2] [D] [thread 7824] [109.0] [cxt 0] Deparser 'deparser': end
[10:19:38.508] [bmv2] [T] [thread 7823] [110.0] [cxt 0] Bytes parsed: 14
[10:19:38.508] [bmv2] [D] [thread 7823] [110.0] [cxt 0] Parser 'parser': end
[10:19:38.508] [bmv2] [D] [thread 7823] [110.0] [cxt 0] Pipeline 'ingress': start
[10:19:38.508] [bmv2] [T] [thread 7823] [110.0] [cxt 0] basic.p4(173) Condition "hdr.ipv4.isValid()" (node_2) is false
[10:19:38.508] [bmv2] [D] [thread 7823] [110.0] [cxt 0] Pipeline 'ingress': end
[10:19:38.508] [bmv2] [D] [thread 7823] [110.0] [cxt 0] Egress port is 0
[10:19:38.508] [bmv2] [D] [thread 7828] [109.0] [cxt 0] Transmitting packet of size 70 out of port 0
[10:19:38.508] [bmv2] [D] [thread 7824] [110.0] [cxt 0] Pipeline 'egress': start
[10:19:38.508] [bmv2] [D] [thread 7824] [110.0] [cxt 0] Pipeline 'egress': end
[10:19:38.508] [bmv2] [D] [thread 7824] [110.0] [cxt 0] Deparser 'deparser': start
[10:19:38.509] [bmv2] [T] [thread 7824] [110.0] [cxt 0] Skipping checksum 'cksum' update because condition not met
[10:19:38.509] [bmv2] [D] [thread 7824] [110.0] [cxt 0] Deparsing header 'ethernet'
[10:19:38.509] [bmv2] [D] [thread 7824] [110.0] [cxt 0] Deparser 'deparser': end
[10:19:38.509] [bmv2] [D] [thread 7828] [110.0] [cxt 0] Transmitting packet of size 70 out of port 0
[10:19:39.025] [bmv2] [D] [thread 7823] [111.0] [cxt 0] Processing packet received on port 4
[10:19:39.027] [bmv2] [D] [thread 7823] [111.0] [cxt 0] Parser 'parser': start
[10:19:39.027] [bmv2] [D] [thread 7823] [111.0] [cxt 0] Parser 'parser' entering state 'start'
[10:19:39.028] [bmv2] [D] [thread 7823] [111.0] [cxt 0] Extracting header 'ethernet'
[10:19:39.028] [bmv2] [D] [thread 7823] [111.0] [cxt 0] Parser state 'start': key is 86dd
[10:19:39.028] [bmv2] [T] [thread 7823] [111.0] [cxt 0] Bytes parsed: 14
[10:19:39.028] [bmv2] [D] [thread 7823] [111.0] [cxt 0] Parser 'parser': end
[10:19:39.029] [bmv2] [D] [thread 7823] [111.0] [cxt 0] Pipeline 'ingress': start
[10:19:39.029] [bmv2] [T] [thread 7823] [111.0] [cxt 0] basic.p4(173) Condition "hdr.ipv4.isValid()" (node_2) is false
[10:19:39.029] [bmv2] [D] [thread 7823] [111.0] [cxt 0] Pipeline 'ingress': end
[10:19:39.029] [bmv2] [D] [thread 7823] [111.0] [cxt 0] Egress port is 0
[10:19:39.029] [bmv2] [D] [thread 7824] [111.0] [cxt 0] Pipeline 'egress': start
[10:19:39.029] [bmv2] [D] [thread 7824] [111.0] [cxt 0] Pipeline 'egress': end
[10:19:39.029] [bmv2] [D] [thread 7824] [111.0] [cxt 0] Deparser 'deparser': start
[10:19:39.029] [bmv2] [T] [thread 7824] [111.0] [cxt 0] Skipping checksum 'cksum' update because condition not met
[10:19:39.029] [bmv2] [D] [thread 7824] [111.0] [cxt 0] Deparsing header 'ethernet'
[10:19:39.029] [bmv2] [D] [thread 7824] [111.0] [cxt 0] Deparser 'deparser': end
[10:19:39.029] [bmv2] [D] [thread 7828] [111.0] [cxt 0] Transmitting packet of size 70 out of port 0
[10:19:40.380] [bmv2] [D] [thread 7823] [112.0] [cxt 0] Processing packet received on port 2
[10:19:40.380] [bmv2] [D] [thread 7823] [112.0] [cxt 0] Parser 'parser': start
[10:19:40.380] [bmv2] [D] [thread 7823] [112.0] [cxt 0] Parser 'parser' entering state 'start'
[10:19:40.380] [bmv2] [D] [thread 7823] [112.0] [cxt 0] Extracting header 'ethernet'
[10:19:40.380] [bmv2] [D] [thread 7823] [112.0] [cxt 0] Parser state 'start': key is 86dd
[10:19:40.380] [bmv2] [T] [thread 7823] [112.0] [cxt 0] Bytes parsed: 14
[10:19:40.380] [bmv2] [D] [thread 7823] [112.0] [cxt 0] Parser 'parser': end
[10:19:40.380] [bmv2] [D] [thread 7823] [112.0] [cxt 0] Pipeline 'ingress': start
[10:19:40.380] [bmv2] [T] [thread 7823] [112.0] [cxt 0] basic.p4(173) Condition "hdr.ipv4.isValid()" (node_2) is false
[10:19:40.380] [bmv2] [D] [thread 7823] [112.0] [cxt 0] Pipeline 'ingress': end
[10:19:40.380] [bmv2] [D] [thread 7823] [112.0] [cxt 0] Egress port is 0
[10:19:40.380] [bmv2] [D] [thread 7824] [112.0] [cxt 0] Pipeline 'egress': start
[10:19:40.381] [bmv2] [D] [thread 7824] [112.0] [cxt 0] Pipeline 'egress': end
[10:19:40.381] [bmv2] [D] [thread 7824] [112.0] [cxt 0] Deparser 'deparser': start
[10:19:40.381] [bmv2] [T] [thread 7824] [112.0] [cxt 0] Skipping checksum 'cksum' update because condition not met
[10:19:40.381] [bmv2] [D] [thread 7824] [112.0] [cxt 0] Deparsing header 'ethernet'
[10:19:40.381] [bmv2] [D] [thread 7824] [112.0] [cxt 0] Deparser 'deparser': end
[10:19:40.381] [bmv2] [D] [thread 7828] [112.0] [cxt 0] Transmitting packet of size 107 out of port 0
[10:19:40.633] [bmv2] [D] [thread 7823] [113.0] [cxt 0] Processing packet received on port 3
[10:19:40.634] [bmv2] [D] [thread 7823] [113.0] [cxt 0] Parser 'parser': start
[10:19:40.634] [bmv2] [D] [thread 7823] [113.0] [cxt 0] Parser 'parser' entering state 'start'
[10:19:40.634] [bmv2] [D] [thread 7823] [113.0] [cxt 0] Extracting header 'ethernet'
[10:19:40.634] [bmv2] [D] [thread 7823] [113.0] [cxt 0] Parser state 'start': key is 86dd
[10:19:40.634] [bmv2] [T] [thread 7823] [113.0] [cxt 0] Bytes parsed: 14
[10:19:40.634] [bmv2] [D] [thread 7823] [113.0] [cxt 0] Parser 'parser': end
[10:19:40.634] [bmv2] [D] [thread 7823] [113.0] [cxt 0] Pipeline 'ingress': start
[10:19:40.634] [bmv2] [T] [thread 7823] [113.0] [cxt 0] basic.p4(173) Condition "hdr.ipv4.isValid()" (node_2) is false
[10:19:40.634] [bmv2] [D] [thread 7823] [113.0] [cxt 0] Pipeline 'ingress': end
[10:19:40.634] [bmv2] [D] [thread 7823] [113.0] [cxt 0] Egress port is 0
[10:19:40.634] [bmv2] [D] [thread 7824] [113.0] [cxt 0] Pipeline 'egress': start
[10:19:40.634] [bmv2] [D] [thread 7824] [113.0] [cxt 0] Pipeline 'egress': end
[10:19:40.634] [bmv2] [D] [thread 7824] [113.0] [cxt 0] Deparser 'deparser': start
[10:19:40.634] [bmv2] [T] [thread 7824] [113.0] [cxt 0] Skipping checksum 'cksum' update because condition not met
[10:19:40.634] [bmv2] [D] [thread 7824] [113.0] [cxt 0] Deparsing header 'ethernet'
[10:19:40.634] [bmv2] [D] [thread 7824] [113.0] [cxt 0] Deparser 'deparser': end
[10:19:40.635] [bmv2] [D] [thread 7828] [113.0] [cxt 0] Transmitting packet of size 107 out of port 0
[10:19:40.768] [bmv2] [D] [thread 7823] [114.0] [cxt 0] Processing packet received on port 4
[10:19:40.768] [bmv2] [D] [thread 7823] [114.0] [cxt 0] Parser 'parser': start
[10:19:40.768] [bmv2] [D] [thread 7823] [114.0] [cxt 0] Parser 'parser' entering state 'start'
[10:19:40.769] [bmv2] [D] [thread 7823] [114.0] [cxt 0] Extracting header 'ethernet'
[10:19:40.769] [bmv2] [D] [thread 7823] [114.0] [cxt 0] Parser state 'start': key is 86dd
[10:19:40.769] [bmv2] [T] [thread 7823] [114.0] [cxt 0] Bytes parsed: 14
[10:19:40.769] [bmv2] [D] [thread 7823] [114.0] [cxt 0] Parser 'parser': end
[10:19:40.769] [bmv2] [D] [thread 7823] [114.0] [cxt 0] Pipeline 'ingress': start
[10:19:40.769] [bmv2] [T] [thread 7823] [114.0] [cxt 0] basic.p4(173) Condition "hdr.ipv4.isValid()" (node_2) is false
[10:19:40.772] [bmv2] [D] [thread 7823] [114.0] [cxt 0] Pipeline 'ingress': end
[10:19:40.772] [bmv2] [D] [thread 7823] [114.0] [cxt 0] Egress port is 0
[10:19:40.772] [bmv2] [D] [thread 7824] [114.0] [cxt 0] Pipeline 'egress': start
[10:19:40.772] [bmv2] [D] [thread 7824] [114.0] [cxt 0] Pipeline 'egress': end
[10:19:40.772] [bmv2] [D] [thread 7824] [114.0] [cxt 0] Deparser 'deparser': start
[10:19:40.772] [bmv2] [T] [thread 7824] [114.0] [cxt 0] Skipping checksum 'cksum' update because condition not met
[10:19:40.773] [bmv2] [D] [thread 7824] [114.0] [cxt 0] Deparsing header 'ethernet'
[10:19:40.773] [bmv2] [D] [thread 7824] [114.0] [cxt 0] Deparser 'deparser': end
[10:19:40.773] [bmv2] [D] [thread 7828] [114.0] [cxt 0] Transmitting packet of size 107 out of port 0
[10:19:40.855] [bmv2] [D] [thread 7823] [115.0] [cxt 0] Processing packet received on port 1
[10:19:40.855] [bmv2] [D] [thread 7823] [115.0] [cxt 0] Parser 'parser': start
[10:19:40.855] [bmv2] [D] [thread 7823] [115.0] [cxt 0] Parser 'parser' entering state 'start'
[10:19:40.855] [bmv2] [D] [thread 7823] [115.0] [cxt 0] Extracting header 'ethernet'
[10:19:40.855] [bmv2] [D] [thread 7823] [115.0] [cxt 0] Parser state 'start': key is 86dd
[10:19:40.855] [bmv2] [T] [thread 7823] [115.0] [cxt 0] Bytes parsed: 14
[10:19:40.855] [bmv2] [D] [thread 7823] [115.0] [cxt 0] Parser 'parser': end
[10:19:40.855] [bmv2] [D] [thread 7823] [115.0] [cxt 0] Pipeline 'ingress': start
[10:19:40.855] [bmv2] [T] [thread 7823] [115.0] [cxt 0] basic.p4(173) Condition "hdr.ipv4.isValid()" (node_2) is false
[10:19:40.855] [bmv2] [D] [thread 7823] [115.0] [cxt 0] Pipeline 'ingress': end
[10:19:40.855] [bmv2] [D] [thread 7823] [115.0] [cxt 0] Egress port is 0
[10:19:40.856] [bmv2] [D] [thread 7824] [115.0] [cxt 0] Pipeline 'egress': start
[10:19:40.856] [bmv2] [D] [thread 7824] [115.0] [cxt 0] Pipeline 'egress': end
[10:19:40.856] [bmv2] [D] [thread 7824] [115.0] [cxt 0] Deparser 'deparser': start
[10:19:40.856] [bmv2] [T] [thread 7824] [115.0] [cxt 0] Skipping checksum 'cksum' update because condition not met
[10:19:40.856] [bmv2] [D] [thread 7824] [115.0] [cxt 0] Deparsing header 'ethernet'
[10:19:40.856] [bmv2] [D] [thread 7824] [115.0] [cxt 0] Deparser 'deparser': end
[10:19:40.857] [bmv2] [D] [thread 7828] [115.0] [cxt 0] Transmitting packet of size 107 out of port 0
[10:19:40.957] [bmv2] [D] [thread 7823] [116.0] [cxt 0] Processing packet received on port 3
[10:19:40.957] [bmv2] [D] [thread 7823] [116.0] [cxt 0] Parser 'parser': start
[10:19:40.957] [bmv2] [D] [thread 7823] [116.0] [cxt 0] Parser 'parser' entering state 'start'
[10:19:40.957] [bmv2] [D] [thread 7823] [116.0] [cxt 0] Extracting header 'ethernet'
[10:19:40.957] [bmv2] [D] [thread 7823] [116.0] [cxt 0] Parser state 'start': key is 86dd
[10:19:40.957] [bmv2] [T] [thread 7823] [116.0] [cxt 0] Bytes parsed: 14
[10:19:40.957] [bmv2] [D] [thread 7823] [116.0] [cxt 0] Parser 'parser': end
[10:19:40.957] [bmv2] [D] [thread 7823] [116.0] [cxt 0] Pipeline 'ingress': start
[10:19:40.957] [bmv2] [T] [thread 7823] [116.0] [cxt 0] basic.p4(173) Condition "hdr.ipv4.isValid()" (node_2) is false
[10:19:40.957] [bmv2] [D] [thread 7823] [116.0] [cxt 0] Pipeline 'ingress': end
[10:19:40.957] [bmv2] [D] [thread 7823] [116.0] [cxt 0] Egress port is 0
[10:19:40.958] [bmv2] [D] [thread 7824] [116.0] [cxt 0] Pipeline 'egress': start
[10:19:40.958] [bmv2] [D] [thread 7824] [116.0] [cxt 0] Pipeline 'egress': end
[10:19:40.958] [bmv2] [D] [thread 7824] [116.0] [cxt 0] Deparser 'deparser': start
[10:19:40.958] [bmv2] [T] [thread 7824] [116.0] [cxt 0] Skipping checksum 'cksum' update because condition not met
[10:19:40.958] [bmv2] [D] [thread 7824] [116.0] [cxt 0] Deparsing header 'ethernet'
[10:19:40.958] [bmv2] [D] [thread 7824] [116.0] [cxt 0] Deparser 'deparser': end
[10:19:40.958] [bmv2] [D] [thread 7828] [116.0] [cxt 0] Transmitting packet of size 107 out of port 0
[10:19:51.829] [bmv2] [D] [thread 7823] [117.0] [cxt 0] Processing packet received on port 4
[10:19:51.830] [bmv2] [D] [thread 7823] [117.0] [cxt 0] Parser 'parser': start
[10:19:51.830] [bmv2] [D] [thread 7823] [117.0] [cxt 0] Parser 'parser' entering state 'start'
[10:19:51.830] [bmv2] [D] [thread 7823] [117.0] [cxt 0] Extracting header 'ethernet'
[10:19:51.830] [bmv2] [D] [thread 7823] [117.0] [cxt 0] Parser state 'start': key is 86dd
[10:19:51.830] [bmv2] [T] [thread 7823] [117.0] [cxt 0] Bytes parsed: 14
[10:19:51.830] [bmv2] [D] [thread 7823] [117.0] [cxt 0] Parser 'parser': end
[10:19:51.830] [bmv2] [D] [thread 7823] [117.0] [cxt 0] Pipeline 'ingress': start
[10:19:51.830] [bmv2] [T] [thread 7823] [117.0] [cxt 0] basic.p4(173) Condition "hdr.ipv4.isValid()" (node_2) is false
[10:19:51.830] [bmv2] [D] [thread 7823] [117.0] [cxt 0] Pipeline 'ingress': end
[10:19:51.830] [bmv2] [D] [thread 7823] [117.0] [cxt 0] Egress port is 0
[10:19:51.831] [bmv2] [D] [thread 7824] [117.0] [cxt 0] Pipeline 'egress': start
[10:19:51.831] [bmv2] [D] [thread 7824] [117.0] [cxt 0] Pipeline 'egress': end
[10:19:51.831] [bmv2] [D] [thread 7824] [117.0] [cxt 0] Deparser 'deparser': start
[10:19:51.831] [bmv2] [T] [thread 7824] [117.0] [cxt 0] Skipping checksum 'cksum' update because condition not met
[10:19:51.831] [bmv2] [D] [thread 7824] [117.0] [cxt 0] Deparsing header 'ethernet'
[10:19:51.831] [bmv2] [D] [thread 7824] [117.0] [cxt 0] Deparser 'deparser': end
[10:19:51.832] [bmv2] [D] [thread 7828] [117.0] [cxt 0] Transmitting packet of size 70 out of port 0
[10:19:52.845] [bmv2] [D] [thread 7823] [118.0] [cxt 0] Processing packet received on port 3
[10:19:52.845] [bmv2] [D] [thread 7823] [118.0] [cxt 0] Parser 'parser': start
[10:19:52.845] [bmv2] [D] [thread 7823] [118.0] [cxt 0] Parser 'parser' entering state 'start'
[10:19:52.845] [bmv2] [D] [thread 7823] [118.0] [cxt 0] Extracting header 'ethernet'
[10:19:52.845] [bmv2] [D] [thread 7823] [118.0] [cxt 0] Parser state 'start': key is 86dd
[10:19:52.845] [bmv2] [T] [thread 7823] [118.0] [cxt 0] Bytes parsed: 14
[10:19:52.845] [bmv2] [D] [thread 7823] [118.0] [cxt 0] Parser 'parser': end
[10:19:52.845] [bmv2] [D] [thread 7823] [118.0] [cxt 0] Pipeline 'ingress': start
[10:19:52.845] [bmv2] [T] [thread 7823] [118.0] [cxt 0] basic.p4(173) Condition "hdr.ipv4.isValid()" (node_2) is false
[10:19:52.845] [bmv2] [D] [thread 7823] [118.0] [cxt 0] Pipeline 'ingress': end
[10:19:52.845] [bmv2] [D] [thread 7823] [118.0] [cxt 0] Egress port is 0
[10:19:52.847] [bmv2] [D] [thread 7824] [118.0] [cxt 0] Pipeline 'egress': start
[10:19:52.847] [bmv2] [D] [thread 7824] [118.0] [cxt 0] Pipeline 'egress': end
[10:19:52.847] [bmv2] [D] [thread 7824] [118.0] [cxt 0] Deparser 'deparser': start
[10:19:52.847] [bmv2] [T] [thread 7824] [118.0] [cxt 0] Skipping checksum 'cksum' update because condition not met
[10:19:52.847] [bmv2] [D] [thread 7824] [118.0] [cxt 0] Deparsing header 'ethernet'
[10:19:52.847] [bmv2] [D] [thread 7824] [118.0] [cxt 0] Deparser 'deparser': end
[10:19:52.847] [bmv2] [D] [thread 7828] [118.0] [cxt 0] Transmitting packet of size 70 out of port 0
[10:19:53.356] [bmv2] [D] [thread 7823] [119.0] [cxt 0] Processing packet received on port 1
[10:19:53.357] [bmv2] [D] [thread 7823] [119.0] [cxt 0] Parser 'parser': start
[10:19:53.357] [bmv2] [D] [thread 7823] [119.0] [cxt 0] Parser 'parser' entering state 'start'
[10:19:53.357] [bmv2] [D] [thread 7823] [119.0] [cxt 0] Extracting header 'ethernet'
[10:19:53.357] [bmv2] [D] [thread 7823] [119.0] [cxt 0] Parser state 'start': key is 86dd
[10:19:53.357] [bmv2] [T] [thread 7823] [119.0] [cxt 0] Bytes parsed: 14
[10:19:53.357] [bmv2] [D] [thread 7823] [119.0] [cxt 0] Parser 'parser': end
[10:19:53.357] [bmv2] [D] [thread 7823] [119.0] [cxt 0] Pipeline 'ingress': start
[10:19:53.357] [bmv2] [T] [thread 7823] [119.0] [cxt 0] basic.p4(173) Condition "hdr.ipv4.isValid()" (node_2) is false
[10:19:53.357] [bmv2] [D] [thread 7823] [119.0] [cxt 0] Pipeline 'ingress': end
[10:19:53.357] [bmv2] [D] [thread 7823] [119.0] [cxt 0] Egress port is 0
[10:19:53.357] [bmv2] [D] [thread 7824] [119.0] [cxt 0] Pipeline 'egress': start
[10:19:53.357] [bmv2] [D] [thread 7824] [119.0] [cxt 0] Pipeline 'egress': end
[10:19:53.357] [bmv2] [D] [thread 7824] [119.0] [cxt 0] Deparser 'deparser': start
[10:19:53.357] [bmv2] [T] [thread 7824] [119.0] [cxt 0] Skipping checksum 'cksum' update because condition not met
[10:19:53.357] [bmv2] [D] [thread 7824] [119.0] [cxt 0] Deparsing header 'ethernet'
[10:19:53.357] [bmv2] [D] [thread 7824] [119.0] [cxt 0] Deparser 'deparser': end
[10:19:53.358] [bmv2] [D] [thread 7828] [119.0] [cxt 0] Transmitting packet of size 70 out of port 0
[10:19:54.892] [bmv2] [D] [thread 7823] [120.0] [cxt 0] Processing packet received on port 2
[10:19:54.892] [bmv2] [D] [thread 7823] [120.0] [cxt 0] Parser 'parser': start
[10:19:54.892] [bmv2] [D] [thread 7823] [120.0] [cxt 0] Parser 'parser' entering state 'start'
[10:19:54.892] [bmv2] [D] [thread 7823] [120.0] [cxt 0] Extracting header 'ethernet'
[10:19:54.892] [bmv2] [D] [thread 7823] [120.0] [cxt 0] Parser state 'start': key is 86dd
[10:19:54.892] [bmv2] [T] [thread 7823] [120.0] [cxt 0] Bytes parsed: 14
[10:19:54.892] [bmv2] [D] [thread 7823] [120.0] [cxt 0] Parser 'parser': end
[10:19:54.892] [bmv2] [D] [thread 7823] [120.0] [cxt 0] Pipeline 'ingress': start
[10:19:54.892] [bmv2] [T] [thread 7823] [120.0] [cxt 0] basic.p4(173) Condition "hdr.ipv4.isValid()" (node_2) is false
[10:19:54.892] [bmv2] [D] [thread 7823] [120.0] [cxt 0] Pipeline 'ingress': end
[10:19:54.892] [bmv2] [D] [thread 7823] [120.0] [cxt 0] Egress port is 0
[10:19:54.893] [bmv2] [D] [thread 7824] [120.0] [cxt 0] Pipeline 'egress': start
[10:19:54.893] [bmv2] [D] [thread 7824] [120.0] [cxt 0] Pipeline 'egress': end
[10:19:54.894] [bmv2] [D] [thread 7824] [120.0] [cxt 0] Deparser 'deparser': start
[10:19:54.894] [bmv2] [T] [thread 7824] [120.0] [cxt 0] Skipping checksum 'cksum' update because condition not met
[10:19:54.894] [bmv2] [D] [thread 7824] [120.0] [cxt 0] Deparsing header 'ethernet'
[10:19:54.894] [bmv2] [D] [thread 7824] [120.0] [cxt 0] Deparser 'deparser': end
[10:19:54.895] [bmv2] [D] [thread 7828] [120.0] [cxt 0] Transmitting packet of size 70 out of port 0
[10:19:55.406] [bmv2] [D] [thread 7823] [121.0] [cxt 0] Processing packet received on port 3
[10:19:55.406] [bmv2] [D] [thread 7823] [121.0] [cxt 0] Parser 'parser': start
[10:19:55.406] [bmv2] [D] [thread 7823] [121.0] [cxt 0] Parser 'parser' entering state 'start'
[10:19:55.406] [bmv2] [D] [thread 7823] [121.0] [cxt 0] Extracting header 'ethernet'
[10:19:55.406] [bmv2] [D] [thread 7823] [121.0] [cxt 0] Parser state 'start': key is 86dd
[10:19:55.406] [bmv2] [T] [thread 7823] [121.0] [cxt 0] Bytes parsed: 14
[10:19:55.406] [bmv2] [D] [thread 7823] [121.0] [cxt 0] Parser 'parser': end
[10:19:55.407] [bmv2] [D] [thread 7823] [121.0] [cxt 0] Pipeline 'ingress': start
[10:19:55.407] [bmv2] [T] [thread 7823] [121.0] [cxt 0] basic.p4(173) Condition "hdr.ipv4.isValid()" (node_2) is false
[10:19:55.407] [bmv2] [D] [thread 7823] [121.0] [cxt 0] Pipeline 'ingress': end
[10:19:55.407] [bmv2] [D] [thread 7823] [121.0] [cxt 0] Egress port is 0
[10:19:55.408] [bmv2] [D] [thread 7824] [121.0] [cxt 0] Pipeline 'egress': start
[10:19:55.408] [bmv2] [D] [thread 7824] [121.0] [cxt 0] Pipeline 'egress': end
[10:19:55.408] [bmv2] [D] [thread 7824] [121.0] [cxt 0] Deparser 'deparser': start
[10:19:55.408] [bmv2] [T] [thread 7824] [121.0] [cxt 0] Skipping checksum 'cksum' update because condition not met
[10:19:55.408] [bmv2] [D] [thread 7824] [121.0] [cxt 0] Deparsing header 'ethernet'
[10:19:55.408] [bmv2] [D] [thread 7824] [121.0] [cxt 0] Deparser 'deparser': end
[10:19:55.409] [bmv2] [D] [thread 7828] [121.0] [cxt 0] Transmitting packet of size 70 out of port 0
[10:19:55.949] [bmv2] [D] [thread 7823] [122.0] [cxt 0] Processing packet received on port 4
[10:19:55.951] [bmv2] [D] [thread 7823] [122.0] [cxt 0] Parser 'parser': start
[10:19:55.951] [bmv2] [D] [thread 7823] [122.0] [cxt 0] Parser 'parser' entering state 'start'
[10:19:55.951] [bmv2] [D] [thread 7823] [122.0] [cxt 0] Extracting header 'ethernet'
[10:19:55.951] [bmv2] [D] [thread 7823] [122.0] [cxt 0] Parser state 'start': key is 86dd
[10:19:55.951] [bmv2] [T] [thread 7823] [122.0] [cxt 0] Bytes parsed: 14
[10:19:55.951] [bmv2] [D] [thread 7823] [122.0] [cxt 0] Parser 'parser': end
[10:19:55.951] [bmv2] [D] [thread 7823] [122.0] [cxt 0] Pipeline 'ingress': start
[10:19:55.952] [bmv2] [T] [thread 7823] [122.0] [cxt 0] basic.p4(173) Condition "hdr.ipv4.isValid()" (node_2) is false
[10:19:55.952] [bmv2] [D] [thread 7823] [122.0] [cxt 0] Pipeline 'ingress': end
[10:19:55.952] [bmv2] [D] [thread 7823] [122.0] [cxt 0] Egress port is 0
[10:19:55.952] [bmv2] [D] [thread 7824] [122.0] [cxt 0] Pipeline 'egress': start
[10:19:55.952] [bmv2] [D] [thread 7824] [122.0] [cxt 0] Pipeline 'egress': end
[10:19:55.952] [bmv2] [D] [thread 7824] [122.0] [cxt 0] Deparser 'deparser': start
[10:19:55.952] [bmv2] [T] [thread 7824] [122.0] [cxt 0] Skipping checksum 'cksum' update because condition not met
[10:19:55.952] [bmv2] [D] [thread 7824] [122.0] [cxt 0] Deparsing header 'ethernet'
[10:19:55.952] [bmv2] [D] [thread 7824] [122.0] [cxt 0] Deparser 'deparser': end
[10:19:55.953] [bmv2] [D] [thread 7828] [122.0] [cxt 0] Transmitting packet of size 70 out of port 0
[10:19:56.400] [bmv2] [D] [thread 7823] [123.0] [cxt 0] Processing packet received on port 2
[10:19:56.400] [bmv2] [D] [thread 7823] [123.0] [cxt 0] Parser 'parser': start
[10:19:56.400] [bmv2] [D] [thread 7823] [123.0] [cxt 0] Parser 'parser' entering state 'start'
[10:19:56.400] [bmv2] [D] [thread 7823] [123.0] [cxt 0] Extracting header 'ethernet'
[10:19:56.400] [bmv2] [D] [thread 7823] [123.0] [cxt 0] Parser state 'start': key is 86dd
[10:19:56.400] [bmv2] [T] [thread 7823] [123.0] [cxt 0] Bytes parsed: 14
[10:19:56.400] [bmv2] [D] [thread 7823] [123.0] [cxt 0] Parser 'parser': end
[10:19:56.400] [bmv2] [D] [thread 7823] [123.0] [cxt 0] Pipeline 'ingress': start
[10:19:56.400] [bmv2] [T] [thread 7823] [123.0] [cxt 0] basic.p4(173) Condition "hdr.ipv4.isValid()" (node_2) is false
[10:19:56.400] [bmv2] [D] [thread 7823] [123.0] [cxt 0] Pipeline 'ingress': end
[10:19:56.400] [bmv2] [D] [thread 7823] [123.0] [cxt 0] Egress port is 0
[10:19:56.400] [bmv2] [D] [thread 7824] [123.0] [cxt 0] Pipeline 'egress': start
[10:19:56.400] [bmv2] [D] [thread 7824] [123.0] [cxt 0] Pipeline 'egress': end
[10:19:56.400] [bmv2] [D] [thread 7824] [123.0] [cxt 0] Deparser 'deparser': start
[10:19:56.401] [bmv2] [T] [thread 7824] [123.0] [cxt 0] Skipping checksum 'cksum' update because condition not met
[10:19:56.401] [bmv2] [D] [thread 7824] [123.0] [cxt 0] Deparsing header 'ethernet'
[10:19:56.401] [bmv2] [D] [thread 7824] [123.0] [cxt 0] Deparser 'deparser': end
[10:19:56.401] [bmv2] [D] [thread 7828] [123.0] [cxt 0] Transmitting packet of size 107 out of port 0
[10:19:56.663] [bmv2] [D] [thread 7823] [124.0] [cxt 0] Processing packet received on port 3
[10:19:56.663] [bmv2] [D] [thread 7823] [124.0] [cxt 0] Parser 'parser': start
[10:19:56.663] [bmv2] [D] [thread 7823] [124.0] [cxt 0] Parser 'parser' entering state 'start'
[10:19:56.663] [bmv2] [D] [thread 7823] [124.0] [cxt 0] Extracting header 'ethernet'
[10:19:56.664] [bmv2] [D] [thread 7823] [124.0] [cxt 0] Parser state 'start': key is 86dd
[10:19:56.664] [bmv2] [T] [thread 7823] [124.0] [cxt 0] Bytes parsed: 14
[10:19:56.664] [bmv2] [D] [thread 7823] [124.0] [cxt 0] Parser 'parser': end
[10:19:56.664] [bmv2] [D] [thread 7823] [124.0] [cxt 0] Pipeline 'ingress': start
[10:19:56.664] [bmv2] [T] [thread 7823] [124.0] [cxt 0] basic.p4(173) Condition "hdr.ipv4.isValid()" (node_2) is false
[10:19:56.664] [bmv2] [D] [thread 7823] [124.0] [cxt 0] Pipeline 'ingress': end
[10:19:56.664] [bmv2] [D] [thread 7823] [124.0] [cxt 0] Egress port is 0
[10:19:56.665] [bmv2] [D] [thread 7824] [124.0] [cxt 0] Pipeline 'egress': start
[10:19:56.665] [bmv2] [D] [thread 7824] [124.0] [cxt 0] Pipeline 'egress': end
[10:19:56.665] [bmv2] [D] [thread 7824] [124.0] [cxt 0] Deparser 'deparser': start
[10:19:56.665] [bmv2] [T] [thread 7824] [124.0] [cxt 0] Skipping checksum 'cksum' update because condition not met
[10:19:56.665] [bmv2] [D] [thread 7824] [124.0] [cxt 0] Deparsing header 'ethernet'
[10:19:56.665] [bmv2] [D] [thread 7824] [124.0] [cxt 0] Deparser 'deparser': end
[10:19:56.666] [bmv2] [D] [thread 7828] [124.0] [cxt 0] Transmitting packet of size 107 out of port 0
[10:19:56.764] [bmv2] [D] [thread 7823] [125.0] [cxt 0] Processing packet received on port 4
[10:19:56.766] [bmv2] [D] [thread 7823] [125.0] [cxt 0] Parser 'parser': start
[10:19:56.766] [bmv2] [D] [thread 7823] [125.0] [cxt 0] Parser 'parser' entering state 'start'
[10:19:56.766] [bmv2] [D] [thread 7823] [125.0] [cxt 0] Extracting header 'ethernet'
[10:19:56.766] [bmv2] [D] [thread 7823] [125.0] [cxt 0] Parser state 'start': key is 86dd
[10:19:56.766] [bmv2] [T] [thread 7823] [125.0] [cxt 0] Bytes parsed: 14
[10:19:56.766] [bmv2] [D] [thread 7823] [125.0] [cxt 0] Parser 'parser': end
[10:19:56.766] [bmv2] [D] [thread 7823] [125.0] [cxt 0] Pipeline 'ingress': start
[10:19:56.766] [bmv2] [T] [thread 7823] [125.0] [cxt 0] basic.p4(173) Condition "hdr.ipv4.isValid()" (node_2) is false
[10:19:56.766] [bmv2] [D] [thread 7823] [125.0] [cxt 0] Pipeline 'ingress': end
[10:19:56.766] [bmv2] [D] [thread 7823] [125.0] [cxt 0] Egress port is 0
[10:19:56.767] [bmv2] [D] [thread 7824] [125.0] [cxt 0] Pipeline 'egress': start
[10:19:56.767] [bmv2] [D] [thread 7824] [125.0] [cxt 0] Pipeline 'egress': end
[10:19:56.767] [bmv2] [D] [thread 7824] [125.0] [cxt 0] Deparser 'deparser': start
[10:19:56.768] [bmv2] [T] [thread 7824] [125.0] [cxt 0] Skipping checksum 'cksum' update because condition not met
[10:19:56.768] [bmv2] [D] [thread 7824] [125.0] [cxt 0] Deparsing header 'ethernet'
[10:19:56.768] [bmv2] [D] [thread 7824] [125.0] [cxt 0] Deparser 'deparser': end
[10:19:56.768] [bmv2] [D] [thread 7828] [125.0] [cxt 0] Transmitting packet of size 107 out of port 0
[10:19:56.875] [bmv2] [D] [thread 7823] [126.0] [cxt 0] Processing packet received on port 1
[10:19:56.877] [bmv2] [D] [thread 7823] [126.0] [cxt 0] Parser 'parser': start
[10:19:56.877] [bmv2] [D] [thread 7823] [126.0] [cxt 0] Parser 'parser' entering state 'start'
[10:19:56.877] [bmv2] [D] [thread 7823] [126.0] [cxt 0] Extracting header 'ethernet'
[10:19:56.877] [bmv2] [D] [thread 7823] [126.0] [cxt 0] Parser state 'start': key is 86dd
[10:19:56.877] [bmv2] [T] [thread 7823] [126.0] [cxt 0] Bytes parsed: 14
[10:19:56.877] [bmv2] [D] [thread 7823] [126.0] [cxt 0] Parser 'parser': end
[10:19:56.877] [bmv2] [D] [thread 7823] [126.0] [cxt 0] Pipeline 'ingress': start
[10:19:56.877] [bmv2] [T] [thread 7823] [126.0] [cxt 0] basic.p4(173) Condition "hdr.ipv4.isValid()" (node_2) is false
[10:19:56.877] [bmv2] [D] [thread 7823] [126.0] [cxt 0] Pipeline 'ingress': end
[10:19:56.877] [bmv2] [D] [thread 7823] [126.0] [cxt 0] Egress port is 0
[10:19:56.878] [bmv2] [D] [thread 7824] [126.0] [cxt 0] Pipeline 'egress': start
[10:19:56.878] [bmv2] [D] [thread 7824] [126.0] [cxt 0] Pipeline 'egress': end
[10:19:56.878] [bmv2] [D] [thread 7824] [126.0] [cxt 0] Deparser 'deparser': start
[10:19:56.878] [bmv2] [T] [thread 7824] [126.0] [cxt 0] Skipping checksum 'cksum' update because condition not met
[10:19:56.878] [bmv2] [D] [thread 7824] [126.0] [cxt 0] Deparsing header 'ethernet'
[10:19:56.878] [bmv2] [D] [thread 7824] [126.0] [cxt 0] Deparser 'deparser': end
[10:19:56.880] [bmv2] [D] [thread 7828] [126.0] [cxt 0] Transmitting packet of size 107 out of port 0
[10:19:56.955] [bmv2] [D] [thread 7823] [127.0] [cxt 0] Processing packet received on port 3
[10:19:56.955] [bmv2] [D] [thread 7823] [127.0] [cxt 0] Parser 'parser': start
[10:19:56.955] [bmv2] [D] [thread 7823] [127.0] [cxt 0] Parser 'parser' entering state 'start'
[10:19:56.955] [bmv2] [D] [thread 7823] [127.0] [cxt 0] Extracting header 'ethernet'
[10:19:56.955] [bmv2] [D] [thread 7823] [127.0] [cxt 0] Parser state 'start': key is 86dd
[10:19:56.955] [bmv2] [T] [thread 7823] [127.0] [cxt 0] Bytes parsed: 14
[10:19:56.955] [bmv2] [D] [thread 7823] [127.0] [cxt 0] Parser 'parser': end
[10:19:56.955] [bmv2] [D] [thread 7823] [127.0] [cxt 0] Pipeline 'ingress': start
[10:19:56.955] [bmv2] [T] [thread 7823] [127.0] [cxt 0] basic.p4(173) Condition "hdr.ipv4.isValid()" (node_2) is false
[10:19:56.955] [bmv2] [D] [thread 7823] [127.0] [cxt 0] Pipeline 'ingress': end
[10:19:56.955] [bmv2] [D] [thread 7823] [127.0] [cxt 0] Egress port is 0
[10:19:56.956] [bmv2] [D] [thread 7824] [127.0] [cxt 0] Pipeline 'egress': start
[10:19:56.956] [bmv2] [D] [thread 7824] [127.0] [cxt 0] Pipeline 'egress': end
[10:19:56.956] [bmv2] [D] [thread 7824] [127.0] [cxt 0] Deparser 'deparser': start
[10:19:56.956] [bmv2] [T] [thread 7824] [127.0] [cxt 0] Skipping checksum 'cksum' update because condition not met
[10:19:56.956] [bmv2] [D] [thread 7824] [127.0] [cxt 0] Deparsing header 'ethernet'
[10:19:56.956] [bmv2] [D] [thread 7824] [127.0] [cxt 0] Deparser 'deparser': end
[10:19:56.956] [bmv2] [D] [thread 7828] [127.0] [cxt 0] Transmitting packet of size 107 out of port 0
open: No such file or directory
open: No such file or directory
open: No such file or directory
open: No such file or directory
open: No such file or directory
open: No such file or directory
