Calling target program-options parser
[10:19:25.877] [bmv2] [D] [thread 7830] Set default default entry for table 'MyIngress.ipv4_lpm': MyIngress.drop - 
Adding interface s3-eth1 as port 1
[10:19:25.884] [bmv2] [D] [thread 7830] Adding interface s3-eth1 as port 1
Adding interface s3-eth2 as port 2
[10:19:25.897] [bmv2] [D] [thread 7830] Adding interface s3-eth2 as port 2
Server listening on 0.0.0.0:50053
[10:19:25.927] [bmv2] [I] [thread 7830] Starting Thrift server on port 9092
[10:19:25.927] [bmv2] [I] [thread 7830] Thrift server was started
[10:19:25.929] [bmv2] [D] [thread 7845] [0.0] [cxt 0] Processing packet received on port 1
[10:19:25.929] [bmv2] [D] [thread 7845] [0.0] [cxt 0] Parser 'parser': start
[10:19:25.929] [bmv2] [D] [thread 7845] [0.0] [cxt 0] Parser 'parser' entering state 'start'
[10:19:25.929] [bmv2] [D] [thread 7845] [0.0] [cxt 0] Extracting header 'ethernet'
[10:19:25.930] [bmv2] [D] [thread 7845] [0.0] [cxt 0] Parser state 'start': key is 86dd
[10:19:25.930] [bmv2] [T] [thread 7845] [0.0] [cxt 0] Bytes parsed: 14
[10:19:25.930] [bmv2] [D] [thread 7845] [0.0] [cxt 0] Parser 'parser': end
[10:19:25.930] [bmv2] [D] [thread 7845] [0.0] [cxt 0] Pipeline 'ingress': start
[10:19:25.930] [bmv2] [T] [thread 7845] [0.0] [cxt 0] basic.p4(173) Condition "hdr.ipv4.isValid()" (node_2) is false
[10:19:25.930] [bmv2] [D] [thread 7845] [0.0] [cxt 0] Pipeline 'ingress': end
[10:19:25.930] [bmv2] [D] [thread 7845] [0.0] [cxt 0] Egress port is 0
[10:19:25.930] [bmv2] [D] [thread 7846] [0.0] [cxt 0] Pipeline 'egress': start
[10:19:25.930] [bmv2] [D] [thread 7846] [0.0] [cxt 0] Pipeline 'egress': end
[10:19:25.930] [bmv2] [D] [thread 7846] [0.0] [cxt 0] Deparser 'deparser': start
[10:19:25.930] [bmv2] [T] [thread 7846] [0.0] [cxt 0] Skipping checksum 'cksum' update because condition not met
[10:19:25.930] [bmv2] [D] [thread 7846] [0.0] [cxt 0] Deparsing header 'ethernet'
[10:19:25.930] [bmv2] [D] [thread 7846] [0.0] [cxt 0] Deparser 'deparser': end
[10:19:25.930] [bmv2] [D] [thread 7850] [0.0] [cxt 0] Transmitting packet of size 90 out of port 0
[10:19:25.970] [bmv2] [D] [thread 7845] [1.0] [cxt 0] Processing packet received on port 2
[10:19:25.970] [bmv2] [D] [thread 7845] [1.0] [cxt 0] Parser 'parser': start
[10:19:25.970] [bmv2] [D] [thread 7845] [1.0] [cxt 0] Parser 'parser' entering state 'start'
[10:19:25.970] [bmv2] [D] [thread 7845] [1.0] [cxt 0] Extracting header 'ethernet'
[10:19:25.970] [bmv2] [D] [thread 7845] [1.0] [cxt 0] Parser state 'start': key is 86dd
[10:19:25.970] [bmv2] [T] [thread 7845] [1.0] [cxt 0] Bytes parsed: 14
[10:19:25.970] [bmv2] [D] [thread 7845] [1.0] [cxt 0] Parser 'parser': end
[10:19:25.970] [bmv2] [D] [thread 7845] [1.0] [cxt 0] Pipeline 'ingress': start
[10:19:25.970] [bmv2] [T] [thread 7845] [1.0] [cxt 0] basic.p4(173) Condition "hdr.ipv4.isValid()" (node_2) is false
[10:19:25.970] [bmv2] [D] [thread 7845] [1.0] [cxt 0] Pipeline 'ingress': end
[10:19:25.970] [bmv2] [D] [thread 7845] [1.0] [cxt 0] Egress port is 0
[10:19:25.973] [bmv2] [D] [thread 7846] [1.0] [cxt 0] Pipeline 'egress': start
[10:19:25.974] [bmv2] [D] [thread 7846] [1.0] [cxt 0] Pipeline 'egress': end
[10:19:25.974] [bmv2] [D] [thread 7846] [1.0] [cxt 0] Deparser 'deparser': start
[10:19:25.974] [bmv2] [T] [thread 7846] [1.0] [cxt 0] Skipping checksum 'cksum' update because condition not met
[10:19:25.974] [bmv2] [D] [thread 7846] [1.0] [cxt 0] Deparsing header 'ethernet'
[10:19:25.974] [bmv2] [D] [thread 7846] [1.0] [cxt 0] Deparser 'deparser': end
[10:19:25.974] [bmv2] [D] [thread 7850] [1.0] [cxt 0] Transmitting packet of size 110 out of port 0
[10:19:26.041] [bmv2] [D] [thread 7845] [2.0] [cxt 0] Processing packet received on port 1
[10:19:26.041] [bmv2] [D] [thread 7845] [2.0] [cxt 0] Parser 'parser': start
[10:19:26.041] [bmv2] [D] [thread 7845] [2.0] [cxt 0] Parser 'parser' entering state 'start'
[10:19:26.041] [bmv2] [D] [thread 7845] [2.0] [cxt 0] Extracting header 'ethernet'
[10:19:26.041] [bmv2] [D] [thread 7845] [2.0] [cxt 0] Parser state 'start': key is 86dd
[10:19:26.041] [bmv2] [T] [thread 7845] [2.0] [cxt 0] Bytes parsed: 14
[10:19:26.041] [bmv2] [D] [thread 7845] [2.0] [cxt 0] Parser 'parser': end
[10:19:26.041] [bmv2] [D] [thread 7845] [2.0] [cxt 0] Pipeline 'ingress': start
[10:19:26.041] [bmv2] [T] [thread 7845] [2.0] [cxt 0] basic.p4(173) Condition "hdr.ipv4.isValid()" (node_2) is false
[10:19:26.041] [bmv2] [D] [thread 7845] [2.0] [cxt 0] Pipeline 'ingress': end
[10:19:26.041] [bmv2] [D] [thread 7845] [2.0] [cxt 0] Egress port is 0
[10:19:26.041] [bmv2] [D] [thread 7846] [2.0] [cxt 0] Pipeline 'egress': start
[10:19:26.041] [bmv2] [D] [thread 7846] [2.0] [cxt 0] Pipeline 'egress': end
[10:19:26.041] [bmv2] [D] [thread 7846] [2.0] [cxt 0] Deparser 'deparser': start
[10:19:26.041] [bmv2] [T] [thread 7846] [2.0] [cxt 0] Skipping checksum 'cksum' update because condition not met
[10:19:26.041] [bmv2] [D] [thread 7846] [2.0] [cxt 0] Deparsing header 'ethernet'
[10:19:26.042] [bmv2] [D] [thread 7846] [2.0] [cxt 0] Deparser 'deparser': end
[10:19:26.042] [bmv2] [D] [thread 7850] [2.0] [cxt 0] Transmitting packet of size 107 out of port 0
[10:19:26.042] [bmv2] [D] [thread 7845] [3.0] [cxt 0] Processing packet received on port 2
[10:19:26.042] [bmv2] [D] [thread 7845] [3.0] [cxt 0] Parser 'parser': start
[10:19:26.042] [bmv2] [D] [thread 7845] [3.0] [cxt 0] Parser 'parser' entering state 'start'
[10:19:26.042] [bmv2] [D] [thread 7845] [3.0] [cxt 0] Extracting header 'ethernet'
[10:19:26.042] [bmv2] [D] [thread 7845] [3.0] [cxt 0] Parser state 'start': key is 86dd
[10:19:26.042] [bmv2] [T] [thread 7845] [3.0] [cxt 0] Bytes parsed: 14
[10:19:26.042] [bmv2] [D] [thread 7845] [3.0] [cxt 0] Parser 'parser': end
[10:19:26.042] [bmv2] [D] [thread 7845] [3.0] [cxt 0] Pipeline 'ingress': start
[10:19:26.042] [bmv2] [T] [thread 7845] [3.0] [cxt 0] basic.p4(173) Condition "hdr.ipv4.isValid()" (node_2) is false
[10:19:26.042] [bmv2] [D] [thread 7845] [3.0] [cxt 0] Pipeline 'ingress': end
[10:19:26.042] [bmv2] [D] [thread 7845] [3.0] [cxt 0] Egress port is 0
[10:19:26.042] [bmv2] [D] [thread 7846] [3.0] [cxt 0] Pipeline 'egress': start
[10:19:26.042] [bmv2] [D] [thread 7846] [3.0] [cxt 0] Pipeline 'egress': end
[10:19:26.042] [bmv2] [D] [thread 7846] [3.0] [cxt 0] Deparser 'deparser': start
[10:19:26.042] [bmv2] [T] [thread 7846] [3.0] [cxt 0] Skipping checksum 'cksum' update because condition not met
[10:19:26.042] [bmv2] [D] [thread 7846] [3.0] [cxt 0] Deparsing header 'ethernet'
[10:19:26.042] [bmv2] [D] [thread 7846] [3.0] [cxt 0] Deparser 'deparser': end
[10:19:26.042] [bmv2] [D] [thread 7850] [3.0] [cxt 0] Transmitting packet of size 211 out of port 0
[10:19:26.042] [bmv2] [D] [thread 7845] [4.0] [cxt 0] Processing packet received on port 1
[10:19:26.042] [bmv2] [D] [thread 7845] [4.0] [cxt 0] Parser 'parser': start
[10:19:26.042] [bmv2] [D] [thread 7845] [4.0] [cxt 0] Parser 'parser' entering state 'start'
[10:19:26.042] [bmv2] [D] [thread 7845] [4.0] [cxt 0] Extracting header 'ethernet'
[10:19:26.042] [bmv2] [D] [thread 7845] [4.0] [cxt 0] Parser state 'start': key is 86dd
[10:19:26.042] [bmv2] [T] [thread 7845] [4.0] [cxt 0] Bytes parsed: 14
[10:19:26.042] [bmv2] [D] [thread 7845] [4.0] [cxt 0] Parser 'parser': end
[10:19:26.042] [bmv2] [D] [thread 7845] [4.0] [cxt 0] Pipeline 'ingress': start
[10:19:26.042] [bmv2] [T] [thread 7845] [4.0] [cxt 0] basic.p4(173) Condition "hdr.ipv4.isValid()" (node_2) is false
[10:19:26.042] [bmv2] [D] [thread 7845] [4.0] [cxt 0] Pipeline 'ingress': end
[10:19:26.042] [bmv2] [D] [thread 7845] [4.0] [cxt 0] Egress port is 0
[10:19:26.042] [bmv2] [D] [thread 7846] [4.0] [cxt 0] Pipeline 'egress': start
[10:19:26.042] [bmv2] [D] [thread 7846] [4.0] [cxt 0] Pipeline 'egress': end
[10:19:26.042] [bmv2] [D] [thread 7846] [4.0] [cxt 0] Deparser 'deparser': start
[10:19:26.042] [bmv2] [T] [thread 7846] [4.0] [cxt 0] Skipping checksum 'cksum' update because condition not met
[10:19:26.042] [bmv2] [D] [thread 7846] [4.0] [cxt 0] Deparsing header 'ethernet'
[10:19:26.042] [bmv2] [D] [thread 7846] [4.0] [cxt 0] Deparser 'deparser': end
[10:19:26.042] [bmv2] [D] [thread 7850] [4.0] [cxt 0] Transmitting packet of size 90 out of port 0
[10:19:26.042] [bmv2] [D] [thread 7845] [5.0] [cxt 0] Processing packet received on port 1
[10:19:26.042] [bmv2] [D] [thread 7845] [5.0] [cxt 0] Parser 'parser': start
[10:19:26.042] [bmv2] [D] [thread 7845] [5.0] [cxt 0] Parser 'parser' entering state 'start'
[10:19:26.042] [bmv2] [D] [thread 7845] [5.0] [cxt 0] Extracting header 'ethernet'
[10:19:26.042] [bmv2] [D] [thread 7845] [5.0] [cxt 0] Parser state 'start': key is 86dd
[10:19:26.042] [bmv2] [T] [thread 7845] [5.0] [cxt 0] Bytes parsed: 14
[10:19:26.042] [bmv2] [D] [thread 7845] [5.0] [cxt 0] Parser 'parser': end
[10:19:26.043] [bmv2] [D] [thread 7845] [5.0] [cxt 0] Pipeline 'ingress': start
[10:19:26.043] [bmv2] [T] [thread 7845] [5.0] [cxt 0] basic.p4(173) Condition "hdr.ipv4.isValid()" (node_2) is false
[10:19:26.043] [bmv2] [D] [thread 7845] [5.0] [cxt 0] Pipeline 'ingress': end
[10:19:26.043] [bmv2] [D] [thread 7845] [5.0] [cxt 0] Egress port is 0
[10:19:26.043] [bmv2] [D] [thread 7846] [5.0] [cxt 0] Pipeline 'egress': start
[10:19:26.043] [bmv2] [D] [thread 7846] [5.0] [cxt 0] Pipeline 'egress': end
[10:19:26.043] [bmv2] [D] [thread 7846] [5.0] [cxt 0] Deparser 'deparser': start
[10:19:26.043] [bmv2] [T] [thread 7846] [5.0] [cxt 0] Skipping checksum 'cksum' update because condition not met
[10:19:26.043] [bmv2] [D] [thread 7846] [5.0] [cxt 0] Deparsing header 'ethernet'
[10:19:26.043] [bmv2] [D] [thread 7846] [5.0] [cxt 0] Deparser 'deparser': end
[10:19:26.043] [bmv2] [D] [thread 7850] [5.0] [cxt 0] Transmitting packet of size 211 out of port 0
[10:19:26.043] [bmv2] [D] [thread 7845] [6.0] [cxt 0] Processing packet received on port 1
[10:19:26.043] [bmv2] [D] [thread 7845] [6.0] [cxt 0] Parser 'parser': start
[10:19:26.043] [bmv2] [D] [thread 7845] [6.0] [cxt 0] Parser 'parser' entering state 'start'
[10:19:26.043] [bmv2] [D] [thread 7845] [6.0] [cxt 0] Extracting header 'ethernet'
[10:19:26.043] [bmv2] [D] [thread 7845] [6.0] [cxt 0] Parser state 'start': key is 86dd
[10:19:26.043] [bmv2] [T] [thread 7845] [6.0] [cxt 0] Bytes parsed: 14
[10:19:26.043] [bmv2] [D] [thread 7845] [6.0] [cxt 0] Parser 'parser': end
[10:19:26.043] [bmv2] [D] [thread 7845] [6.0] [cxt 0] Pipeline 'ingress': start
[10:19:26.043] [bmv2] [T] [thread 7845] [6.0] [cxt 0] basic.p4(173) Condition "hdr.ipv4.isValid()" (node_2) is false
[10:19:26.043] [bmv2] [D] [thread 7845] [6.0] [cxt 0] Pipeline 'ingress': end
[10:19:26.043] [bmv2] [D] [thread 7845] [6.0] [cxt 0] Egress port is 0
[10:19:26.043] [bmv2] [D] [thread 7846] [6.0] [cxt 0] Pipeline 'egress': start
[10:19:26.043] [bmv2] [D] [thread 7846] [6.0] [cxt 0] Pipeline 'egress': end
[10:19:26.043] [bmv2] [D] [thread 7846] [6.0] [cxt 0] Deparser 'deparser': start
[10:19:26.043] [bmv2] [T] [thread 7846] [6.0] [cxt 0] Skipping checksum 'cksum' update because condition not met
[10:19:26.043] [bmv2] [D] [thread 7846] [6.0] [cxt 0] Deparsing header 'ethernet'
[10:19:26.043] [bmv2] [D] [thread 7846] [6.0] [cxt 0] Deparser 'deparser': end
[10:19:26.043] [bmv2] [D] [thread 7850] [6.0] [cxt 0] Transmitting packet of size 70 out of port 0
[10:19:26.043] [bmv2] [D] [thread 7845] [7.0] [cxt 0] Processing packet received on port 1
[10:19:26.043] [bmv2] [D] [thread 7845] [7.0] [cxt 0] Parser 'parser': start
[10:19:26.043] [bmv2] [D] [thread 7845] [7.0] [cxt 0] Parser 'parser' entering state 'start'
[10:19:26.043] [bmv2] [D] [thread 7845] [7.0] [cxt 0] Extracting header 'ethernet'
[10:19:26.043] [bmv2] [D] [thread 7845] [7.0] [cxt 0] Parser state 'start': key is 86dd
[10:19:26.043] [bmv2] [T] [thread 7845] [7.0] [cxt 0] Bytes parsed: 14
[10:19:26.043] [bmv2] [D] [thread 7845] [7.0] [cxt 0] Parser 'parser': end
[10:19:26.043] [bmv2] [D] [thread 7845] [7.0] [cxt 0] Pipeline 'ingress': start
[10:19:26.043] [bmv2] [T] [thread 7845] [7.0] [cxt 0] basic.p4(173) Condition "hdr.ipv4.isValid()" (node_2) is false
[10:19:26.043] [bmv2] [D] [thread 7845] [7.0] [cxt 0] Pipeline 'ingress': end
[10:19:26.043] [bmv2] [D] [thread 7845] [7.0] [cxt 0] Egress port is 0
[10:19:26.043] [bmv2] [D] [thread 7846] [7.0] [cxt 0] Pipeline 'egress': start
[10:19:26.043] [bmv2] [D] [thread 7846] [7.0] [cxt 0] Pipeline 'egress': end
[10:19:26.043] [bmv2] [D] [thread 7846] [7.0] [cxt 0] Deparser 'deparser': start
[10:19:26.043] [bmv2] [T] [thread 7846] [7.0] [cxt 0] Skipping checksum 'cksum' update because condition not met
[10:19:26.043] [bmv2] [D] [thread 7846] [7.0] [cxt 0] Deparsing header 'ethernet'
[10:19:26.043] [bmv2] [D] [thread 7846] [7.0] [cxt 0] Deparser 'deparser': end
[10:19:26.043] [bmv2] [D] [thread 7850] [7.0] [cxt 0] Transmitting packet of size 90 out of port 0
[10:19:26.059] [bmv2] [D] [thread 7845] [8.0] [cxt 0] Processing packet received on port 2
[10:19:26.059] [bmv2] [D] [thread 7845] [8.0] [cxt 0] Parser 'parser': start
[10:19:26.059] [bmv2] [D] [thread 7845] [8.0] [cxt 0] Parser 'parser' entering state 'start'
[10:19:26.059] [bmv2] [D] [thread 7845] [8.0] [cxt 0] Extracting header 'ethernet'
[10:19:26.059] [bmv2] [D] [thread 7845] [8.0] [cxt 0] Parser state 'start': key is 86dd
[10:19:26.059] [bmv2] [T] [thread 7845] [8.0] [cxt 0] Bytes parsed: 14
[10:19:26.059] [bmv2] [D] [thread 7845] [8.0] [cxt 0] Parser 'parser': end
[10:19:26.060] [bmv2] [D] [thread 7845] [8.0] [cxt 0] Pipeline 'ingress': start
[10:19:26.060] [bmv2] [T] [thread 7845] [8.0] [cxt 0] basic.p4(173) Condition "hdr.ipv4.isValid()" (node_2) is false
[10:19:26.060] [bmv2] [D] [thread 7845] [8.0] [cxt 0] Pipeline 'ingress': end
[10:19:26.060] [bmv2] [D] [thread 7845] [8.0] [cxt 0] Egress port is 0
[10:19:26.060] [bmv2] [D] [thread 7846] [8.0] [cxt 0] Pipeline 'egress': start
[10:19:26.060] [bmv2] [D] [thread 7846] [8.0] [cxt 0] Pipeline 'egress': end
[10:19:26.060] [bmv2] [D] [thread 7846] [8.0] [cxt 0] Deparser 'deparser': start
[10:19:26.060] [bmv2] [T] [thread 7846] [8.0] [cxt 0] Skipping checksum 'cksum' update because condition not met
[10:19:26.060] [bmv2] [D] [thread 7846] [8.0] [cxt 0] Deparsing header 'ethernet'
[10:19:26.060] [bmv2] [D] [thread 7846] [8.0] [cxt 0] Deparser 'deparser': end
[10:19:26.060] [bmv2] [D] [thread 7850] [8.0] [cxt 0] Transmitting packet of size 110 out of port 0
[10:19:26.095] [bmv2] [D] [thread 7845] [9.0] [cxt 0] Processing packet received on port 2
[10:19:26.095] [bmv2] [D] [thread 7845] [9.0] [cxt 0] Parser 'parser': start
[10:19:26.095] [bmv2] [D] [thread 7845] [9.0] [cxt 0] Parser 'parser' entering state 'start'
[10:19:26.095] [bmv2] [D] [thread 7845] [9.0] [cxt 0] Extracting header 'ethernet'
[10:19:26.095] [bmv2] [D] [thread 7845] [9.0] [cxt 0] Parser state 'start': key is 86dd
[10:19:26.095] [bmv2] [T] [thread 7845] [9.0] [cxt 0] Bytes parsed: 14
[10:19:26.095] [bmv2] [D] [thread 7845] [9.0] [cxt 0] Parser 'parser': end
[10:19:26.095] [bmv2] [D] [thread 7845] [9.0] [cxt 0] Pipeline 'ingress': start
[10:19:26.095] [bmv2] [T] [thread 7845] [9.0] [cxt 0] basic.p4(173) Condition "hdr.ipv4.isValid()" (node_2) is false
[10:19:26.095] [bmv2] [D] [thread 7845] [9.0] [cxt 0] Pipeline 'ingress': end
[10:19:26.095] [bmv2] [D] [thread 7845] [9.0] [cxt 0] Egress port is 0
[10:19:26.095] [bmv2] [D] [thread 7846] [9.0] [cxt 0] Pipeline 'egress': start
[10:19:26.095] [bmv2] [D] [thread 7846] [9.0] [cxt 0] Pipeline 'egress': end
[10:19:26.095] [bmv2] [D] [thread 7846] [9.0] [cxt 0] Deparser 'deparser': start
[10:19:26.095] [bmv2] [T] [thread 7846] [9.0] [cxt 0] Skipping checksum 'cksum' update because condition not met
[10:19:26.095] [bmv2] [D] [thread 7846] [9.0] [cxt 0] Deparsing header 'ethernet'
[10:19:26.095] [bmv2] [D] [thread 7846] [9.0] [cxt 0] Deparser 'deparser': end
[10:19:26.095] [bmv2] [D] [thread 7850] [9.0] [cxt 0] Transmitting packet of size 211 out of port 0
[10:19:26.144] [bmv2] [D] [thread 7845] [10.0] [cxt 0] Processing packet received on port 1
[10:19:26.144] [bmv2] [D] [thread 7845] [10.0] [cxt 0] Parser 'parser': start
[10:19:26.144] [bmv2] [D] [thread 7845] [10.0] [cxt 0] Parser 'parser' entering state 'start'
[10:19:26.144] [bmv2] [D] [thread 7845] [10.0] [cxt 0] Extracting header 'ethernet'
[10:19:26.145] [bmv2] [D] [thread 7845] [10.0] [cxt 0] Parser state 'start': key is 86dd
[10:19:26.145] [bmv2] [T] [thread 7845] [10.0] [cxt 0] Bytes parsed: 14
[10:19:26.145] [bmv2] [D] [thread 7845] [10.0] [cxt 0] Parser 'parser': end
[10:19:26.145] [bmv2] [D] [thread 7845] [10.0] [cxt 0] Pipeline 'ingress': start
[10:19:26.145] [bmv2] [T] [thread 7845] [10.0] [cxt 0] basic.p4(173) Condition "hdr.ipv4.isValid()" (node_2) is false
[10:19:26.145] [bmv2] [D] [thread 7845] [10.0] [cxt 0] Pipeline 'ingress': end
[10:19:26.145] [bmv2] [D] [thread 7845] [10.0] [cxt 0] Egress port is 0
[10:19:26.145] [bmv2] [D] [thread 7846] [10.0] [cxt 0] Pipeline 'egress': start
[10:19:26.145] [bmv2] [D] [thread 7846] [10.0] [cxt 0] Pipeline 'egress': end
[10:19:26.145] [bmv2] [D] [thread 7846] [10.0] [cxt 0] Deparser 'deparser': start
[10:19:26.145] [bmv2] [T] [thread 7846] [10.0] [cxt 0] Skipping checksum 'cksum' update because condition not met
[10:19:26.145] [bmv2] [D] [thread 7846] [10.0] [cxt 0] Deparsing header 'ethernet'
[10:19:26.145] [bmv2] [D] [thread 7846] [10.0] [cxt 0] Deparser 'deparser': end
[10:19:26.145] [bmv2] [D] [thread 7850] [10.0] [cxt 0] Transmitting packet of size 107 out of port 0
[10:19:26.172] [bmv2] [D] [thread 7845] [11.0] [cxt 0] Processing packet received on port 1
[10:19:26.172] [bmv2] [D] [thread 7845] [11.0] [cxt 0] Parser 'parser': start
[10:19:26.172] [bmv2] [D] [thread 7845] [11.0] [cxt 0] Parser 'parser' entering state 'start'
[10:19:26.172] [bmv2] [D] [thread 7845] [11.0] [cxt 0] Extracting header 'ethernet'
[10:19:26.172] [bmv2] [D] [thread 7845] [11.0] [cxt 0] Parser state 'start': key is 86dd
[10:19:26.172] [bmv2] [T] [thread 7845] [11.0] [cxt 0] Bytes parsed: 14
[10:19:26.172] [bmv2] [D] [thread 7845] [11.0] [cxt 0] Parser 'parser': end
[10:19:26.172] [bmv2] [D] [thread 7845] [11.0] [cxt 0] Pipeline 'ingress': start
[10:19:26.172] [bmv2] [T] [thread 7845] [11.0] [cxt 0] basic.p4(173) Condition "hdr.ipv4.isValid()" (node_2) is false
[10:19:26.172] [bmv2] [D] [thread 7845] [11.0] [cxt 0] Pipeline 'ingress': end
[10:19:26.172] [bmv2] [D] [thread 7845] [11.0] [cxt 0] Egress port is 0
[10:19:26.172] [bmv2] [D] [thread 7846] [11.0] [cxt 0] Pipeline 'egress': start
[10:19:26.172] [bmv2] [D] [thread 7846] [11.0] [cxt 0] Pipeline 'egress': end
[10:19:26.172] [bmv2] [D] [thread 7846] [11.0] [cxt 0] Deparser 'deparser': start
[10:19:26.172] [bmv2] [T] [thread 7846] [11.0] [cxt 0] Skipping checksum 'cksum' update because condition not met
[10:19:26.172] [bmv2] [D] [thread 7846] [11.0] [cxt 0] Deparsing header 'ethernet'
[10:19:26.172] [bmv2] [D] [thread 7846] [11.0] [cxt 0] Deparser 'deparser': end
[10:19:26.172] [bmv2] [D] [thread 7850] [11.0] [cxt 0] Transmitting packet of size 211 out of port 0
[10:19:26.244] [bmv2] [D] [thread 7845] [12.0] [cxt 0] Processing packet received on port 1
[10:19:26.244] [bmv2] [D] [thread 7845] [12.0] [cxt 0] Parser 'parser': start
[10:19:26.244] [bmv2] [D] [thread 7845] [12.0] [cxt 0] Parser 'parser' entering state 'start'
[10:19:26.244] [bmv2] [D] [thread 7845] [12.0] [cxt 0] Extracting header 'ethernet'
[10:19:26.244] [bmv2] [D] [thread 7845] [12.0] [cxt 0] Parser state 'start': key is 86dd
[10:19:26.244] [bmv2] [T] [thread 7845] [12.0] [cxt 0] Bytes parsed: 14
[10:19:26.244] [bmv2] [D] [thread 7845] [12.0] [cxt 0] Parser 'parser': end
[10:19:26.244] [bmv2] [D] [thread 7845] [12.0] [cxt 0] Pipeline 'ingress': start
[10:19:26.244] [bmv2] [T] [thread 7845] [12.0] [cxt 0] basic.p4(173) Condition "hdr.ipv4.isValid()" (node_2) is false
[10:19:26.244] [bmv2] [D] [thread 7845] [12.0] [cxt 0] Pipeline 'ingress': end
[10:19:26.245] [bmv2] [D] [thread 7845] [12.0] [cxt 0] Egress port is 0
[10:19:26.245] [bmv2] [D] [thread 7846] [12.0] [cxt 0] Pipeline 'egress': start
[10:19:26.245] [bmv2] [D] [thread 7846] [12.0] [cxt 0] Pipeline 'egress': end
[10:19:26.245] [bmv2] [D] [thread 7846] [12.0] [cxt 0] Deparser 'deparser': start
[10:19:26.245] [bmv2] [T] [thread 7846] [12.0] [cxt 0] Skipping checksum 'cksum' update because condition not met
[10:19:26.245] [bmv2] [D] [thread 7846] [12.0] [cxt 0] Deparsing header 'ethernet'
[10:19:26.245] [bmv2] [D] [thread 7846] [12.0] [cxt 0] Deparser 'deparser': end
[10:19:26.245] [bmv2] [D] [thread 7850] [12.0] [cxt 0] Transmitting packet of size 90 out of port 0
[10:19:26.282] [bmv2] [D] [thread 7845] [13.0] [cxt 0] Processing packet received on port 2
[10:19:26.282] [bmv2] [D] [thread 7845] [13.0] [cxt 0] Parser 'parser': start
[10:19:26.282] [bmv2] [D] [thread 7845] [13.0] [cxt 0] Parser 'parser' entering state 'start'
[10:19:26.282] [bmv2] [D] [thread 7845] [13.0] [cxt 0] Extracting header 'ethernet'
[10:19:26.282] [bmv2] [D] [thread 7845] [13.0] [cxt 0] Parser state 'start': key is 86dd
[10:19:26.282] [bmv2] [T] [thread 7845] [13.0] [cxt 0] Bytes parsed: 14
[10:19:26.282] [bmv2] [D] [thread 7845] [13.0] [cxt 0] Parser 'parser': end
[10:19:26.282] [bmv2] [D] [thread 7845] [13.0] [cxt 0] Pipeline 'ingress': start
[10:19:26.282] [bmv2] [T] [thread 7845] [13.0] [cxt 0] basic.p4(173) Condition "hdr.ipv4.isValid()" (node_2) is false
[10:19:26.282] [bmv2] [D] [thread 7845] [13.0] [cxt 0] Pipeline 'ingress': end
[10:19:26.282] [bmv2] [D] [thread 7845] [13.0] [cxt 0] Egress port is 0
[10:19:26.283] [bmv2] [D] [thread 7845] [14.0] [cxt 0] Processing packet received on port 1
[10:19:26.283] [bmv2] [D] [thread 7845] [14.0] [cxt 0] Parser 'parser': start
[10:19:26.283] [bmv2] [D] [thread 7845] [14.0] [cxt 0] Parser 'parser' entering state 'start'
[10:19:26.283] [bmv2] [D] [thread 7845] [14.0] [cxt 0] Extracting header 'ethernet'
[10:19:26.283] [bmv2] [D] [thread 7845] [14.0] [cxt 0] Parser state 'start': key is 86dd
[10:19:26.283] [bmv2] [T] [thread 7845] [14.0] [cxt 0] Bytes parsed: 14
[10:19:26.283] [bmv2] [D] [thread 7845] [14.0] [cxt 0] Parser 'parser': end
[10:19:26.283] [bmv2] [D] [thread 7845] [14.0] [cxt 0] Pipeline 'ingress': start
[10:19:26.283] [bmv2] [T] [thread 7845] [14.0] [cxt 0] basic.p4(173) Condition "hdr.ipv4.isValid()" (node_2) is false
[10:19:26.283] [bmv2] [D] [thread 7845] [14.0] [cxt 0] Pipeline 'ingress': end
[10:19:26.283] [bmv2] [D] [thread 7845] [14.0] [cxt 0] Egress port is 0
[10:19:26.283] [bmv2] [D] [thread 7846] [13.0] [cxt 0] Pipeline 'egress': start
[10:19:26.283] [bmv2] [D] [thread 7846] [13.0] [cxt 0] Pipeline 'egress': end
[10:19:26.283] [bmv2] [D] [thread 7846] [13.0] [cxt 0] Deparser 'deparser': start
[10:19:26.283] [bmv2] [T] [thread 7846] [13.0] [cxt 0] Skipping checksum 'cksum' update because condition not met
[10:19:26.283] [bmv2] [D] [thread 7846] [13.0] [cxt 0] Deparsing header 'ethernet'
[10:19:26.283] [bmv2] [D] [thread 7846] [13.0] [cxt 0] Deparser 'deparser': end
[10:19:26.283] [bmv2] [D] [thread 7850] [13.0] [cxt 0] Transmitting packet of size 211 out of port 0
[10:19:26.283] [bmv2] [D] [thread 7846] [14.0] [cxt 0] Pipeline 'egress': start
[10:19:26.283] [bmv2] [D] [thread 7846] [14.0] [cxt 0] Pipeline 'egress': end
[10:19:26.283] [bmv2] [D] [thread 7846] [14.0] [cxt 0] Deparser 'deparser': start
[10:19:26.283] [bmv2] [T] [thread 7846] [14.0] [cxt 0] Skipping checksum 'cksum' update because condition not met
[10:19:26.283] [bmv2] [D] [thread 7846] [14.0] [cxt 0] Deparsing header 'ethernet'
[10:19:26.283] [bmv2] [D] [thread 7846] [14.0] [cxt 0] Deparser 'deparser': end
[10:19:26.283] [bmv2] [D] [thread 7850] [14.0] [cxt 0] Transmitting packet of size 211 out of port 0
[10:19:26.342] [bmv2] [D] [thread 7845] [15.0] [cxt 0] Processing packet received on port 1
[10:19:26.343] [bmv2] [D] [thread 7845] [15.0] [cxt 0] Parser 'parser': start
[10:19:26.343] [bmv2] [D] [thread 7845] [15.0] [cxt 0] Parser 'parser' entering state 'start'
[10:19:26.343] [bmv2] [D] [thread 7845] [15.0] [cxt 0] Extracting header 'ethernet'
[10:19:26.345] [bmv2] [D] [thread 7845] [15.0] [cxt 0] Parser state 'start': key is 86dd
[10:19:26.345] [bmv2] [T] [thread 7845] [15.0] [cxt 0] Bytes parsed: 14
[10:19:26.345] [bmv2] [D] [thread 7845] [15.0] [cxt 0] Parser 'parser': end
[10:19:26.345] [bmv2] [D] [thread 7845] [15.0] [cxt 0] Pipeline 'ingress': start
[10:19:26.345] [bmv2] [T] [thread 7845] [15.0] [cxt 0] basic.p4(173) Condition "hdr.ipv4.isValid()" (node_2) is false
[10:19:26.345] [bmv2] [D] [thread 7845] [15.0] [cxt 0] Pipeline 'ingress': end
[10:19:26.345] [bmv2] [D] [thread 7845] [15.0] [cxt 0] Egress port is 0
[10:19:26.345] [bmv2] [D] [thread 7845] [16.0] [cxt 0] Processing packet received on port 2
[10:19:26.345] [bmv2] [D] [thread 7845] [16.0] [cxt 0] Parser 'parser': start
[10:19:26.345] [bmv2] [D] [thread 7845] [16.0] [cxt 0] Parser 'parser' entering state 'start'
[10:19:26.345] [bmv2] [D] [thread 7845] [16.0] [cxt 0] Extracting header 'ethernet'
[10:19:26.346] [bmv2] [D] [thread 7845] [16.0] [cxt 0] Parser state 'start': key is 86dd
[10:19:26.346] [bmv2] [T] [thread 7845] [16.0] [cxt 0] Bytes parsed: 14
[10:19:26.346] [bmv2] [D] [thread 7845] [16.0] [cxt 0] Parser 'parser': end
[10:19:26.346] [bmv2] [D] [thread 7845] [16.0] [cxt 0] Pipeline 'ingress': start
[10:19:26.346] [bmv2] [T] [thread 7845] [16.0] [cxt 0] basic.p4(173) Condition "hdr.ipv4.isValid()" (node_2) is false
[10:19:26.346] [bmv2] [D] [thread 7845] [16.0] [cxt 0] Pipeline 'ingress': end
[10:19:26.346] [bmv2] [D] [thread 7845] [16.0] [cxt 0] Egress port is 0
[10:19:26.346] [bmv2] [D] [thread 7846] [15.0] [cxt 0] Pipeline 'egress': start
[10:19:26.346] [bmv2] [D] [thread 7846] [15.0] [cxt 0] Pipeline 'egress': end
[10:19:26.346] [bmv2] [D] [thread 7846] [15.0] [cxt 0] Deparser 'deparser': start
[10:19:26.346] [bmv2] [T] [thread 7846] [15.0] [cxt 0] Skipping checksum 'cksum' update because condition not met
[10:19:26.346] [bmv2] [D] [thread 7846] [15.0] [cxt 0] Deparsing header 'ethernet'
[10:19:26.346] [bmv2] [D] [thread 7846] [15.0] [cxt 0] Deparser 'deparser': end
[10:19:26.346] [bmv2] [D] [thread 7846] [16.0] [cxt 0] Pipeline 'egress': start
[10:19:26.346] [bmv2] [D] [thread 7846] [16.0] [cxt 0] Pipeline 'egress': end
[10:19:26.346] [bmv2] [D] [thread 7846] [16.0] [cxt 0] Deparser 'deparser': start
[10:19:26.346] [bmv2] [T] [thread 7846] [16.0] [cxt 0] Skipping checksum 'cksum' update because condition not met
[10:19:26.346] [bmv2] [D] [thread 7846] [16.0] [cxt 0] Deparsing header 'ethernet'
[10:19:26.346] [bmv2] [D] [thread 7846] [16.0] [cxt 0] Deparser 'deparser': end
[10:19:26.346] [bmv2] [D] [thread 7850] [15.0] [cxt 0] Transmitting packet of size 110 out of port 0
[10:19:26.346] [bmv2] [D] [thread 7850] [16.0] [cxt 0] Transmitting packet of size 211 out of port 0
[10:19:26.415] [bmv2] [D] [thread 7845] [17.0] [cxt 0] Processing packet received on port 2
[10:19:26.415] [bmv2] [D] [thread 7845] [17.0] [cxt 0] Parser 'parser': start
[10:19:26.415] [bmv2] [D] [thread 7845] [17.0] [cxt 0] Parser 'parser' entering state 'start'
[10:19:26.415] [bmv2] [D] [thread 7845] [17.0] [cxt 0] Extracting header 'ethernet'
[10:19:26.415] [bmv2] [D] [thread 7845] [17.0] [cxt 0] Parser state 'start': key is 86dd
[10:19:26.415] [bmv2] [T] [thread 7845] [17.0] [cxt 0] Bytes parsed: 14
[10:19:26.415] [bmv2] [D] [thread 7845] [17.0] [cxt 0] Parser 'parser': end
[10:19:26.415] [bmv2] [D] [thread 7845] [17.0] [cxt 0] Pipeline 'ingress': start
[10:19:26.415] [bmv2] [T] [thread 7845] [17.0] [cxt 0] basic.p4(173) Condition "hdr.ipv4.isValid()" (node_2) is false
[10:19:26.415] [bmv2] [D] [thread 7845] [17.0] [cxt 0] Pipeline 'ingress': end
[10:19:26.415] [bmv2] [D] [thread 7845] [17.0] [cxt 0] Egress port is 0
[10:19:26.415] [bmv2] [D] [thread 7846] [17.0] [cxt 0] Pipeline 'egress': start
[10:19:26.416] [bmv2] [D] [thread 7846] [17.0] [cxt 0] Pipeline 'egress': end
[10:19:26.416] [bmv2] [D] [thread 7846] [17.0] [cxt 0] Deparser 'deparser': start
[10:19:26.416] [bmv2] [T] [thread 7846] [17.0] [cxt 0] Skipping checksum 'cksum' update because condition not met
[10:19:26.416] [bmv2] [D] [thread 7846] [17.0] [cxt 0] Deparsing header 'ethernet'
[10:19:26.416] [bmv2] [D] [thread 7846] [17.0] [cxt 0] Deparser 'deparser': end
[10:19:26.416] [bmv2] [D] [thread 7850] [17.0] [cxt 0] Transmitting packet of size 90 out of port 0
[10:19:26.426] [bmv2] [D] [thread 7845] [18.0] [cxt 0] Processing packet received on port 1
[10:19:26.427] [bmv2] [D] [thread 7845] [18.0] [cxt 0] Parser 'parser': start
[10:19:26.427] [bmv2] [D] [thread 7845] [18.0] [cxt 0] Parser 'parser' entering state 'start'
[10:19:26.427] [bmv2] [D] [thread 7845] [18.0] [cxt 0] Extracting header 'ethernet'
[10:19:26.427] [bmv2] [D] [thread 7845] [18.0] [cxt 0] Parser state 'start': key is 86dd
[10:19:26.427] [bmv2] [T] [thread 7845] [18.0] [cxt 0] Bytes parsed: 14
[10:19:26.427] [bmv2] [D] [thread 7845] [18.0] [cxt 0] Parser 'parser': end
[10:19:26.427] [bmv2] [D] [thread 7845] [18.0] [cxt 0] Pipeline 'ingress': start
[10:19:26.427] [bmv2] [T] [thread 7845] [18.0] [cxt 0] basic.p4(173) Condition "hdr.ipv4.isValid()" (node_2) is false
[10:19:26.427] [bmv2] [D] [thread 7845] [18.0] [cxt 0] Pipeline 'ingress': end
[10:19:26.427] [bmv2] [D] [thread 7845] [18.0] [cxt 0] Egress port is 0
[10:19:26.427] [bmv2] [D] [thread 7846] [18.0] [cxt 0] Pipeline 'egress': start
[10:19:26.427] [bmv2] [D] [thread 7846] [18.0] [cxt 0] Pipeline 'egress': end
[10:19:26.427] [bmv2] [D] [thread 7846] [18.0] [cxt 0] Deparser 'deparser': start
[10:19:26.427] [bmv2] [T] [thread 7846] [18.0] [cxt 0] Skipping checksum 'cksum' update because condition not met
[10:19:26.427] [bmv2] [D] [thread 7846] [18.0] [cxt 0] Deparsing header 'ethernet'
[10:19:26.427] [bmv2] [D] [thread 7846] [18.0] [cxt 0] Deparser 'deparser': end
[10:19:26.427] [bmv2] [D] [thread 7850] [18.0] [cxt 0] Transmitting packet of size 211 out of port 0
[10:19:26.484] [bmv2] [D] [thread 7845] [19.0] [cxt 0] Processing packet received on port 2
[10:19:26.484] [bmv2] [D] [thread 7845] [19.0] [cxt 0] Parser 'parser': start
[10:19:26.484] [bmv2] [D] [thread 7845] [19.0] [cxt 0] Parser 'parser' entering state 'start'
[10:19:26.484] [bmv2] [D] [thread 7845] [19.0] [cxt 0] Extracting header 'ethernet'
[10:19:26.484] [bmv2] [D] [thread 7845] [19.0] [cxt 0] Parser state 'start': key is 86dd
[10:19:26.484] [bmv2] [T] [thread 7845] [19.0] [cxt 0] Bytes parsed: 14
[10:19:26.484] [bmv2] [D] [thread 7845] [19.0] [cxt 0] Parser 'parser': end
[10:19:26.484] [bmv2] [D] [thread 7845] [19.0] [cxt 0] Pipeline 'ingress': start
[10:19:26.484] [bmv2] [T] [thread 7845] [19.0] [cxt 0] basic.p4(173) Condition "hdr.ipv4.isValid()" (node_2) is false
[10:19:26.485] [bmv2] [D] [thread 7845] [19.0] [cxt 0] Pipeline 'ingress': end
[10:19:26.485] [bmv2] [D] [thread 7845] [19.0] [cxt 0] Egress port is 0
[10:19:26.485] [bmv2] [D] [thread 7846] [19.0] [cxt 0] Pipeline 'egress': start
[10:19:26.485] [bmv2] [D] [thread 7846] [19.0] [cxt 0] Pipeline 'egress': end
[10:19:26.485] [bmv2] [D] [thread 7846] [19.0] [cxt 0] Deparser 'deparser': start
[10:19:26.485] [bmv2] [T] [thread 7846] [19.0] [cxt 0] Skipping checksum 'cksum' update because condition not met
[10:19:26.485] [bmv2] [D] [thread 7846] [19.0] [cxt 0] Deparsing header 'ethernet'
[10:19:26.485] [bmv2] [D] [thread 7846] [19.0] [cxt 0] Deparser 'deparser': end
[10:19:26.485] [bmv2] [D] [thread 7850] [19.0] [cxt 0] Transmitting packet of size 199 out of port 0
[10:19:26.534] [bmv2] [D] [thread 7845] [20.0] [cxt 0] Processing packet received on port 1
[10:19:26.534] [bmv2] [D] [thread 7845] [20.0] [cxt 0] Parser 'parser': start
[10:19:26.534] [bmv2] [D] [thread 7845] [20.0] [cxt 0] Parser 'parser' entering state 'start'
[10:19:26.534] [bmv2] [D] [thread 7845] [20.0] [cxt 0] Extracting header 'ethernet'
[10:19:26.534] [bmv2] [D] [thread 7845] [20.0] [cxt 0] Parser state 'start': key is 86dd
[10:19:26.534] [bmv2] [T] [thread 7845] [20.0] [cxt 0] Bytes parsed: 14
[10:19:26.534] [bmv2] [D] [thread 7845] [20.0] [cxt 0] Parser 'parser': end
[10:19:26.534] [bmv2] [D] [thread 7845] [20.0] [cxt 0] Pipeline 'ingress': start
[10:19:26.534] [bmv2] [T] [thread 7845] [20.0] [cxt 0] basic.p4(173) Condition "hdr.ipv4.isValid()" (node_2) is false
[10:19:26.534] [bmv2] [D] [thread 7845] [20.0] [cxt 0] Pipeline 'ingress': end
[10:19:26.534] [bmv2] [D] [thread 7845] [20.0] [cxt 0] Egress port is 0
[10:19:26.536] [bmv2] [D] [thread 7846] [20.0] [cxt 0] Pipeline 'egress': start
[10:19:26.536] [bmv2] [D] [thread 7846] [20.0] [cxt 0] Pipeline 'egress': end
[10:19:26.536] [bmv2] [D] [thread 7846] [20.0] [cxt 0] Deparser 'deparser': start
[10:19:26.536] [bmv2] [T] [thread 7846] [20.0] [cxt 0] Skipping checksum 'cksum' update because condition not met
[10:19:26.536] [bmv2] [D] [thread 7846] [20.0] [cxt 0] Deparsing header 'ethernet'
[10:19:26.536] [bmv2] [D] [thread 7846] [20.0] [cxt 0] Deparser 'deparser': end
[10:19:26.537] [bmv2] [D] [thread 7850] [20.0] [cxt 0] Transmitting packet of size 211 out of port 0
[10:19:26.538] [bmv2] [D] [thread 7845] [21.0] [cxt 0] Processing packet received on port 1
[10:19:26.538] [bmv2] [D] [thread 7845] [21.0] [cxt 0] Parser 'parser': start
[10:19:26.538] [bmv2] [D] [thread 7845] [21.0] [cxt 0] Parser 'parser' entering state 'start'
[10:19:26.538] [bmv2] [D] [thread 7845] [21.0] [cxt 0] Extracting header 'ethernet'
[10:19:26.538] [bmv2] [D] [thread 7845] [21.0] [cxt 0] Parser state 'start': key is 86dd
[10:19:26.538] [bmv2] [T] [thread 7845] [21.0] [cxt 0] Bytes parsed: 14
[10:19:26.538] [bmv2] [D] [thread 7845] [21.0] [cxt 0] Parser 'parser': end
[10:19:26.538] [bmv2] [D] [thread 7845] [21.0] [cxt 0] Pipeline 'ingress': start
[10:19:26.538] [bmv2] [T] [thread 7845] [21.0] [cxt 0] basic.p4(173) Condition "hdr.ipv4.isValid()" (node_2) is false
[10:19:26.538] [bmv2] [D] [thread 7845] [21.0] [cxt 0] Pipeline 'ingress': end
[10:19:26.538] [bmv2] [D] [thread 7845] [21.0] [cxt 0] Egress port is 0
[10:19:26.538] [bmv2] [D] [thread 7846] [21.0] [cxt 0] Pipeline 'egress': start
[10:19:26.538] [bmv2] [D] [thread 7846] [21.0] [cxt 0] Pipeline 'egress': end
[10:19:26.538] [bmv2] [D] [thread 7846] [21.0] [cxt 0] Deparser 'deparser': start
[10:19:26.538] [bmv2] [T] [thread 7846] [21.0] [cxt 0] Skipping checksum 'cksum' update because condition not met
[10:19:26.538] [bmv2] [D] [thread 7846] [21.0] [cxt 0] Deparsing header 'ethernet'
[10:19:26.538] [bmv2] [D] [thread 7846] [21.0] [cxt 0] Deparser 'deparser': end
[10:19:26.538] [bmv2] [D] [thread 7850] [21.0] [cxt 0] Transmitting packet of size 90 out of port 0
[10:19:26.550] [bmv2] [D] [thread 7845] [22.0] [cxt 0] Processing packet received on port 2
[10:19:26.551] [bmv2] [D] [thread 7845] [22.0] [cxt 0] Parser 'parser': start
[10:19:26.551] [bmv2] [D] [thread 7845] [22.0] [cxt 0] Parser 'parser' entering state 'start'
[10:19:26.551] [bmv2] [D] [thread 7845] [22.0] [cxt 0] Extracting header 'ethernet'
[10:19:26.551] [bmv2] [D] [thread 7845] [22.0] [cxt 0] Parser state 'start': key is 86dd
[10:19:26.551] [bmv2] [T] [thread 7845] [22.0] [cxt 0] Bytes parsed: 14
[10:19:26.551] [bmv2] [D] [thread 7845] [22.0] [cxt 0] Parser 'parser': end
[10:19:26.551] [bmv2] [D] [thread 7845] [22.0] [cxt 0] Pipeline 'ingress': start
[10:19:26.551] [bmv2] [T] [thread 7845] [22.0] [cxt 0] basic.p4(173) Condition "hdr.ipv4.isValid()" (node_2) is false
[10:19:26.551] [bmv2] [D] [thread 7845] [22.0] [cxt 0] Pipeline 'ingress': end
[10:19:26.551] [bmv2] [D] [thread 7845] [22.0] [cxt 0] Egress port is 0
[10:19:26.551] [bmv2] [D] [thread 7846] [22.0] [cxt 0] Pipeline 'egress': start
[10:19:26.551] [bmv2] [D] [thread 7846] [22.0] [cxt 0] Pipeline 'egress': end
[10:19:26.551] [bmv2] [D] [thread 7846] [22.0] [cxt 0] Deparser 'deparser': start
[10:19:26.551] [bmv2] [T] [thread 7846] [22.0] [cxt 0] Skipping checksum 'cksum' update because condition not met
[10:19:26.551] [bmv2] [D] [thread 7846] [22.0] [cxt 0] Deparsing header 'ethernet'
[10:19:26.551] [bmv2] [D] [thread 7846] [22.0] [cxt 0] Deparser 'deparser': end
[10:19:26.551] [bmv2] [D] [thread 7850] [22.0] [cxt 0] Transmitting packet of size 199 out of port 0
[10:19:26.608] [bmv2] [D] [thread 7845] [23.0] [cxt 0] Processing packet received on port 2
[10:19:26.608] [bmv2] [D] [thread 7845] [23.0] [cxt 0] Parser 'parser': start
[10:19:26.608] [bmv2] [D] [thread 7845] [23.0] [cxt 0] Parser 'parser' entering state 'start'
[10:19:26.608] [bmv2] [D] [thread 7845] [23.0] [cxt 0] Extracting header 'ethernet'
[10:19:26.608] [bmv2] [D] [thread 7845] [23.0] [cxt 0] Parser state 'start': key is 86dd
[10:19:26.608] [bmv2] [T] [thread 7845] [23.0] [cxt 0] Bytes parsed: 14
[10:19:26.608] [bmv2] [D] [thread 7845] [23.0] [cxt 0] Parser 'parser': end
[10:19:26.608] [bmv2] [D] [thread 7845] [23.0] [cxt 0] Pipeline 'ingress': start
[10:19:26.608] [bmv2] [T] [thread 7845] [23.0] [cxt 0] basic.p4(173) Condition "hdr.ipv4.isValid()" (node_2) is false
[10:19:26.608] [bmv2] [D] [thread 7845] [23.0] [cxt 0] Pipeline 'ingress': end
[10:19:26.608] [bmv2] [D] [thread 7845] [23.0] [cxt 0] Egress port is 0
[10:19:26.609] [bmv2] [D] [thread 7846] [23.0] [cxt 0] Pipeline 'egress': start
[10:19:26.609] [bmv2] [D] [thread 7846] [23.0] [cxt 0] Pipeline 'egress': end
[10:19:26.609] [bmv2] [D] [thread 7846] [23.0] [cxt 0] Deparser 'deparser': start
[10:19:26.609] [bmv2] [T] [thread 7846] [23.0] [cxt 0] Skipping checksum 'cksum' update because condition not met
[10:19:26.609] [bmv2] [D] [thread 7846] [23.0] [cxt 0] Deparsing header 'ethernet'
[10:19:26.609] [bmv2] [D] [thread 7846] [23.0] [cxt 0] Deparser 'deparser': end
[10:19:26.609] [bmv2] [D] [thread 7850] [23.0] [cxt 0] Transmitting packet of size 90 out of port 0
[10:19:26.669] [bmv2] [D] [thread 7845] [24.0] [cxt 0] Processing packet received on port 1
[10:19:26.669] [bmv2] [D] [thread 7845] [24.0] [cxt 0] Parser 'parser': start
[10:19:26.670] [bmv2] [D] [thread 7845] [24.0] [cxt 0] Parser 'parser' entering state 'start'
[10:19:26.670] [bmv2] [D] [thread 7845] [24.0] [cxt 0] Extracting header 'ethernet'
[10:19:26.670] [bmv2] [D] [thread 7845] [24.0] [cxt 0] Parser state 'start': key is 86dd
[10:19:26.670] [bmv2] [T] [thread 7845] [24.0] [cxt 0] Bytes parsed: 14
[10:19:26.670] [bmv2] [D] [thread 7845] [24.0] [cxt 0] Parser 'parser': end
[10:19:26.670] [bmv2] [D] [thread 7845] [24.0] [cxt 0] Pipeline 'ingress': start
[10:19:26.670] [bmv2] [T] [thread 7845] [24.0] [cxt 0] basic.p4(173) Condition "hdr.ipv4.isValid()" (node_2) is false
[10:19:26.670] [bmv2] [D] [thread 7845] [24.0] [cxt 0] Pipeline 'ingress': end
[10:19:26.670] [bmv2] [D] [thread 7845] [24.0] [cxt 0] Egress port is 0
[10:19:26.671] [bmv2] [D] [thread 7846] [24.0] [cxt 0] Pipeline 'egress': start
[10:19:26.671] [bmv2] [D] [thread 7846] [24.0] [cxt 0] Pipeline 'egress': end
[10:19:26.671] [bmv2] [D] [thread 7846] [24.0] [cxt 0] Deparser 'deparser': start
[10:19:26.671] [bmv2] [T] [thread 7846] [24.0] [cxt 0] Skipping checksum 'cksum' update because condition not met
[10:19:26.671] [bmv2] [D] [thread 7846] [24.0] [cxt 0] Deparsing header 'ethernet'
[10:19:26.671] [bmv2] [D] [thread 7846] [24.0] [cxt 0] Deparser 'deparser': end
[10:19:26.671] [bmv2] [D] [thread 7850] [24.0] [cxt 0] Transmitting packet of size 110 out of port 0
[10:19:26.684] [bmv2] [D] [thread 7845] [25.0] [cxt 0] Processing packet received on port 1
[10:19:26.684] [bmv2] [D] [thread 7845] [25.0] [cxt 0] Parser 'parser': start
[10:19:26.684] [bmv2] [D] [thread 7845] [25.0] [cxt 0] Parser 'parser' entering state 'start'
[10:19:26.684] [bmv2] [D] [thread 7845] [25.0] [cxt 0] Extracting header 'ethernet'
[10:19:26.684] [bmv2] [D] [thread 7845] [25.0] [cxt 0] Parser state 'start': key is 86dd
[10:19:26.684] [bmv2] [T] [thread 7845] [25.0] [cxt 0] Bytes parsed: 14
[10:19:26.684] [bmv2] [D] [thread 7845] [25.0] [cxt 0] Parser 'parser': end
[10:19:26.684] [bmv2] [D] [thread 7845] [25.0] [cxt 0] Pipeline 'ingress': start
[10:19:26.684] [bmv2] [T] [thread 7845] [25.0] [cxt 0] basic.p4(173) Condition "hdr.ipv4.isValid()" (node_2) is false
[10:19:26.684] [bmv2] [D] [thread 7845] [25.0] [cxt 0] Pipeline 'ingress': end
[10:19:26.684] [bmv2] [D] [thread 7845] [25.0] [cxt 0] Egress port is 0
[10:19:26.685] [bmv2] [D] [thread 7846] [25.0] [cxt 0] Pipeline 'egress': start
[10:19:26.685] [bmv2] [D] [thread 7846] [25.0] [cxt 0] Pipeline 'egress': end
[10:19:26.685] [bmv2] [D] [thread 7846] [25.0] [cxt 0] Deparser 'deparser': start
[10:19:26.685] [bmv2] [T] [thread 7846] [25.0] [cxt 0] Skipping checksum 'cksum' update because condition not met
[10:19:26.685] [bmv2] [D] [thread 7846] [25.0] [cxt 0] Deparsing header 'ethernet'
[10:19:26.685] [bmv2] [D] [thread 7846] [25.0] [cxt 0] Deparser 'deparser': end
[10:19:26.685] [bmv2] [D] [thread 7850] [25.0] [cxt 0] Transmitting packet of size 211 out of port 0
[10:19:26.737] [bmv2] [D] [thread 7845] [26.0] [cxt 0] Processing packet received on port 1
[10:19:26.737] [bmv2] [D] [thread 7845] [26.0] [cxt 0] Parser 'parser': start
[10:19:26.737] [bmv2] [D] [thread 7845] [26.0] [cxt 0] Parser 'parser' entering state 'start'
[10:19:26.737] [bmv2] [D] [thread 7845] [26.0] [cxt 0] Extracting header 'ethernet'
[10:19:26.737] [bmv2] [D] [thread 7845] [26.0] [cxt 0] Parser state 'start': key is 86dd
[10:19:26.737] [bmv2] [T] [thread 7845] [26.0] [cxt 0] Bytes parsed: 14
[10:19:26.737] [bmv2] [D] [thread 7845] [26.0] [cxt 0] Parser 'parser': end
[10:19:26.737] [bmv2] [D] [thread 7845] [26.0] [cxt 0] Pipeline 'ingress': start
[10:19:26.737] [bmv2] [T] [thread 7845] [26.0] [cxt 0] basic.p4(173) Condition "hdr.ipv4.isValid()" (node_2) is false
[10:19:26.737] [bmv2] [D] [thread 7845] [26.0] [cxt 0] Pipeline 'ingress': end
[10:19:26.737] [bmv2] [D] [thread 7845] [26.0] [cxt 0] Egress port is 0
[10:19:26.738] [bmv2] [D] [thread 7846] [26.0] [cxt 0] Pipeline 'egress': start
[10:19:26.738] [bmv2] [D] [thread 7846] [26.0] [cxt 0] Pipeline 'egress': end
[10:19:26.738] [bmv2] [D] [thread 7846] [26.0] [cxt 0] Deparser 'deparser': start
[10:19:26.738] [bmv2] [T] [thread 7846] [26.0] [cxt 0] Skipping checksum 'cksum' update because condition not met
[10:19:26.738] [bmv2] [D] [thread 7846] [26.0] [cxt 0] Deparsing header 'ethernet'
[10:19:26.738] [bmv2] [D] [thread 7846] [26.0] [cxt 0] Deparser 'deparser': end
[10:19:26.738] [bmv2] [D] [thread 7850] [26.0] [cxt 0] Transmitting packet of size 199 out of port 0
[10:19:26.750] [bmv2] [D] [thread 7845] [27.0] [cxt 0] Processing packet received on port 2
[10:19:26.750] [bmv2] [D] [thread 7845] [27.0] [cxt 0] Parser 'parser': start
[10:19:26.750] [bmv2] [D] [thread 7845] [27.0] [cxt 0] Parser 'parser' entering state 'start'
[10:19:26.750] [bmv2] [D] [thread 7845] [27.0] [cxt 0] Extracting header 'ethernet'
[10:19:26.750] [bmv2] [D] [thread 7845] [27.0] [cxt 0] Parser state 'start': key is 86dd
[10:19:26.750] [bmv2] [T] [thread 7845] [27.0] [cxt 0] Bytes parsed: 14
[10:19:26.750] [bmv2] [D] [thread 7845] [27.0] [cxt 0] Parser 'parser': end
[10:19:26.750] [bmv2] [D] [thread 7845] [27.0] [cxt 0] Pipeline 'ingress': start
[10:19:26.750] [bmv2] [T] [thread 7845] [27.0] [cxt 0] basic.p4(173) Condition "hdr.ipv4.isValid()" (node_2) is false
[10:19:26.751] [bmv2] [D] [thread 7845] [27.0] [cxt 0] Pipeline 'ingress': end
[10:19:26.751] [bmv2] [D] [thread 7845] [27.0] [cxt 0] Egress port is 0
[10:19:26.751] [bmv2] [D] [thread 7846] [27.0] [cxt 0] Pipeline 'egress': start
[10:19:26.751] [bmv2] [D] [thread 7846] [27.0] [cxt 0] Pipeline 'egress': end
[10:19:26.751] [bmv2] [D] [thread 7846] [27.0] [cxt 0] Deparser 'deparser': start
[10:19:26.751] [bmv2] [T] [thread 7846] [27.0] [cxt 0] Skipping checksum 'cksum' update because condition not met
[10:19:26.751] [bmv2] [D] [thread 7846] [27.0] [cxt 0] Deparsing header 'ethernet'
[10:19:26.751] [bmv2] [D] [thread 7846] [27.0] [cxt 0] Deparser 'deparser': end
[10:19:26.751] [bmv2] [D] [thread 7850] [27.0] [cxt 0] Transmitting packet of size 107 out of port 0
[10:19:26.885] [bmv2] [D] [thread 7845] [28.0] [cxt 0] Processing packet received on port 1
[10:19:26.885] [bmv2] [D] [thread 7845] [28.0] [cxt 0] Parser 'parser': start
[10:19:26.885] [bmv2] [D] [thread 7845] [28.0] [cxt 0] Parser 'parser' entering state 'start'
[10:19:26.885] [bmv2] [D] [thread 7845] [28.0] [cxt 0] Extracting header 'ethernet'
[10:19:26.885] [bmv2] [D] [thread 7845] [28.0] [cxt 0] Parser state 'start': key is 86dd
[10:19:26.885] [bmv2] [T] [thread 7845] [28.0] [cxt 0] Bytes parsed: 14
[10:19:26.885] [bmv2] [D] [thread 7845] [28.0] [cxt 0] Parser 'parser': end
[10:19:26.885] [bmv2] [D] [thread 7845] [28.0] [cxt 0] Pipeline 'ingress': start
[10:19:26.885] [bmv2] [T] [thread 7845] [28.0] [cxt 0] basic.p4(173) Condition "hdr.ipv4.isValid()" (node_2) is false
[10:19:26.885] [bmv2] [D] [thread 7845] [28.0] [cxt 0] Pipeline 'ingress': end
[10:19:26.885] [bmv2] [D] [thread 7845] [28.0] [cxt 0] Egress port is 0
[10:19:26.886] [bmv2] [D] [thread 7846] [28.0] [cxt 0] Pipeline 'egress': start
[10:19:26.886] [bmv2] [D] [thread 7846] [28.0] [cxt 0] Pipeline 'egress': end
[10:19:26.886] [bmv2] [D] [thread 7846] [28.0] [cxt 0] Deparser 'deparser': start
[10:19:26.886] [bmv2] [T] [thread 7846] [28.0] [cxt 0] Skipping checksum 'cksum' update because condition not met
[10:19:26.886] [bmv2] [D] [thread 7846] [28.0] [cxt 0] Deparsing header 'ethernet'
[10:19:26.886] [bmv2] [D] [thread 7846] [28.0] [cxt 0] Deparser 'deparser': end
[10:19:26.886] [bmv2] [D] [thread 7850] [28.0] [cxt 0] Transmitting packet of size 199 out of port 0
[10:19:27.004] [bmv2] [D] [thread 7845] [29.0] [cxt 0] Processing packet received on port 1
[10:19:27.004] [bmv2] [D] [thread 7845] [29.0] [cxt 0] Parser 'parser': start
[10:19:27.004] [bmv2] [D] [thread 7845] [29.0] [cxt 0] Parser 'parser' entering state 'start'
[10:19:27.004] [bmv2] [D] [thread 7845] [29.0] [cxt 0] Extracting header 'ethernet'
[10:19:27.005] [bmv2] [D] [thread 7845] [29.0] [cxt 0] Parser state 'start': key is 86dd
[10:19:27.005] [bmv2] [T] [thread 7845] [29.0] [cxt 0] Bytes parsed: 14
[10:19:27.005] [bmv2] [D] [thread 7845] [29.0] [cxt 0] Parser 'parser': end
[10:19:27.005] [bmv2] [D] [thread 7845] [29.0] [cxt 0] Pipeline 'ingress': start
[10:19:27.005] [bmv2] [T] [thread 7845] [29.0] [cxt 0] basic.p4(173) Condition "hdr.ipv4.isValid()" (node_2) is false
[10:19:27.005] [bmv2] [D] [thread 7845] [29.0] [cxt 0] Pipeline 'ingress': end
[10:19:27.005] [bmv2] [D] [thread 7845] [29.0] [cxt 0] Egress port is 0
[10:19:27.005] [bmv2] [D] [thread 7846] [29.0] [cxt 0] Pipeline 'egress': start
[10:19:27.005] [bmv2] [D] [thread 7846] [29.0] [cxt 0] Pipeline 'egress': end
[10:19:27.005] [bmv2] [D] [thread 7846] [29.0] [cxt 0] Deparser 'deparser': start
[10:19:27.005] [bmv2] [T] [thread 7846] [29.0] [cxt 0] Skipping checksum 'cksum' update because condition not met
[10:19:27.005] [bmv2] [D] [thread 7846] [29.0] [cxt 0] Deparsing header 'ethernet'
[10:19:27.005] [bmv2] [D] [thread 7846] [29.0] [cxt 0] Deparser 'deparser': end
[10:19:27.005] [bmv2] [D] [thread 7850] [29.0] [cxt 0] Transmitting packet of size 107 out of port 0
[10:19:27.575] [bmv2] [D] [thread 7845] [30.0] [cxt 0] Processing packet received on port 2
[10:19:27.575] [bmv2] [D] [thread 7845] [30.0] [cxt 0] Parser 'parser': start
[10:19:27.575] [bmv2] [D] [thread 7845] [30.0] [cxt 0] Parser 'parser' entering state 'start'
[10:19:27.575] [bmv2] [D] [thread 7845] [30.0] [cxt 0] Extracting header 'ethernet'
[10:19:27.575] [bmv2] [D] [thread 7845] [30.0] [cxt 0] Parser state 'start': key is 86dd
[10:19:27.575] [bmv2] [T] [thread 7845] [30.0] [cxt 0] Bytes parsed: 14
[10:19:27.575] [bmv2] [D] [thread 7845] [30.0] [cxt 0] Parser 'parser': end
[10:19:27.575] [bmv2] [D] [thread 7845] [30.0] [cxt 0] Pipeline 'ingress': start
[10:19:27.575] [bmv2] [T] [thread 7845] [30.0] [cxt 0] basic.p4(173) Condition "hdr.ipv4.isValid()" (node_2) is false
[10:19:27.575] [bmv2] [D] [thread 7845] [30.0] [cxt 0] Pipeline 'ingress': end
[10:19:27.575] [bmv2] [D] [thread 7845] [30.0] [cxt 0] Egress port is 0
[10:19:27.576] [bmv2] [D] [thread 7846] [30.0] [cxt 0] Pipeline 'egress': start
[10:19:27.576] [bmv2] [D] [thread 7846] [30.0] [cxt 0] Pipeline 'egress': end
[10:19:27.576] [bmv2] [D] [thread 7846] [30.0] [cxt 0] Deparser 'deparser': start
[10:19:27.576] [bmv2] [T] [thread 7846] [30.0] [cxt 0] Skipping checksum 'cksum' update because condition not met
[10:19:27.576] [bmv2] [D] [thread 7846] [30.0] [cxt 0] Deparsing header 'ethernet'
[10:19:27.576] [bmv2] [D] [thread 7846] [30.0] [cxt 0] Deparser 'deparser': end
[10:19:27.576] [bmv2] [D] [thread 7850] [30.0] [cxt 0] Transmitting packet of size 199 out of port 0
[10:19:27.633] [bmv2] [D] [thread 7845] [31.0] [cxt 0] Processing packet received on port 2
[10:19:27.633] [bmv2] [D] [thread 7845] [31.0] [cxt 0] Parser 'parser': start
[10:19:27.633] [bmv2] [D] [thread 7845] [31.0] [cxt 0] Parser 'parser' entering state 'start'
[10:19:27.633] [bmv2] [D] [thread 7845] [31.0] [cxt 0] Extracting header 'ethernet'
[10:19:27.633] [bmv2] [D] [thread 7845] [31.0] [cxt 0] Parser state 'start': key is 86dd
[10:19:27.633] [bmv2] [T] [thread 7845] [31.0] [cxt 0] Bytes parsed: 14
[10:19:27.633] [bmv2] [D] [thread 7845] [31.0] [cxt 0] Parser 'parser': end
[10:19:27.633] [bmv2] [D] [thread 7845] [31.0] [cxt 0] Pipeline 'ingress': start
[10:19:27.633] [bmv2] [T] [thread 7845] [31.0] [cxt 0] basic.p4(173) Condition "hdr.ipv4.isValid()" (node_2) is false
[10:19:27.633] [bmv2] [D] [thread 7845] [31.0] [cxt 0] Pipeline 'ingress': end
[10:19:27.633] [bmv2] [D] [thread 7845] [31.0] [cxt 0] Egress port is 0
[10:19:27.633] [bmv2] [D] [thread 7846] [31.0] [cxt 0] Pipeline 'egress': start
[10:19:27.633] [bmv2] [D] [thread 7846] [31.0] [cxt 0] Pipeline 'egress': end
[10:19:27.633] [bmv2] [D] [thread 7846] [31.0] [cxt 0] Deparser 'deparser': start
[10:19:27.633] [bmv2] [T] [thread 7846] [31.0] [cxt 0] Skipping checksum 'cksum' update because condition not met
[10:19:27.633] [bmv2] [D] [thread 7846] [31.0] [cxt 0] Deparsing header 'ethernet'
[10:19:27.633] [bmv2] [D] [thread 7846] [31.0] [cxt 0] Deparser 'deparser': end
[10:19:27.633] [bmv2] [D] [thread 7850] [31.0] [cxt 0] Transmitting packet of size 199 out of port 0
[10:19:27.860] [bmv2] [D] [thread 7845] [32.0] [cxt 0] Processing packet received on port 1
[10:19:27.861] [bmv2] [D] [thread 7845] [32.0] [cxt 0] Parser 'parser': start
[10:19:27.861] [bmv2] [D] [thread 7845] [32.0] [cxt 0] Parser 'parser' entering state 'start'
[10:19:27.861] [bmv2] [D] [thread 7845] [32.0] [cxt 0] Extracting header 'ethernet'
[10:19:27.861] [bmv2] [D] [thread 7845] [32.0] [cxt 0] Parser state 'start': key is 86dd
[10:19:27.861] [bmv2] [T] [thread 7845] [32.0] [cxt 0] Bytes parsed: 14
[10:19:27.861] [bmv2] [D] [thread 7845] [32.0] [cxt 0] Parser 'parser': end
[10:19:27.861] [bmv2] [D] [thread 7845] [32.0] [cxt 0] Pipeline 'ingress': start
[10:19:27.862] [bmv2] [T] [thread 7845] [32.0] [cxt 0] basic.p4(173) Condition "hdr.ipv4.isValid()" (node_2) is false
[10:19:27.862] [bmv2] [D] [thread 7845] [32.0] [cxt 0] Pipeline 'ingress': end
[10:19:27.862] [bmv2] [D] [thread 7845] [32.0] [cxt 0] Egress port is 0
[10:19:27.863] [bmv2] [D] [thread 7846] [32.0] [cxt 0] Pipeline 'egress': start
[10:19:27.864] [bmv2] [D] [thread 7846] [32.0] [cxt 0] Pipeline 'egress': end
[10:19:27.864] [bmv2] [D] [thread 7846] [32.0] [cxt 0] Deparser 'deparser': start
[10:19:27.864] [bmv2] [T] [thread 7846] [32.0] [cxt 0] Skipping checksum 'cksum' update because condition not met
[10:19:27.864] [bmv2] [D] [thread 7846] [32.0] [cxt 0] Deparsing header 'ethernet'
[10:19:27.864] [bmv2] [D] [thread 7846] [32.0] [cxt 0] Deparser 'deparser': end
[10:19:27.864] [bmv2] [D] [thread 7850] [32.0] [cxt 0] Transmitting packet of size 199 out of port 0
[10:19:27.964] [bmv2] [D] [thread 7845] [33.0] [cxt 0] Processing packet received on port 1
[10:19:27.964] [bmv2] [D] [thread 7845] [33.0] [cxt 0] Parser 'parser': start
[10:19:27.964] [bmv2] [D] [thread 7845] [33.0] [cxt 0] Parser 'parser' entering state 'start'
[10:19:27.964] [bmv2] [D] [thread 7845] [33.0] [cxt 0] Extracting header 'ethernet'
[10:19:27.964] [bmv2] [D] [thread 7845] [33.0] [cxt 0] Parser state 'start': key is 86dd
[10:19:27.964] [bmv2] [T] [thread 7845] [33.0] [cxt 0] Bytes parsed: 14
[10:19:27.964] [bmv2] [D] [thread 7845] [33.0] [cxt 0] Parser 'parser': end
[10:19:27.964] [bmv2] [D] [thread 7845] [33.0] [cxt 0] Pipeline 'ingress': start
[10:19:27.964] [bmv2] [T] [thread 7845] [33.0] [cxt 0] basic.p4(173) Condition "hdr.ipv4.isValid()" (node_2) is false
[10:19:27.964] [bmv2] [D] [thread 7845] [33.0] [cxt 0] Pipeline 'ingress': end
[10:19:27.964] [bmv2] [D] [thread 7845] [33.0] [cxt 0] Egress port is 0
[10:19:27.964] [bmv2] [D] [thread 7846] [33.0] [cxt 0] Pipeline 'egress': start
[10:19:27.964] [bmv2] [D] [thread 7846] [33.0] [cxt 0] Pipeline 'egress': end
[10:19:27.964] [bmv2] [D] [thread 7846] [33.0] [cxt 0] Deparser 'deparser': start
[10:19:27.964] [bmv2] [T] [thread 7846] [33.0] [cxt 0] Skipping checksum 'cksum' update because condition not met
[10:19:27.964] [bmv2] [D] [thread 7846] [33.0] [cxt 0] Deparsing header 'ethernet'
[10:19:27.964] [bmv2] [D] [thread 7846] [33.0] [cxt 0] Deparser 'deparser': end
[10:19:27.964] [bmv2] [D] [thread 7850] [33.0] [cxt 0] Transmitting packet of size 199 out of port 0
[10:19:28.162] [bmv2] [D] [thread 7913] Set default default entry for table 'MyIngress.ipv4_lpm': MyIngress.drop - 
[10:19:28.166] [bmv2] [D] [thread 7913] simple_switch target has been notified of a config swap
[10:19:28.170] [bmv2] [D] [thread 7913] Set default entry for table 'MyIngress.ipv4_lpm': MyIngress.drop - 
[10:19:28.177] [bmv2] [D] [thread 7914] Entry 0 added to table 'MyIngress.ipv4_lpm'
[10:19:28.177] [bmv2] [D] [thread 7914] Dumping entry 0
Match key:
* hdr.ipv4.dstAddr    : LPM       0a000101/32
Action entry: MyIngress.ipv4_forward - 80000000100,1,

[10:19:28.185] [bmv2] [D] [thread 7913] Entry 1 added to table 'MyIngress.ipv4_lpm'
[10:19:28.185] [bmv2] [D] [thread 7913] Dumping entry 1
Match key:
* hdr.ipv4.dstAddr    : LPM       0a000202/32
Action entry: MyIngress.ipv4_forward - 80000000100,1,

[10:19:28.189] [bmv2] [D] [thread 7914] Entry 2 added to table 'MyIngress.ipv4_lpm'
[10:19:28.189] [bmv2] [D] [thread 7914] Dumping entry 2
Match key:
* hdr.ipv4.dstAddr    : LPM       0a000303/32
Action entry: MyIngress.ipv4_forward - 80000000200,2,

[10:19:28.192] [bmv2] [D] [thread 7913] Entry 3 added to table 'MyIngress.ipv4_lpm'
[10:19:28.192] [bmv2] [D] [thread 7913] Dumping entry 3
Match key:
* hdr.ipv4.dstAddr    : LPM       0a000404/32
Action entry: MyIngress.ipv4_forward - 80000000200,2,

[10:19:28.760] [bmv2] [D] [thread 7845] [34.0] [cxt 0] Processing packet received on port 2
[10:19:28.760] [bmv2] [D] [thread 7845] [34.0] [cxt 0] Parser 'parser': start
[10:19:28.760] [bmv2] [D] [thread 7845] [34.0] [cxt 0] Parser 'parser' entering state 'start'
[10:19:28.760] [bmv2] [D] [thread 7845] [34.0] [cxt 0] Extracting header 'ethernet'
[10:19:28.760] [bmv2] [D] [thread 7845] [34.0] [cxt 0] Parser state 'start': key is 86dd
[10:19:28.760] [bmv2] [T] [thread 7845] [34.0] [cxt 0] Bytes parsed: 14
[10:19:28.760] [bmv2] [D] [thread 7845] [34.0] [cxt 0] Parser 'parser': end
[10:19:28.760] [bmv2] [D] [thread 7845] [34.0] [cxt 0] Pipeline 'ingress': start
[10:19:28.760] [bmv2] [T] [thread 7845] [34.0] [cxt 0] basic.p4(173) Condition "hdr.ipv4.isValid()" (node_2) is false
[10:19:28.760] [bmv2] [D] [thread 7845] [34.0] [cxt 0] Pipeline 'ingress': end
[10:19:28.760] [bmv2] [D] [thread 7845] [34.0] [cxt 0] Egress port is 0
[10:19:28.761] [bmv2] [D] [thread 7846] [34.0] [cxt 0] Pipeline 'egress': start
[10:19:28.761] [bmv2] [D] [thread 7846] [34.0] [cxt 0] Pipeline 'egress': end
[10:19:28.761] [bmv2] [D] [thread 7846] [34.0] [cxt 0] Deparser 'deparser': start
[10:19:28.761] [bmv2] [T] [thread 7846] [34.0] [cxt 0] Skipping checksum 'cksum' update because condition not met
[10:19:28.761] [bmv2] [D] [thread 7846] [34.0] [cxt 0] Deparsing header 'ethernet'
[10:19:28.761] [bmv2] [D] [thread 7846] [34.0] [cxt 0] Deparser 'deparser': end
[10:19:28.761] [bmv2] [D] [thread 7850] [34.0] [cxt 0] Transmitting packet of size 107 out of port 0
[10:19:29.021] [bmv2] [D] [thread 7845] [35.0] [cxt 0] Processing packet received on port 1
[10:19:29.021] [bmv2] [D] [thread 7845] [35.0] [cxt 0] Parser 'parser': start
[10:19:29.021] [bmv2] [D] [thread 7845] [35.0] [cxt 0] Parser 'parser' entering state 'start'
[10:19:29.021] [bmv2] [D] [thread 7845] [35.0] [cxt 0] Extracting header 'ethernet'
[10:19:29.021] [bmv2] [D] [thread 7845] [35.0] [cxt 0] Parser state 'start': key is 86dd
[10:19:29.021] [bmv2] [T] [thread 7845] [35.0] [cxt 0] Bytes parsed: 14
[10:19:29.021] [bmv2] [D] [thread 7845] [35.0] [cxt 0] Parser 'parser': end
[10:19:29.021] [bmv2] [D] [thread 7845] [35.0] [cxt 0] Pipeline 'ingress': start
[10:19:29.021] [bmv2] [T] [thread 7845] [35.0] [cxt 0] basic.p4(173) Condition "hdr.ipv4.isValid()" (node_2) is false
[10:19:29.021] [bmv2] [D] [thread 7845] [35.0] [cxt 0] Pipeline 'ingress': end
[10:19:29.021] [bmv2] [D] [thread 7845] [35.0] [cxt 0] Egress port is 0
[10:19:29.022] [bmv2] [D] [thread 7846] [35.0] [cxt 0] Pipeline 'egress': start
[10:19:29.022] [bmv2] [D] [thread 7846] [35.0] [cxt 0] Pipeline 'egress': end
[10:19:29.022] [bmv2] [D] [thread 7846] [35.0] [cxt 0] Deparser 'deparser': start
[10:19:29.022] [bmv2] [T] [thread 7846] [35.0] [cxt 0] Skipping checksum 'cksum' update because condition not met
[10:19:29.022] [bmv2] [D] [thread 7846] [35.0] [cxt 0] Deparsing header 'ethernet'
[10:19:29.022] [bmv2] [D] [thread 7846] [35.0] [cxt 0] Deparser 'deparser': end
[10:19:29.022] [bmv2] [D] [thread 7850] [35.0] [cxt 0] Transmitting packet of size 107 out of port 0
[10:19:29.291] [bmv2] [D] [thread 7845] [36.0] [cxt 0] Processing packet received on port 2
[10:19:29.291] [bmv2] [D] [thread 7845] [36.0] [cxt 0] Parser 'parser': start
[10:19:29.291] [bmv2] [D] [thread 7845] [36.0] [cxt 0] Parser 'parser' entering state 'start'
[10:19:29.291] [bmv2] [D] [thread 7845] [36.0] [cxt 0] Extracting header 'ethernet'
[10:19:29.291] [bmv2] [D] [thread 7845] [36.0] [cxt 0] Parser state 'start': key is 86dd
[10:19:29.291] [bmv2] [T] [thread 7845] [36.0] [cxt 0] Bytes parsed: 14
[10:19:29.291] [bmv2] [D] [thread 7845] [36.0] [cxt 0] Parser 'parser': end
[10:19:29.291] [bmv2] [D] [thread 7845] [36.0] [cxt 0] Pipeline 'ingress': start
[10:19:29.291] [bmv2] [T] [thread 7845] [36.0] [cxt 0] basic.p4(173) Condition "hdr.ipv4.isValid()" (node_2) is false
[10:19:29.291] [bmv2] [D] [thread 7845] [36.0] [cxt 0] Pipeline 'ingress': end
[10:19:29.292] [bmv2] [D] [thread 7845] [36.0] [cxt 0] Egress port is 0
[10:19:29.292] [bmv2] [D] [thread 7846] [36.0] [cxt 0] Pipeline 'egress': start
[10:19:29.292] [bmv2] [D] [thread 7846] [36.0] [cxt 0] Pipeline 'egress': end
[10:19:29.292] [bmv2] [D] [thread 7846] [36.0] [cxt 0] Deparser 'deparser': start
[10:19:29.292] [bmv2] [T] [thread 7846] [36.0] [cxt 0] Skipping checksum 'cksum' update because condition not met
[10:19:29.292] [bmv2] [D] [thread 7846] [36.0] [cxt 0] Deparsing header 'ethernet'
[10:19:29.292] [bmv2] [D] [thread 7846] [36.0] [cxt 0] Deparser 'deparser': end
[10:19:29.292] [bmv2] [D] [thread 7850] [36.0] [cxt 0] Transmitting packet of size 70 out of port 0
[10:19:29.658] [bmv2] [D] [thread 7845] [37.0] [cxt 0] Processing packet received on port 2
[10:19:29.658] [bmv2] [D] [thread 7845] [37.0] [cxt 0] Parser 'parser': start
[10:19:29.658] [bmv2] [D] [thread 7845] [37.0] [cxt 0] Parser 'parser' entering state 'start'
[10:19:29.658] [bmv2] [D] [thread 7845] [37.0] [cxt 0] Extracting header 'ethernet'
[10:19:29.658] [bmv2] [D] [thread 7845] [37.0] [cxt 0] Parser state 'start': key is 86dd
[10:19:29.658] [bmv2] [T] [thread 7845] [37.0] [cxt 0] Bytes parsed: 14
[10:19:29.658] [bmv2] [D] [thread 7845] [37.0] [cxt 0] Parser 'parser': end
[10:19:29.658] [bmv2] [D] [thread 7845] [37.0] [cxt 0] Pipeline 'ingress': start
[10:19:29.658] [bmv2] [T] [thread 7845] [37.0] [cxt 0] basic.p4(173) Condition "hdr.ipv4.isValid()" (node_2) is false
[10:19:29.658] [bmv2] [D] [thread 7845] [37.0] [cxt 0] Pipeline 'ingress': end
[10:19:29.658] [bmv2] [D] [thread 7845] [37.0] [cxt 0] Egress port is 0
[10:19:29.659] [bmv2] [D] [thread 7846] [37.0] [cxt 0] Pipeline 'egress': start
[10:19:29.659] [bmv2] [D] [thread 7846] [37.0] [cxt 0] Pipeline 'egress': end
[10:19:29.659] [bmv2] [D] [thread 7846] [37.0] [cxt 0] Deparser 'deparser': start
[10:19:29.659] [bmv2] [T] [thread 7846] [37.0] [cxt 0] Skipping checksum 'cksum' update because condition not met
[10:19:29.659] [bmv2] [D] [thread 7846] [37.0] [cxt 0] Deparsing header 'ethernet'
[10:19:29.659] [bmv2] [D] [thread 7846] [37.0] [cxt 0] Deparser 'deparser': end
[10:19:29.659] [bmv2] [D] [thread 7850] [37.0] [cxt 0] Transmitting packet of size 199 out of port 0
[10:19:29.713] [bmv2] [D] [thread 7845] [38.0] [cxt 0] Processing packet received on port 2
[10:19:29.713] [bmv2] [D] [thread 7845] [38.0] [cxt 0] Parser 'parser': start
[10:19:29.713] [bmv2] [D] [thread 7845] [38.0] [cxt 0] Parser 'parser' entering state 'start'
[10:19:29.713] [bmv2] [D] [thread 7845] [38.0] [cxt 0] Extracting header 'ethernet'
[10:19:29.713] [bmv2] [D] [thread 7845] [38.0] [cxt 0] Parser state 'start': key is 86dd
[10:19:29.713] [bmv2] [T] [thread 7845] [38.0] [cxt 0] Bytes parsed: 14
[10:19:29.713] [bmv2] [D] [thread 7845] [38.0] [cxt 0] Parser 'parser': end
[10:19:29.713] [bmv2] [D] [thread 7845] [38.0] [cxt 0] Pipeline 'ingress': start
[10:19:29.713] [bmv2] [T] [thread 7845] [38.0] [cxt 0] basic.p4(173) Condition "hdr.ipv4.isValid()" (node_2) is false
[10:19:29.713] [bmv2] [D] [thread 7845] [38.0] [cxt 0] Pipeline 'ingress': end
[10:19:29.713] [bmv2] [D] [thread 7845] [38.0] [cxt 0] Egress port is 0
[10:19:29.714] [bmv2] [D] [thread 7846] [38.0] [cxt 0] Pipeline 'egress': start
[10:19:29.714] [bmv2] [D] [thread 7846] [38.0] [cxt 0] Pipeline 'egress': end
[10:19:29.714] [bmv2] [D] [thread 7846] [38.0] [cxt 0] Deparser 'deparser': start
[10:19:29.714] [bmv2] [T] [thread 7846] [38.0] [cxt 0] Skipping checksum 'cksum' update because condition not met
[10:19:29.714] [bmv2] [D] [thread 7846] [38.0] [cxt 0] Deparsing header 'ethernet'
[10:19:29.714] [bmv2] [D] [thread 7846] [38.0] [cxt 0] Deparser 'deparser': end
[10:19:29.714] [bmv2] [D] [thread 7850] [38.0] [cxt 0] Transmitting packet of size 199 out of port 0
[10:19:29.814] [bmv2] [D] [thread 7845] [39.0] [cxt 0] Processing packet received on port 1
[10:19:29.816] [bmv2] [D] [thread 7845] [39.0] [cxt 0] Parser 'parser': start
[10:19:29.816] [bmv2] [D] [thread 7845] [39.0] [cxt 0] Parser 'parser' entering state 'start'
[10:19:29.816] [bmv2] [D] [thread 7845] [39.0] [cxt 0] Extracting header 'ethernet'
[10:19:29.817] [bmv2] [D] [thread 7845] [39.0] [cxt 0] Parser state 'start': key is 86dd
[10:19:29.818] [bmv2] [T] [thread 7845] [39.0] [cxt 0] Bytes parsed: 14
[10:19:29.819] [bmv2] [D] [thread 7845] [39.0] [cxt 0] Parser 'parser': end
[10:19:29.819] [bmv2] [D] [thread 7845] [39.0] [cxt 0] Pipeline 'ingress': start
[10:19:29.819] [bmv2] [T] [thread 7845] [39.0] [cxt 0] basic.p4(173) Condition "hdr.ipv4.isValid()" (node_2) is false
[10:19:29.819] [bmv2] [D] [thread 7845] [39.0] [cxt 0] Pipeline 'ingress': end
[10:19:29.819] [bmv2] [D] [thread 7845] [39.0] [cxt 0] Egress port is 0
[10:19:29.819] [bmv2] [D] [thread 7846] [39.0] [cxt 0] Pipeline 'egress': start
[10:19:29.819] [bmv2] [D] [thread 7846] [39.0] [cxt 0] Pipeline 'egress': end
[10:19:29.819] [bmv2] [D] [thread 7846] [39.0] [cxt 0] Deparser 'deparser': start
[10:19:29.819] [bmv2] [T] [thread 7846] [39.0] [cxt 0] Skipping checksum 'cksum' update because condition not met
[10:19:29.819] [bmv2] [D] [thread 7846] [39.0] [cxt 0] Deparsing header 'ethernet'
[10:19:29.819] [bmv2] [D] [thread 7846] [39.0] [cxt 0] Deparser 'deparser': end
[10:19:29.820] [bmv2] [D] [thread 7850] [39.0] [cxt 0] Transmitting packet of size 70 out of port 0
[10:19:29.938] [bmv2] [D] [thread 7845] [40.0] [cxt 0] Processing packet received on port 1
[10:19:29.938] [bmv2] [D] [thread 7845] [40.0] [cxt 0] Parser 'parser': start
[10:19:29.938] [bmv2] [D] [thread 7845] [40.0] [cxt 0] Parser 'parser' entering state 'start'
[10:19:29.938] [bmv2] [D] [thread 7845] [40.0] [cxt 0] Extracting header 'ethernet'
[10:19:29.938] [bmv2] [D] [thread 7845] [40.0] [cxt 0] Parser state 'start': key is 86dd
[10:19:29.938] [bmv2] [T] [thread 7845] [40.0] [cxt 0] Bytes parsed: 14
[10:19:29.938] [bmv2] [D] [thread 7845] [40.0] [cxt 0] Parser 'parser': end
[10:19:29.938] [bmv2] [D] [thread 7845] [40.0] [cxt 0] Pipeline 'ingress': start
[10:19:29.938] [bmv2] [T] [thread 7845] [40.0] [cxt 0] basic.p4(173) Condition "hdr.ipv4.isValid()" (node_2) is false
[10:19:29.938] [bmv2] [D] [thread 7845] [40.0] [cxt 0] Pipeline 'ingress': end
[10:19:29.938] [bmv2] [D] [thread 7845] [40.0] [cxt 0] Egress port is 0
[10:19:29.939] [bmv2] [D] [thread 7846] [40.0] [cxt 0] Pipeline 'egress': start
[10:19:29.939] [bmv2] [D] [thread 7846] [40.0] [cxt 0] Pipeline 'egress': end
[10:19:29.939] [bmv2] [D] [thread 7846] [40.0] [cxt 0] Deparser 'deparser': start
[10:19:29.939] [bmv2] [T] [thread 7846] [40.0] [cxt 0] Skipping checksum 'cksum' update because condition not met
[10:19:29.939] [bmv2] [D] [thread 7846] [40.0] [cxt 0] Deparsing header 'ethernet'
[10:19:29.939] [bmv2] [D] [thread 7846] [40.0] [cxt 0] Deparser 'deparser': end
[10:19:29.939] [bmv2] [D] [thread 7850] [40.0] [cxt 0] Transmitting packet of size 199 out of port 0
[10:19:30.048] [bmv2] [D] [thread 7845] [41.0] [cxt 0] Processing packet received on port 1
[10:19:30.048] [bmv2] [D] [thread 7845] [41.0] [cxt 0] Parser 'parser': start
[10:19:30.048] [bmv2] [D] [thread 7845] [41.0] [cxt 0] Parser 'parser' entering state 'start'
[10:19:30.048] [bmv2] [D] [thread 7845] [41.0] [cxt 0] Extracting header 'ethernet'
[10:19:30.048] [bmv2] [D] [thread 7845] [41.0] [cxt 0] Parser state 'start': key is 86dd
[10:19:30.048] [bmv2] [T] [thread 7845] [41.0] [cxt 0] Bytes parsed: 14
[10:19:30.048] [bmv2] [D] [thread 7845] [41.0] [cxt 0] Parser 'parser': end
[10:19:30.048] [bmv2] [D] [thread 7845] [41.0] [cxt 0] Pipeline 'ingress': start
[10:19:30.048] [bmv2] [T] [thread 7845] [41.0] [cxt 0] basic.p4(173) Condition "hdr.ipv4.isValid()" (node_2) is false
[10:19:30.048] [bmv2] [D] [thread 7845] [41.0] [cxt 0] Pipeline 'ingress': end
[10:19:30.048] [bmv2] [D] [thread 7845] [41.0] [cxt 0] Egress port is 0
[10:19:30.048] [bmv2] [D] [thread 7846] [41.0] [cxt 0] Pipeline 'egress': start
[10:19:30.048] [bmv2] [D] [thread 7846] [41.0] [cxt 0] Pipeline 'egress': end
[10:19:30.048] [bmv2] [D] [thread 7846] [41.0] [cxt 0] Deparser 'deparser': start
[10:19:30.048] [bmv2] [T] [thread 7846] [41.0] [cxt 0] Skipping checksum 'cksum' update because condition not met
[10:19:30.049] [bmv2] [D] [thread 7846] [41.0] [cxt 0] Deparsing header 'ethernet'
[10:19:30.049] [bmv2] [D] [thread 7846] [41.0] [cxt 0] Deparser 'deparser': end
[10:19:30.049] [bmv2] [D] [thread 7850] [41.0] [cxt 0] Transmitting packet of size 199 out of port 0
[10:19:30.325] [bmv2] [D] [thread 7845] [42.0] [cxt 0] Processing packet received on port 2
[10:19:30.325] [bmv2] [D] [thread 7845] [42.0] [cxt 0] Parser 'parser': start
[10:19:30.325] [bmv2] [D] [thread 7845] [42.0] [cxt 0] Parser 'parser' entering state 'start'
[10:19:30.325] [bmv2] [D] [thread 7845] [42.0] [cxt 0] Extracting header 'ethernet'
[10:19:30.325] [bmv2] [D] [thread 7845] [42.0] [cxt 0] Parser state 'start': key is 86dd
[10:19:30.325] [bmv2] [T] [thread 7845] [42.0] [cxt 0] Bytes parsed: 14
[10:19:30.325] [bmv2] [D] [thread 7845] [42.0] [cxt 0] Parser 'parser': end
[10:19:30.325] [bmv2] [D] [thread 7845] [42.0] [cxt 0] Pipeline 'ingress': start
[10:19:30.325] [bmv2] [T] [thread 7845] [42.0] [cxt 0] basic.p4(173) Condition "hdr.ipv4.isValid()" (node_2) is false
[10:19:30.325] [bmv2] [D] [thread 7845] [42.0] [cxt 0] Pipeline 'ingress': end
[10:19:30.325] [bmv2] [D] [thread 7845] [42.0] [cxt 0] Egress port is 0
[10:19:30.326] [bmv2] [D] [thread 7846] [42.0] [cxt 0] Pipeline 'egress': start
[10:19:30.326] [bmv2] [D] [thread 7846] [42.0] [cxt 0] Pipeline 'egress': end
[10:19:30.326] [bmv2] [D] [thread 7846] [42.0] [cxt 0] Deparser 'deparser': start
[10:19:30.326] [bmv2] [T] [thread 7846] [42.0] [cxt 0] Skipping checksum 'cksum' update because condition not met
[10:19:30.326] [bmv2] [D] [thread 7846] [42.0] [cxt 0] Deparsing header 'ethernet'
[10:19:30.326] [bmv2] [D] [thread 7846] [42.0] [cxt 0] Deparser 'deparser': end
[10:19:30.326] [bmv2] [D] [thread 7850] [42.0] [cxt 0] Transmitting packet of size 70 out of port 0
[10:19:30.838] [bmv2] [D] [thread 7845] [43.0] [cxt 0] Processing packet received on port 1
[10:19:30.838] [bmv2] [D] [thread 7845] [43.0] [cxt 0] Parser 'parser': start
[10:19:30.838] [bmv2] [D] [thread 7845] [43.0] [cxt 0] Parser 'parser' entering state 'start'
[10:19:30.838] [bmv2] [D] [thread 7845] [43.0] [cxt 0] Extracting header 'ethernet'
[10:19:30.838] [bmv2] [D] [thread 7845] [43.0] [cxt 0] Parser state 'start': key is 86dd
[10:19:30.838] [bmv2] [T] [thread 7845] [43.0] [cxt 0] Bytes parsed: 14
[10:19:30.838] [bmv2] [D] [thread 7845] [43.0] [cxt 0] Parser 'parser': end
[10:19:30.838] [bmv2] [D] [thread 7845] [43.0] [cxt 0] Pipeline 'ingress': start
[10:19:30.838] [bmv2] [T] [thread 7845] [43.0] [cxt 0] basic.p4(173) Condition "hdr.ipv4.isValid()" (node_2) is false
[10:19:30.838] [bmv2] [D] [thread 7845] [43.0] [cxt 0] Pipeline 'ingress': end
[10:19:30.838] [bmv2] [D] [thread 7845] [43.0] [cxt 0] Egress port is 0
[10:19:30.839] [bmv2] [D] [thread 7846] [43.0] [cxt 0] Pipeline 'egress': start
[10:19:30.839] [bmv2] [D] [thread 7846] [43.0] [cxt 0] Pipeline 'egress': end
[10:19:30.839] [bmv2] [D] [thread 7846] [43.0] [cxt 0] Deparser 'deparser': start
[10:19:30.839] [bmv2] [T] [thread 7846] [43.0] [cxt 0] Skipping checksum 'cksum' update because condition not met
[10:19:30.839] [bmv2] [D] [thread 7846] [43.0] [cxt 0] Deparsing header 'ethernet'
[10:19:30.839] [bmv2] [D] [thread 7846] [43.0] [cxt 0] Deparser 'deparser': end
[10:19:30.839] [bmv2] [D] [thread 7850] [43.0] [cxt 0] Transmitting packet of size 70 out of port 0
[10:19:32.767] [bmv2] [D] [thread 7845] [44.0] [cxt 0] Processing packet received on port 2
[10:19:32.767] [bmv2] [D] [thread 7845] [44.0] [cxt 0] Parser 'parser': start
[10:19:32.767] [bmv2] [D] [thread 7845] [44.0] [cxt 0] Parser 'parser' entering state 'start'
[10:19:32.767] [bmv2] [D] [thread 7845] [44.0] [cxt 0] Extracting header 'ethernet'
[10:19:32.767] [bmv2] [D] [thread 7845] [44.0] [cxt 0] Parser state 'start': key is 86dd
[10:19:32.767] [bmv2] [T] [thread 7845] [44.0] [cxt 0] Bytes parsed: 14
[10:19:32.767] [bmv2] [D] [thread 7845] [44.0] [cxt 0] Parser 'parser': end
[10:19:32.767] [bmv2] [D] [thread 7845] [44.0] [cxt 0] Pipeline 'ingress': start
[10:19:32.767] [bmv2] [T] [thread 7845] [44.0] [cxt 0] basic.p4(173) Condition "hdr.ipv4.isValid()" (node_2) is false
[10:19:32.767] [bmv2] [D] [thread 7845] [44.0] [cxt 0] Pipeline 'ingress': end
[10:19:32.767] [bmv2] [D] [thread 7845] [44.0] [cxt 0] Egress port is 0
[10:19:32.767] [bmv2] [D] [thread 7846] [44.0] [cxt 0] Pipeline 'egress': start
[10:19:32.767] [bmv2] [D] [thread 7846] [44.0] [cxt 0] Pipeline 'egress': end
[10:19:32.767] [bmv2] [D] [thread 7846] [44.0] [cxt 0] Deparser 'deparser': start
[10:19:32.767] [bmv2] [T] [thread 7846] [44.0] [cxt 0] Skipping checksum 'cksum' update because condition not met
[10:19:32.767] [bmv2] [D] [thread 7846] [44.0] [cxt 0] Deparsing header 'ethernet'
[10:19:32.767] [bmv2] [D] [thread 7846] [44.0] [cxt 0] Deparser 'deparser': end
[10:19:32.767] [bmv2] [D] [thread 7850] [44.0] [cxt 0] Transmitting packet of size 107 out of port 0
[10:19:33.011] [bmv2] [D] [thread 7845] [45.0] [cxt 0] Processing packet received on port 1
[10:19:33.011] [bmv2] [D] [thread 7845] [45.0] [cxt 0] Parser 'parser': start
[10:19:33.011] [bmv2] [D] [thread 7845] [45.0] [cxt 0] Parser 'parser' entering state 'start'
[10:19:33.011] [bmv2] [D] [thread 7845] [45.0] [cxt 0] Extracting header 'ethernet'
[10:19:33.012] [bmv2] [D] [thread 7845] [45.0] [cxt 0] Parser state 'start': key is 86dd
[10:19:33.012] [bmv2] [T] [thread 7845] [45.0] [cxt 0] Bytes parsed: 14
[10:19:33.012] [bmv2] [D] [thread 7845] [45.0] [cxt 0] Parser 'parser': end
[10:19:33.012] [bmv2] [D] [thread 7845] [45.0] [cxt 0] Pipeline 'ingress': start
[10:19:33.012] [bmv2] [T] [thread 7845] [45.0] [cxt 0] basic.p4(173) Condition "hdr.ipv4.isValid()" (node_2) is false
[10:19:33.012] [bmv2] [D] [thread 7845] [45.0] [cxt 0] Pipeline 'ingress': end
[10:19:33.012] [bmv2] [D] [thread 7845] [45.0] [cxt 0] Egress port is 0
[10:19:33.012] [bmv2] [D] [thread 7846] [45.0] [cxt 0] Pipeline 'egress': start
[10:19:33.012] [bmv2] [D] [thread 7846] [45.0] [cxt 0] Pipeline 'egress': end
[10:19:33.012] [bmv2] [D] [thread 7846] [45.0] [cxt 0] Deparser 'deparser': start
[10:19:33.012] [bmv2] [T] [thread 7846] [45.0] [cxt 0] Skipping checksum 'cksum' update because condition not met
[10:19:33.012] [bmv2] [D] [thread 7846] [45.0] [cxt 0] Deparsing header 'ethernet'
[10:19:33.012] [bmv2] [D] [thread 7846] [45.0] [cxt 0] Deparser 'deparser': end
[10:19:33.012] [bmv2] [D] [thread 7850] [45.0] [cxt 0] Transmitting packet of size 107 out of port 0
[10:19:36.970] [bmv2] [D] [thread 7845] [46.0] [cxt 0] Processing packet received on port 2
[10:19:36.971] [bmv2] [D] [thread 7845] [46.0] [cxt 0] Parser 'parser': start
[10:19:36.971] [bmv2] [D] [thread 7845] [46.0] [cxt 0] Parser 'parser' entering state 'start'
[10:19:36.971] [bmv2] [D] [thread 7845] [46.0] [cxt 0] Extracting header 'ethernet'
[10:19:36.971] [bmv2] [D] [thread 7845] [46.0] [cxt 0] Parser state 'start': key is 86dd
[10:19:36.971] [bmv2] [T] [thread 7845] [46.0] [cxt 0] Bytes parsed: 14
[10:19:36.971] [bmv2] [D] [thread 7845] [46.0] [cxt 0] Parser 'parser': end
[10:19:36.971] [bmv2] [D] [thread 7845] [46.0] [cxt 0] Pipeline 'ingress': start
[10:19:36.971] [bmv2] [T] [thread 7845] [46.0] [cxt 0] basic.p4(173) Condition "hdr.ipv4.isValid()" (node_2) is false
[10:19:36.971] [bmv2] [D] [thread 7845] [46.0] [cxt 0] Pipeline 'ingress': end
[10:19:36.971] [bmv2] [D] [thread 7845] [46.0] [cxt 0] Egress port is 0
[10:19:36.971] [bmv2] [D] [thread 7846] [46.0] [cxt 0] Pipeline 'egress': start
[10:19:36.971] [bmv2] [D] [thread 7846] [46.0] [cxt 0] Pipeline 'egress': end
[10:19:36.971] [bmv2] [D] [thread 7846] [46.0] [cxt 0] Deparser 'deparser': start
[10:19:36.971] [bmv2] [T] [thread 7846] [46.0] [cxt 0] Skipping checksum 'cksum' update because condition not met
[10:19:36.971] [bmv2] [D] [thread 7846] [46.0] [cxt 0] Deparsing header 'ethernet'
[10:19:36.971] [bmv2] [D] [thread 7846] [46.0] [cxt 0] Deparser 'deparser': end
[10:19:36.971] [bmv2] [D] [thread 7850] [46.0] [cxt 0] Transmitting packet of size 70 out of port 0
[10:19:37.141] [bmv2] [D] [thread 7845] [47.0] [cxt 0] Processing packet received on port 1
[10:19:37.141] [bmv2] [D] [thread 7845] [47.0] [cxt 0] Parser 'parser': start
[10:19:37.141] [bmv2] [D] [thread 7845] [47.0] [cxt 0] Parser 'parser' entering state 'start'
[10:19:37.141] [bmv2] [D] [thread 7845] [47.0] [cxt 0] Extracting header 'ethernet'
[10:19:37.141] [bmv2] [D] [thread 7845] [47.0] [cxt 0] Parser state 'start': key is 0800
[10:19:37.141] [bmv2] [T] [thread 7845] [47.0] [cxt 0] Bytes parsed: 14
[10:19:37.141] [bmv2] [D] [thread 7845] [47.0] [cxt 0] Parser 'parser' entering state 'parse_ipv4'
[10:19:37.141] [bmv2] [D] [thread 7845] [47.0] [cxt 0] Extracting header 'ipv4'
[10:19:37.141] [bmv2] [D] [thread 7845] [47.0] [cxt 0] Parser state 'parse_ipv4' has no switch, going to default next state
[10:19:37.141] [bmv2] [T] [thread 7845] [47.0] [cxt 0] Bytes parsed: 34
[10:19:37.141] [bmv2] [D] [thread 7845] [47.0] [cxt 0] Parser 'parser': end
[10:19:37.141] [bmv2] [D] [thread 7845] [47.0] [cxt 0] Pipeline 'ingress': start
[10:19:37.141] [bmv2] [T] [thread 7845] [47.0] [cxt 0] basic.p4(173) Condition "hdr.ipv4.isValid()" (node_2) is true
[10:19:37.141] [bmv2] [T] [thread 7845] [47.0] [cxt 0] Applying table 'MyIngress.ipv4_lpm'
[10:19:37.141] [bmv2] [D] [thread 7845] [47.0] [cxt 0] Looking up key:
* hdr.ipv4.dstAddr    : 0a000303

[10:19:37.141] [bmv2] [D] [thread 7845] [47.0] [cxt 0] Table 'MyIngress.ipv4_lpm': hit with handle 2
[10:19:37.141] [bmv2] [D] [thread 7845] [47.0] [cxt 0] Dumping entry 2
Match key:
* hdr.ipv4.dstAddr    : LPM       0a000303/32
Action entry: MyIngress.ipv4_forward - 80000000200,2,

[10:19:37.141] [bmv2] [D] [thread 7845] [47.0] [cxt 0] Action entry is MyIngress.ipv4_forward - 80000000200,2,
[10:19:37.141] [bmv2] [T] [thread 7845] [47.0] [cxt 0] Action MyIngress.ipv4_forward
[10:19:37.141] [bmv2] [T] [thread 7845] [47.0] [cxt 0] basic.p4(133) Primitive standard_metadata.egress_spec = port
[10:19:37.141] [bmv2] [T] [thread 7845] [47.0] [cxt 0] basic.p4(134) Primitive hdr.ethernet.srcAddr = hdr.ethernet.dstAddr
[10:19:37.141] [bmv2] [T] [thread 7845] [47.0] [cxt 0] basic.p4(135) Primitive hdr.ethernet.dstAddr = dstAddr
[10:19:37.141] [bmv2] [T] [thread 7845] [47.0] [cxt 0] basic.p4(136) Primitive hdr.ipv4.ttl = hdr.ipv4.ttl - 1
[10:19:37.141] [bmv2] [D] [thread 7845] [47.0] [cxt 0] Pipeline 'ingress': end
[10:19:37.141] [bmv2] [D] [thread 7845] [47.0] [cxt 0] Egress port is 2
[10:19:37.142] [bmv2] [D] [thread 7848] [47.0] [cxt 0] Pipeline 'egress': start
[10:19:37.142] [bmv2] [D] [thread 7848] [47.0] [cxt 0] Pipeline 'egress': end
[10:19:37.142] [bmv2] [D] [thread 7848] [47.0] [cxt 0] Deparser 'deparser': start
[10:19:37.142] [bmv2] [D] [thread 7848] [47.0] [cxt 0] Updating checksum 'cksum'
[10:19:37.142] [bmv2] [D] [thread 7848] [47.0] [cxt 0] Deparsing header 'ethernet'
[10:19:37.142] [bmv2] [D] [thread 7848] [47.0] [cxt 0] Deparsing header 'ipv4'
[10:19:37.142] [bmv2] [D] [thread 7848] [47.0] [cxt 0] Deparser 'deparser': end
[10:19:37.142] [bmv2] [D] [thread 7850] [47.0] [cxt 0] Transmitting packet of size 98 out of port 2
[10:19:37.145] [bmv2] [D] [thread 7845] [48.0] [cxt 0] Processing packet received on port 2
[10:19:37.148] [bmv2] [D] [thread 7845] [48.0] [cxt 0] Parser 'parser': start
[10:19:37.148] [bmv2] [D] [thread 7845] [48.0] [cxt 0] Parser 'parser' entering state 'start'
[10:19:37.148] [bmv2] [D] [thread 7845] [48.0] [cxt 0] Extracting header 'ethernet'
[10:19:37.148] [bmv2] [D] [thread 7845] [48.0] [cxt 0] Parser state 'start': key is 0800
[10:19:37.148] [bmv2] [T] [thread 7845] [48.0] [cxt 0] Bytes parsed: 14
[10:19:37.148] [bmv2] [D] [thread 7845] [48.0] [cxt 0] Parser 'parser' entering state 'parse_ipv4'
[10:19:37.148] [bmv2] [D] [thread 7845] [48.0] [cxt 0] Extracting header 'ipv4'
[10:19:37.148] [bmv2] [D] [thread 7845] [48.0] [cxt 0] Parser state 'parse_ipv4' has no switch, going to default next state
[10:19:37.148] [bmv2] [T] [thread 7845] [48.0] [cxt 0] Bytes parsed: 34
[10:19:37.148] [bmv2] [D] [thread 7845] [48.0] [cxt 0] Parser 'parser': end
[10:19:37.148] [bmv2] [D] [thread 7845] [48.0] [cxt 0] Pipeline 'ingress': start
[10:19:37.149] [bmv2] [T] [thread 7845] [48.0] [cxt 0] basic.p4(173) Condition "hdr.ipv4.isValid()" (node_2) is true
[10:19:37.149] [bmv2] [T] [thread 7845] [48.0] [cxt 0] Applying table 'MyIngress.ipv4_lpm'
[10:19:37.149] [bmv2] [D] [thread 7845] [48.0] [cxt 0] Looking up key:
* hdr.ipv4.dstAddr    : 0a000101

[10:19:37.149] [bmv2] [D] [thread 7845] [48.0] [cxt 0] Table 'MyIngress.ipv4_lpm': hit with handle 0
[10:19:37.149] [bmv2] [D] [thread 7845] [48.0] [cxt 0] Dumping entry 0
Match key:
* hdr.ipv4.dstAddr    : LPM       0a000101/32
Action entry: MyIngress.ipv4_forward - 80000000100,1,

[10:19:37.149] [bmv2] [D] [thread 7845] [48.0] [cxt 0] Action entry is MyIngress.ipv4_forward - 80000000100,1,
[10:19:37.149] [bmv2] [T] [thread 7845] [48.0] [cxt 0] Action MyIngress.ipv4_forward
[10:19:37.149] [bmv2] [T] [thread 7845] [48.0] [cxt 0] basic.p4(133) Primitive standard_metadata.egress_spec = port
[10:19:37.149] [bmv2] [T] [thread 7845] [48.0] [cxt 0] basic.p4(134) Primitive hdr.ethernet.srcAddr = hdr.ethernet.dstAddr
[10:19:37.149] [bmv2] [T] [thread 7845] [48.0] [cxt 0] basic.p4(135) Primitive hdr.ethernet.dstAddr = dstAddr
[10:19:37.149] [bmv2] [T] [thread 7845] [48.0] [cxt 0] basic.p4(136) Primitive hdr.ipv4.ttl = hdr.ipv4.ttl - 1
[10:19:37.149] [bmv2] [D] [thread 7845] [48.0] [cxt 0] Pipeline 'ingress': end
[10:19:37.149] [bmv2] [D] [thread 7845] [48.0] [cxt 0] Egress port is 1
[10:19:37.149] [bmv2] [D] [thread 7847] [48.0] [cxt 0] Pipeline 'egress': start
[10:19:37.149] [bmv2] [D] [thread 7847] [48.0] [cxt 0] Pipeline 'egress': end
[10:19:37.150] [bmv2] [D] [thread 7847] [48.0] [cxt 0] Deparser 'deparser': start
[10:19:37.150] [bmv2] [D] [thread 7847] [48.0] [cxt 0] Updating checksum 'cksum'
[10:19:37.150] [bmv2] [D] [thread 7847] [48.0] [cxt 0] Deparsing header 'ethernet'
[10:19:37.150] [bmv2] [D] [thread 7847] [48.0] [cxt 0] Deparsing header 'ipv4'
[10:19:37.150] [bmv2] [D] [thread 7847] [48.0] [cxt 0] Deparser 'deparser': end
[10:19:37.150] [bmv2] [D] [thread 7850] [48.0] [cxt 0] Transmitting packet of size 98 out of port 1
[10:19:37.177] [bmv2] [D] [thread 7845] [49.0] [cxt 0] Processing packet received on port 2
[10:19:37.177] [bmv2] [D] [thread 7845] [49.0] [cxt 0] Parser 'parser': start
[10:19:37.177] [bmv2] [D] [thread 7845] [49.0] [cxt 0] Parser 'parser' entering state 'start'
[10:19:37.177] [bmv2] [D] [thread 7845] [49.0] [cxt 0] Extracting header 'ethernet'
[10:19:37.177] [bmv2] [D] [thread 7845] [49.0] [cxt 0] Parser state 'start': key is 0800
[10:19:37.177] [bmv2] [T] [thread 7845] [49.0] [cxt 0] Bytes parsed: 14
[10:19:37.177] [bmv2] [D] [thread 7845] [49.0] [cxt 0] Parser 'parser' entering state 'parse_ipv4'
[10:19:37.177] [bmv2] [D] [thread 7845] [49.0] [cxt 0] Extracting header 'ipv4'
[10:19:37.177] [bmv2] [D] [thread 7845] [49.0] [cxt 0] Parser state 'parse_ipv4' has no switch, going to default next state
[10:19:37.177] [bmv2] [T] [thread 7845] [49.0] [cxt 0] Bytes parsed: 34
[10:19:37.177] [bmv2] [D] [thread 7845] [49.0] [cxt 0] Parser 'parser': end
[10:19:37.177] [bmv2] [D] [thread 7845] [49.0] [cxt 0] Pipeline 'ingress': start
[10:19:37.177] [bmv2] [T] [thread 7845] [49.0] [cxt 0] basic.p4(173) Condition "hdr.ipv4.isValid()" (node_2) is true
[10:19:37.177] [bmv2] [T] [thread 7845] [49.0] [cxt 0] Applying table 'MyIngress.ipv4_lpm'
[10:19:37.177] [bmv2] [D] [thread 7845] [49.0] [cxt 0] Looking up key:
* hdr.ipv4.dstAddr    : 0a000101

[10:19:37.177] [bmv2] [D] [thread 7845] [49.0] [cxt 0] Table 'MyIngress.ipv4_lpm': hit with handle 0
[10:19:37.177] [bmv2] [D] [thread 7845] [49.0] [cxt 0] Dumping entry 0
Match key:
* hdr.ipv4.dstAddr    : LPM       0a000101/32
Action entry: MyIngress.ipv4_forward - 80000000100,1,

[10:19:37.177] [bmv2] [D] [thread 7845] [49.0] [cxt 0] Action entry is MyIngress.ipv4_forward - 80000000100,1,
[10:19:37.177] [bmv2] [T] [thread 7845] [49.0] [cxt 0] Action MyIngress.ipv4_forward
[10:19:37.177] [bmv2] [T] [thread 7845] [49.0] [cxt 0] basic.p4(133) Primitive standard_metadata.egress_spec = port
[10:19:37.177] [bmv2] [T] [thread 7845] [49.0] [cxt 0] basic.p4(134) Primitive hdr.ethernet.srcAddr = hdr.ethernet.dstAddr
[10:19:37.177] [bmv2] [T] [thread 7845] [49.0] [cxt 0] basic.p4(135) Primitive hdr.ethernet.dstAddr = dstAddr
[10:19:37.177] [bmv2] [T] [thread 7845] [49.0] [cxt 0] basic.p4(136) Primitive hdr.ipv4.ttl = hdr.ipv4.ttl - 1
[10:19:37.177] [bmv2] [D] [thread 7845] [49.0] [cxt 0] Pipeline 'ingress': end
[10:19:37.177] [bmv2] [D] [thread 7845] [49.0] [cxt 0] Egress port is 1
[10:19:37.178] [bmv2] [D] [thread 7847] [49.0] [cxt 0] Pipeline 'egress': start
[10:19:37.178] [bmv2] [D] [thread 7847] [49.0] [cxt 0] Pipeline 'egress': end
[10:19:37.178] [bmv2] [D] [thread 7847] [49.0] [cxt 0] Deparser 'deparser': start
[10:19:37.178] [bmv2] [D] [thread 7847] [49.0] [cxt 0] Updating checksum 'cksum'
[10:19:37.178] [bmv2] [D] [thread 7847] [49.0] [cxt 0] Deparsing header 'ethernet'
[10:19:37.178] [bmv2] [D] [thread 7847] [49.0] [cxt 0] Deparsing header 'ipv4'
[10:19:37.178] [bmv2] [D] [thread 7847] [49.0] [cxt 0] Deparser 'deparser': end
[10:19:37.178] [bmv2] [D] [thread 7850] [49.0] [cxt 0] Transmitting packet of size 98 out of port 1
[10:19:37.207] [bmv2] [D] [thread 7845] [50.0] [cxt 0] Processing packet received on port 1
[10:19:37.207] [bmv2] [D] [thread 7845] [50.0] [cxt 0] Parser 'parser': start
[10:19:37.207] [bmv2] [D] [thread 7845] [50.0] [cxt 0] Parser 'parser' entering state 'start'
[10:19:37.207] [bmv2] [D] [thread 7845] [50.0] [cxt 0] Extracting header 'ethernet'
[10:19:37.207] [bmv2] [D] [thread 7845] [50.0] [cxt 0] Parser state 'start': key is 0800
[10:19:37.207] [bmv2] [T] [thread 7845] [50.0] [cxt 0] Bytes parsed: 14
[10:19:37.207] [bmv2] [D] [thread 7845] [50.0] [cxt 0] Parser 'parser' entering state 'parse_ipv4'
[10:19:37.207] [bmv2] [D] [thread 7845] [50.0] [cxt 0] Extracting header 'ipv4'
[10:19:37.207] [bmv2] [D] [thread 7845] [50.0] [cxt 0] Parser state 'parse_ipv4' has no switch, going to default next state
[10:19:37.207] [bmv2] [T] [thread 7845] [50.0] [cxt 0] Bytes parsed: 34
[10:19:37.207] [bmv2] [D] [thread 7845] [50.0] [cxt 0] Parser 'parser': end
[10:19:37.207] [bmv2] [D] [thread 7845] [50.0] [cxt 0] Pipeline 'ingress': start
[10:19:37.207] [bmv2] [T] [thread 7845] [50.0] [cxt 0] basic.p4(173) Condition "hdr.ipv4.isValid()" (node_2) is true
[10:19:37.207] [bmv2] [T] [thread 7845] [50.0] [cxt 0] Applying table 'MyIngress.ipv4_lpm'
[10:19:37.207] [bmv2] [D] [thread 7845] [50.0] [cxt 0] Looking up key:
* hdr.ipv4.dstAddr    : 0a000303

[10:19:37.207] [bmv2] [D] [thread 7845] [50.0] [cxt 0] Table 'MyIngress.ipv4_lpm': hit with handle 2
[10:19:37.207] [bmv2] [D] [thread 7845] [50.0] [cxt 0] Dumping entry 2
Match key:
* hdr.ipv4.dstAddr    : LPM       0a000303/32
Action entry: MyIngress.ipv4_forward - 80000000200,2,

[10:19:37.207] [bmv2] [D] [thread 7845] [50.0] [cxt 0] Action entry is MyIngress.ipv4_forward - 80000000200,2,
[10:19:37.208] [bmv2] [T] [thread 7845] [50.0] [cxt 0] Action MyIngress.ipv4_forward
[10:19:37.208] [bmv2] [T] [thread 7845] [50.0] [cxt 0] basic.p4(133) Primitive standard_metadata.egress_spec = port
[10:19:37.208] [bmv2] [T] [thread 7845] [50.0] [cxt 0] basic.p4(134) Primitive hdr.ethernet.srcAddr = hdr.ethernet.dstAddr
[10:19:37.208] [bmv2] [T] [thread 7845] [50.0] [cxt 0] basic.p4(135) Primitive hdr.ethernet.dstAddr = dstAddr
[10:19:37.208] [bmv2] [T] [thread 7845] [50.0] [cxt 0] basic.p4(136) Primitive hdr.ipv4.ttl = hdr.ipv4.ttl - 1
[10:19:37.208] [bmv2] [D] [thread 7845] [50.0] [cxt 0] Pipeline 'ingress': end
[10:19:37.208] [bmv2] [D] [thread 7845] [50.0] [cxt 0] Egress port is 2
[10:19:37.208] [bmv2] [D] [thread 7848] [50.0] [cxt 0] Pipeline 'egress': start
[10:19:37.208] [bmv2] [D] [thread 7848] [50.0] [cxt 0] Pipeline 'egress': end
[10:19:37.208] [bmv2] [D] [thread 7848] [50.0] [cxt 0] Deparser 'deparser': start
[10:19:37.208] [bmv2] [D] [thread 7848] [50.0] [cxt 0] Updating checksum 'cksum'
[10:19:37.208] [bmv2] [D] [thread 7848] [50.0] [cxt 0] Deparsing header 'ethernet'
[10:19:37.208] [bmv2] [D] [thread 7848] [50.0] [cxt 0] Deparsing header 'ipv4'
[10:19:37.208] [bmv2] [D] [thread 7848] [50.0] [cxt 0] Deparser 'deparser': end
[10:19:37.208] [bmv2] [D] [thread 7850] [50.0] [cxt 0] Transmitting packet of size 98 out of port 2
[10:19:37.257] [bmv2] [D] [thread 7845] [51.0] [cxt 0] Processing packet received on port 2
[10:19:37.257] [bmv2] [D] [thread 7845] [51.0] [cxt 0] Parser 'parser': start
[10:19:37.257] [bmv2] [D] [thread 7845] [51.0] [cxt 0] Parser 'parser' entering state 'start'
[10:19:37.257] [bmv2] [D] [thread 7845] [51.0] [cxt 0] Extracting header 'ethernet'
[10:19:37.258] [bmv2] [D] [thread 7845] [51.0] [cxt 0] Parser state 'start': key is 0800
[10:19:37.258] [bmv2] [T] [thread 7845] [51.0] [cxt 0] Bytes parsed: 14
[10:19:37.258] [bmv2] [D] [thread 7845] [51.0] [cxt 0] Parser 'parser' entering state 'parse_ipv4'
[10:19:37.258] [bmv2] [D] [thread 7845] [51.0] [cxt 0] Extracting header 'ipv4'
[10:19:37.258] [bmv2] [D] [thread 7845] [51.0] [cxt 0] Parser state 'parse_ipv4' has no switch, going to default next state
[10:19:37.258] [bmv2] [T] [thread 7845] [51.0] [cxt 0] Bytes parsed: 34
[10:19:37.258] [bmv2] [D] [thread 7845] [51.0] [cxt 0] Parser 'parser': end
[10:19:37.258] [bmv2] [D] [thread 7845] [51.0] [cxt 0] Pipeline 'ingress': start
[10:19:37.258] [bmv2] [T] [thread 7845] [51.0] [cxt 0] basic.p4(173) Condition "hdr.ipv4.isValid()" (node_2) is true
[10:19:37.258] [bmv2] [T] [thread 7845] [51.0] [cxt 0] Applying table 'MyIngress.ipv4_lpm'
[10:19:37.258] [bmv2] [D] [thread 7845] [51.0] [cxt 0] Looking up key:
* hdr.ipv4.dstAddr    : 0a000101

[10:19:37.258] [bmv2] [D] [thread 7845] [51.0] [cxt 0] Table 'MyIngress.ipv4_lpm': hit with handle 0
[10:19:37.258] [bmv2] [D] [thread 7845] [51.0] [cxt 0] Dumping entry 0
Match key:
* hdr.ipv4.dstAddr    : LPM       0a000101/32
Action entry: MyIngress.ipv4_forward - 80000000100,1,

[10:19:37.258] [bmv2] [D] [thread 7845] [51.0] [cxt 0] Action entry is MyIngress.ipv4_forward - 80000000100,1,
[10:19:37.258] [bmv2] [T] [thread 7845] [51.0] [cxt 0] Action MyIngress.ipv4_forward
[10:19:37.258] [bmv2] [T] [thread 7845] [51.0] [cxt 0] basic.p4(133) Primitive standard_metadata.egress_spec = port
[10:19:37.258] [bmv2] [T] [thread 7845] [51.0] [cxt 0] basic.p4(134) Primitive hdr.ethernet.srcAddr = hdr.ethernet.dstAddr
[10:19:37.258] [bmv2] [T] [thread 7845] [51.0] [cxt 0] basic.p4(135) Primitive hdr.ethernet.dstAddr = dstAddr
[10:19:37.258] [bmv2] [T] [thread 7845] [51.0] [cxt 0] basic.p4(136) Primitive hdr.ipv4.ttl = hdr.ipv4.ttl - 1
[10:19:37.258] [bmv2] [D] [thread 7845] [51.0] [cxt 0] Pipeline 'ingress': end
[10:19:37.258] [bmv2] [D] [thread 7845] [51.0] [cxt 0] Egress port is 1
[10:19:37.258] [bmv2] [D] [thread 7847] [51.0] [cxt 0] Pipeline 'egress': start
[10:19:37.258] [bmv2] [D] [thread 7847] [51.0] [cxt 0] Pipeline 'egress': end
[10:19:37.258] [bmv2] [D] [thread 7847] [51.0] [cxt 0] Deparser 'deparser': start
[10:19:37.258] [bmv2] [D] [thread 7847] [51.0] [cxt 0] Updating checksum 'cksum'
[10:19:37.258] [bmv2] [D] [thread 7847] [51.0] [cxt 0] Deparsing header 'ethernet'
[10:19:37.258] [bmv2] [D] [thread 7847] [51.0] [cxt 0] Deparsing header 'ipv4'
[10:19:37.258] [bmv2] [D] [thread 7847] [51.0] [cxt 0] Deparser 'deparser': end
[10:19:37.259] [bmv2] [D] [thread 7850] [51.0] [cxt 0] Transmitting packet of size 98 out of port 1
[10:19:37.263] [bmv2] [D] [thread 7845] [52.0] [cxt 0] Processing packet received on port 1
[10:19:37.263] [bmv2] [D] [thread 7845] [52.0] [cxt 0] Parser 'parser': start
[10:19:37.263] [bmv2] [D] [thread 7845] [52.0] [cxt 0] Parser 'parser' entering state 'start'
[10:19:37.263] [bmv2] [D] [thread 7845] [52.0] [cxt 0] Extracting header 'ethernet'
[10:19:37.263] [bmv2] [D] [thread 7845] [52.0] [cxt 0] Parser state 'start': key is 0800
[10:19:37.263] [bmv2] [T] [thread 7845] [52.0] [cxt 0] Bytes parsed: 14
[10:19:37.263] [bmv2] [D] [thread 7845] [52.0] [cxt 0] Parser 'parser' entering state 'parse_ipv4'
[10:19:37.263] [bmv2] [D] [thread 7845] [52.0] [cxt 0] Extracting header 'ipv4'
[10:19:37.263] [bmv2] [D] [thread 7845] [52.0] [cxt 0] Parser state 'parse_ipv4' has no switch, going to default next state
[10:19:37.263] [bmv2] [T] [thread 7845] [52.0] [cxt 0] Bytes parsed: 34
[10:19:37.263] [bmv2] [D] [thread 7845] [52.0] [cxt 0] Parser 'parser': end
[10:19:37.264] [bmv2] [D] [thread 7845] [52.0] [cxt 0] Pipeline 'ingress': start
[10:19:37.264] [bmv2] [T] [thread 7845] [52.0] [cxt 0] basic.p4(173) Condition "hdr.ipv4.isValid()" (node_2) is true
[10:19:37.264] [bmv2] [T] [thread 7845] [52.0] [cxt 0] Applying table 'MyIngress.ipv4_lpm'
[10:19:37.264] [bmv2] [D] [thread 7845] [52.0] [cxt 0] Looking up key:
* hdr.ipv4.dstAddr    : 0a000303

[10:19:37.264] [bmv2] [D] [thread 7845] [52.0] [cxt 0] Table 'MyIngress.ipv4_lpm': hit with handle 2
[10:19:37.264] [bmv2] [D] [thread 7845] [52.0] [cxt 0] Dumping entry 2
Match key:
* hdr.ipv4.dstAddr    : LPM       0a000303/32
Action entry: MyIngress.ipv4_forward - 80000000200,2,

[10:19:37.264] [bmv2] [D] [thread 7845] [52.0] [cxt 0] Action entry is MyIngress.ipv4_forward - 80000000200,2,
[10:19:37.264] [bmv2] [T] [thread 7845] [52.0] [cxt 0] Action MyIngress.ipv4_forward
[10:19:37.264] [bmv2] [T] [thread 7845] [52.0] [cxt 0] basic.p4(133) Primitive standard_metadata.egress_spec = port
[10:19:37.264] [bmv2] [T] [thread 7845] [52.0] [cxt 0] basic.p4(134) Primitive hdr.ethernet.srcAddr = hdr.ethernet.dstAddr
[10:19:37.264] [bmv2] [T] [thread 7845] [52.0] [cxt 0] basic.p4(135) Primitive hdr.ethernet.dstAddr = dstAddr
[10:19:37.264] [bmv2] [T] [thread 7845] [52.0] [cxt 0] basic.p4(136) Primitive hdr.ipv4.ttl = hdr.ipv4.ttl - 1
[10:19:37.264] [bmv2] [D] [thread 7845] [52.0] [cxt 0] Pipeline 'ingress': end
[10:19:37.264] [bmv2] [D] [thread 7845] [52.0] [cxt 0] Egress port is 2
[10:19:37.264] [bmv2] [D] [thread 7848] [52.0] [cxt 0] Pipeline 'egress': start
[10:19:37.264] [bmv2] [D] [thread 7848] [52.0] [cxt 0] Pipeline 'egress': end
[10:19:37.264] [bmv2] [D] [thread 7848] [52.0] [cxt 0] Deparser 'deparser': start
[10:19:37.264] [bmv2] [D] [thread 7848] [52.0] [cxt 0] Updating checksum 'cksum'
[10:19:37.264] [bmv2] [D] [thread 7848] [52.0] [cxt 0] Deparsing header 'ethernet'
[10:19:37.264] [bmv2] [D] [thread 7848] [52.0] [cxt 0] Deparsing header 'ipv4'
[10:19:37.264] [bmv2] [D] [thread 7848] [52.0] [cxt 0] Deparser 'deparser': end
[10:19:37.264] [bmv2] [D] [thread 7850] [52.0] [cxt 0] Transmitting packet of size 98 out of port 2
[10:19:37.286] [bmv2] [D] [thread 7845] [53.0] [cxt 0] Processing packet received on port 1
[10:19:37.286] [bmv2] [D] [thread 7845] [53.0] [cxt 0] Parser 'parser': start
[10:19:37.286] [bmv2] [D] [thread 7845] [53.0] [cxt 0] Parser 'parser' entering state 'start'
[10:19:37.286] [bmv2] [D] [thread 7845] [53.0] [cxt 0] Extracting header 'ethernet'
[10:19:37.286] [bmv2] [D] [thread 7845] [53.0] [cxt 0] Parser state 'start': key is 0800
[10:19:37.286] [bmv2] [T] [thread 7845] [53.0] [cxt 0] Bytes parsed: 14
[10:19:37.286] [bmv2] [D] [thread 7845] [53.0] [cxt 0] Parser 'parser' entering state 'parse_ipv4'
[10:19:37.286] [bmv2] [D] [thread 7845] [53.0] [cxt 0] Extracting header 'ipv4'
[10:19:37.286] [bmv2] [D] [thread 7845] [53.0] [cxt 0] Parser state 'parse_ipv4' has no switch, going to default next state
[10:19:37.286] [bmv2] [T] [thread 7845] [53.0] [cxt 0] Bytes parsed: 34
[10:19:37.286] [bmv2] [D] [thread 7845] [53.0] [cxt 0] Parser 'parser': end
[10:19:37.286] [bmv2] [D] [thread 7845] [53.0] [cxt 0] Pipeline 'ingress': start
[10:19:37.286] [bmv2] [T] [thread 7845] [53.0] [cxt 0] basic.p4(173) Condition "hdr.ipv4.isValid()" (node_2) is true
[10:19:37.286] [bmv2] [T] [thread 7845] [53.0] [cxt 0] Applying table 'MyIngress.ipv4_lpm'
[10:19:37.286] [bmv2] [D] [thread 7845] [53.0] [cxt 0] Looking up key:
* hdr.ipv4.dstAddr    : 0a000303

[10:19:37.286] [bmv2] [D] [thread 7845] [53.0] [cxt 0] Table 'MyIngress.ipv4_lpm': hit with handle 2
[10:19:37.286] [bmv2] [D] [thread 7845] [53.0] [cxt 0] Dumping entry 2
Match key:
* hdr.ipv4.dstAddr    : LPM       0a000303/32
Action entry: MyIngress.ipv4_forward - 80000000200,2,

[10:19:37.286] [bmv2] [D] [thread 7845] [53.0] [cxt 0] Action entry is MyIngress.ipv4_forward - 80000000200,2,
[10:19:37.286] [bmv2] [T] [thread 7845] [53.0] [cxt 0] Action MyIngress.ipv4_forward
[10:19:37.286] [bmv2] [T] [thread 7845] [53.0] [cxt 0] basic.p4(133) Primitive standard_metadata.egress_spec = port
[10:19:37.286] [bmv2] [T] [thread 7845] [53.0] [cxt 0] basic.p4(134) Primitive hdr.ethernet.srcAddr = hdr.ethernet.dstAddr
[10:19:37.286] [bmv2] [T] [thread 7845] [53.0] [cxt 0] basic.p4(135) Primitive hdr.ethernet.dstAddr = dstAddr
[10:19:37.286] [bmv2] [T] [thread 7845] [53.0] [cxt 0] basic.p4(136) Primitive hdr.ipv4.ttl = hdr.ipv4.ttl - 1
[10:19:37.286] [bmv2] [D] [thread 7845] [53.0] [cxt 0] Pipeline 'ingress': end
[10:19:37.286] [bmv2] [D] [thread 7845] [53.0] [cxt 0] Egress port is 2
[10:19:37.286] [bmv2] [D] [thread 7848] [53.0] [cxt 0] Pipeline 'egress': start
[10:19:37.286] [bmv2] [D] [thread 7848] [53.0] [cxt 0] Pipeline 'egress': end
[10:19:37.286] [bmv2] [D] [thread 7848] [53.0] [cxt 0] Deparser 'deparser': start
[10:19:37.286] [bmv2] [D] [thread 7848] [53.0] [cxt 0] Updating checksum 'cksum'
[10:19:37.286] [bmv2] [D] [thread 7848] [53.0] [cxt 0] Deparsing header 'ethernet'
[10:19:37.286] [bmv2] [D] [thread 7848] [53.0] [cxt 0] Deparsing header 'ipv4'
[10:19:37.286] [bmv2] [D] [thread 7848] [53.0] [cxt 0] Deparser 'deparser': end
[10:19:37.286] [bmv2] [D] [thread 7850] [53.0] [cxt 0] Transmitting packet of size 98 out of port 2
[10:19:37.323] [bmv2] [D] [thread 7845] [54.0] [cxt 0] Processing packet received on port 2
[10:19:37.323] [bmv2] [D] [thread 7845] [54.0] [cxt 0] Parser 'parser': start
[10:19:37.323] [bmv2] [D] [thread 7845] [54.0] [cxt 0] Parser 'parser' entering state 'start'
[10:19:37.323] [bmv2] [D] [thread 7845] [54.0] [cxt 0] Extracting header 'ethernet'
[10:19:37.323] [bmv2] [D] [thread 7845] [54.0] [cxt 0] Parser state 'start': key is 0800
[10:19:37.323] [bmv2] [T] [thread 7845] [54.0] [cxt 0] Bytes parsed: 14
[10:19:37.323] [bmv2] [D] [thread 7845] [54.0] [cxt 0] Parser 'parser' entering state 'parse_ipv4'
[10:19:37.323] [bmv2] [D] [thread 7845] [54.0] [cxt 0] Extracting header 'ipv4'
[10:19:37.323] [bmv2] [D] [thread 7845] [54.0] [cxt 0] Parser state 'parse_ipv4' has no switch, going to default next state
[10:19:37.323] [bmv2] [T] [thread 7845] [54.0] [cxt 0] Bytes parsed: 34
[10:19:37.326] [bmv2] [D] [thread 7845] [54.0] [cxt 0] Parser 'parser': end
[10:19:37.326] [bmv2] [D] [thread 7845] [54.0] [cxt 0] Pipeline 'ingress': start
[10:19:37.326] [bmv2] [T] [thread 7845] [54.0] [cxt 0] basic.p4(173) Condition "hdr.ipv4.isValid()" (node_2) is true
[10:19:37.326] [bmv2] [T] [thread 7845] [54.0] [cxt 0] Applying table 'MyIngress.ipv4_lpm'
[10:19:37.326] [bmv2] [D] [thread 7845] [54.0] [cxt 0] Looking up key:
* hdr.ipv4.dstAddr    : 0a000101

[10:19:37.326] [bmv2] [D] [thread 7845] [54.0] [cxt 0] Table 'MyIngress.ipv4_lpm': hit with handle 0
[10:19:37.326] [bmv2] [D] [thread 7845] [54.0] [cxt 0] Dumping entry 0
Match key:
* hdr.ipv4.dstAddr    : LPM       0a000101/32
Action entry: MyIngress.ipv4_forward - 80000000100,1,

[10:19:37.327] [bmv2] [D] [thread 7845] [54.0] [cxt 0] Action entry is MyIngress.ipv4_forward - 80000000100,1,
[10:19:37.327] [bmv2] [T] [thread 7845] [54.0] [cxt 0] Action MyIngress.ipv4_forward
[10:19:37.327] [bmv2] [T] [thread 7845] [54.0] [cxt 0] basic.p4(133) Primitive standard_metadata.egress_spec = port
[10:19:37.327] [bmv2] [T] [thread 7845] [54.0] [cxt 0] basic.p4(134) Primitive hdr.ethernet.srcAddr = hdr.ethernet.dstAddr
[10:19:37.327] [bmv2] [T] [thread 7845] [54.0] [cxt 0] basic.p4(135) Primitive hdr.ethernet.dstAddr = dstAddr
[10:19:37.327] [bmv2] [T] [thread 7845] [54.0] [cxt 0] basic.p4(136) Primitive hdr.ipv4.ttl = hdr.ipv4.ttl - 1
[10:19:37.327] [bmv2] [D] [thread 7845] [54.0] [cxt 0] Pipeline 'ingress': end
[10:19:37.327] [bmv2] [D] [thread 7845] [54.0] [cxt 0] Egress port is 1
[10:19:37.327] [bmv2] [D] [thread 7847] [54.0] [cxt 0] Pipeline 'egress': start
[10:19:37.328] [bmv2] [D] [thread 7847] [54.0] [cxt 0] Pipeline 'egress': end
[10:19:37.328] [bmv2] [D] [thread 7847] [54.0] [cxt 0] Deparser 'deparser': start
[10:19:37.328] [bmv2] [D] [thread 7847] [54.0] [cxt 0] Updating checksum 'cksum'
[10:19:37.328] [bmv2] [D] [thread 7847] [54.0] [cxt 0] Deparsing header 'ethernet'
[10:19:37.328] [bmv2] [D] [thread 7847] [54.0] [cxt 0] Deparsing header 'ipv4'
[10:19:37.328] [bmv2] [D] [thread 7847] [54.0] [cxt 0] Deparser 'deparser': end
[10:19:37.328] [bmv2] [D] [thread 7850] [54.0] [cxt 0] Transmitting packet of size 98 out of port 1
[10:19:37.486] [bmv2] [D] [thread 7845] [55.0] [cxt 0] Processing packet received on port 1
[10:19:37.486] [bmv2] [D] [thread 7845] [55.0] [cxt 0] Parser 'parser': start
[10:19:37.486] [bmv2] [D] [thread 7845] [55.0] [cxt 0] Parser 'parser' entering state 'start'
[10:19:37.486] [bmv2] [D] [thread 7845] [55.0] [cxt 0] Extracting header 'ethernet'
[10:19:37.486] [bmv2] [D] [thread 7845] [55.0] [cxt 0] Parser state 'start': key is 86dd
[10:19:37.486] [bmv2] [T] [thread 7845] [55.0] [cxt 0] Bytes parsed: 14
[10:19:37.486] [bmv2] [D] [thread 7845] [55.0] [cxt 0] Parser 'parser': end
[10:19:37.486] [bmv2] [D] [thread 7845] [55.0] [cxt 0] Pipeline 'ingress': start
[10:19:37.486] [bmv2] [T] [thread 7845] [55.0] [cxt 0] basic.p4(173) Condition "hdr.ipv4.isValid()" (node_2) is false
[10:19:37.486] [bmv2] [D] [thread 7845] [55.0] [cxt 0] Pipeline 'ingress': end
[10:19:37.486] [bmv2] [D] [thread 7845] [55.0] [cxt 0] Egress port is 0
[10:19:37.487] [bmv2] [D] [thread 7846] [55.0] [cxt 0] Pipeline 'egress': start
[10:19:37.487] [bmv2] [D] [thread 7846] [55.0] [cxt 0] Pipeline 'egress': end
[10:19:37.487] [bmv2] [D] [thread 7846] [55.0] [cxt 0] Deparser 'deparser': start
[10:19:37.487] [bmv2] [T] [thread 7846] [55.0] [cxt 0] Skipping checksum 'cksum' update because condition not met
[10:19:37.487] [bmv2] [D] [thread 7846] [55.0] [cxt 0] Deparsing header 'ethernet'
[10:19:37.488] [bmv2] [D] [thread 7846] [55.0] [cxt 0] Deparser 'deparser': end
[10:19:37.488] [bmv2] [D] [thread 7850] [55.0] [cxt 0] Transmitting packet of size 70 out of port 0
[10:19:39.026] [bmv2] [D] [thread 7845] [56.0] [cxt 0] Processing packet received on port 2
[10:19:39.026] [bmv2] [D] [thread 7845] [56.0] [cxt 0] Parser 'parser': start
[10:19:39.026] [bmv2] [D] [thread 7845] [56.0] [cxt 0] Parser 'parser' entering state 'start'
[10:19:39.026] [bmv2] [D] [thread 7845] [56.0] [cxt 0] Extracting header 'ethernet'
[10:19:39.026] [bmv2] [D] [thread 7845] [56.0] [cxt 0] Parser state 'start': key is 86dd
[10:19:39.026] [bmv2] [T] [thread 7845] [56.0] [cxt 0] Bytes parsed: 14
[10:19:39.026] [bmv2] [D] [thread 7845] [56.0] [cxt 0] Parser 'parser': end
[10:19:39.026] [bmv2] [D] [thread 7845] [56.0] [cxt 0] Pipeline 'ingress': start
[10:19:39.026] [bmv2] [T] [thread 7845] [56.0] [cxt 0] basic.p4(173) Condition "hdr.ipv4.isValid()" (node_2) is false
[10:19:39.026] [bmv2] [D] [thread 7845] [56.0] [cxt 0] Pipeline 'ingress': end
[10:19:39.026] [bmv2] [D] [thread 7845] [56.0] [cxt 0] Egress port is 0
[10:19:39.027] [bmv2] [D] [thread 7846] [56.0] [cxt 0] Pipeline 'egress': start
[10:19:39.028] [bmv2] [D] [thread 7846] [56.0] [cxt 0] Pipeline 'egress': end
[10:19:39.028] [bmv2] [D] [thread 7846] [56.0] [cxt 0] Deparser 'deparser': start
[10:19:39.028] [bmv2] [T] [thread 7846] [56.0] [cxt 0] Skipping checksum 'cksum' update because condition not met
[10:19:39.029] [bmv2] [D] [thread 7846] [56.0] [cxt 0] Deparsing header 'ethernet'
[10:19:39.029] [bmv2] [D] [thread 7846] [56.0] [cxt 0] Deparser 'deparser': end
[10:19:39.029] [bmv2] [D] [thread 7850] [56.0] [cxt 0] Transmitting packet of size 70 out of port 0
[10:19:39.530] [bmv2] [D] [thread 7845] [57.0] [cxt 0] Processing packet received on port 1
[10:19:39.530] [bmv2] [D] [thread 7845] [57.0] [cxt 0] Parser 'parser': start
[10:19:39.530] [bmv2] [D] [thread 7845] [57.0] [cxt 0] Parser 'parser' entering state 'start'
[10:19:39.530] [bmv2] [D] [thread 7845] [57.0] [cxt 0] Extracting header 'ethernet'
[10:19:39.530] [bmv2] [D] [thread 7845] [57.0] [cxt 0] Parser state 'start': key is 86dd
[10:19:39.530] [bmv2] [T] [thread 7845] [57.0] [cxt 0] Bytes parsed: 14
[10:19:39.530] [bmv2] [D] [thread 7845] [57.0] [cxt 0] Parser 'parser': end
[10:19:39.530] [bmv2] [D] [thread 7845] [57.0] [cxt 0] Pipeline 'ingress': start
[10:19:39.530] [bmv2] [T] [thread 7845] [57.0] [cxt 0] basic.p4(173) Condition "hdr.ipv4.isValid()" (node_2) is false
[10:19:39.530] [bmv2] [D] [thread 7845] [57.0] [cxt 0] Pipeline 'ingress': end
[10:19:39.530] [bmv2] [D] [thread 7845] [57.0] [cxt 0] Egress port is 0
[10:19:39.531] [bmv2] [D] [thread 7846] [57.0] [cxt 0] Pipeline 'egress': start
[10:19:39.531] [bmv2] [D] [thread 7846] [57.0] [cxt 0] Pipeline 'egress': end
[10:19:39.531] [bmv2] [D] [thread 7846] [57.0] [cxt 0] Deparser 'deparser': start
[10:19:39.531] [bmv2] [T] [thread 7846] [57.0] [cxt 0] Skipping checksum 'cksum' update because condition not met
[10:19:39.531] [bmv2] [D] [thread 7846] [57.0] [cxt 0] Deparsing header 'ethernet'
[10:19:39.531] [bmv2] [D] [thread 7846] [57.0] [cxt 0] Deparser 'deparser': end
[10:19:39.531] [bmv2] [D] [thread 7850] [57.0] [cxt 0] Transmitting packet of size 70 out of port 0
[10:19:40.769] [bmv2] [D] [thread 7845] [58.0] [cxt 0] Processing packet received on port 2
[10:19:40.772] [bmv2] [D] [thread 7845] [58.0] [cxt 0] Parser 'parser': start
[10:19:40.772] [bmv2] [D] [thread 7845] [58.0] [cxt 0] Parser 'parser' entering state 'start'
[10:19:40.772] [bmv2] [D] [thread 7845] [58.0] [cxt 0] Extracting header 'ethernet'
[10:19:40.772] [bmv2] [D] [thread 7845] [58.0] [cxt 0] Parser state 'start': key is 86dd
[10:19:40.772] [bmv2] [T] [thread 7845] [58.0] [cxt 0] Bytes parsed: 14
[10:19:40.772] [bmv2] [D] [thread 7845] [58.0] [cxt 0] Parser 'parser': end
[10:19:40.773] [bmv2] [D] [thread 7845] [58.0] [cxt 0] Pipeline 'ingress': start
[10:19:40.773] [bmv2] [T] [thread 7845] [58.0] [cxt 0] basic.p4(173) Condition "hdr.ipv4.isValid()" (node_2) is false
[10:19:40.773] [bmv2] [D] [thread 7845] [58.0] [cxt 0] Pipeline 'ingress': end
[10:19:40.773] [bmv2] [D] [thread 7845] [58.0] [cxt 0] Egress port is 0
[10:19:40.773] [bmv2] [D] [thread 7846] [58.0] [cxt 0] Pipeline 'egress': start
[10:19:40.773] [bmv2] [D] [thread 7846] [58.0] [cxt 0] Pipeline 'egress': end
[10:19:40.773] [bmv2] [D] [thread 7846] [58.0] [cxt 0] Deparser 'deparser': start
[10:19:40.773] [bmv2] [T] [thread 7846] [58.0] [cxt 0] Skipping checksum 'cksum' update because condition not met
[10:19:40.773] [bmv2] [D] [thread 7846] [58.0] [cxt 0] Deparsing header 'ethernet'
[10:19:40.773] [bmv2] [D] [thread 7846] [58.0] [cxt 0] Deparser 'deparser': end
[10:19:40.773] [bmv2] [D] [thread 7850] [58.0] [cxt 0] Transmitting packet of size 107 out of port 0
[10:19:41.011] [bmv2] [D] [thread 7845] [59.0] [cxt 0] Processing packet received on port 1
[10:19:41.011] [bmv2] [D] [thread 7845] [59.0] [cxt 0] Parser 'parser': start
[10:19:41.011] [bmv2] [D] [thread 7845] [59.0] [cxt 0] Parser 'parser' entering state 'start'
[10:19:41.011] [bmv2] [D] [thread 7845] [59.0] [cxt 0] Extracting header 'ethernet'
[10:19:41.011] [bmv2] [D] [thread 7845] [59.0] [cxt 0] Parser state 'start': key is 86dd
[10:19:41.011] [bmv2] [T] [thread 7845] [59.0] [cxt 0] Bytes parsed: 14
[10:19:41.011] [bmv2] [D] [thread 7845] [59.0] [cxt 0] Parser 'parser': end
[10:19:41.011] [bmv2] [D] [thread 7845] [59.0] [cxt 0] Pipeline 'ingress': start
[10:19:41.011] [bmv2] [T] [thread 7845] [59.0] [cxt 0] basic.p4(173) Condition "hdr.ipv4.isValid()" (node_2) is false
[10:19:41.011] [bmv2] [D] [thread 7845] [59.0] [cxt 0] Pipeline 'ingress': end
[10:19:41.011] [bmv2] [D] [thread 7845] [59.0] [cxt 0] Egress port is 0
[10:19:41.011] [bmv2] [D] [thread 7846] [59.0] [cxt 0] Pipeline 'egress': start
[10:19:41.011] [bmv2] [D] [thread 7846] [59.0] [cxt 0] Pipeline 'egress': end
[10:19:41.011] [bmv2] [D] [thread 7846] [59.0] [cxt 0] Deparser 'deparser': start
[10:19:41.011] [bmv2] [T] [thread 7846] [59.0] [cxt 0] Skipping checksum 'cksum' update because condition not met
[10:19:41.011] [bmv2] [D] [thread 7846] [59.0] [cxt 0] Deparsing header 'ethernet'
[10:19:41.011] [bmv2] [D] [thread 7846] [59.0] [cxt 0] Deparser 'deparser': end
[10:19:41.011] [bmv2] [D] [thread 7850] [59.0] [cxt 0] Transmitting packet of size 107 out of port 0
[10:19:51.832] [bmv2] [D] [thread 7845] [60.0] [cxt 0] Processing packet received on port 2
[10:19:51.832] [bmv2] [D] [thread 7845] [60.0] [cxt 0] Parser 'parser': start
[10:19:51.832] [bmv2] [D] [thread 7845] [60.0] [cxt 0] Parser 'parser' entering state 'start'
[10:19:51.832] [bmv2] [D] [thread 7845] [60.0] [cxt 0] Extracting header 'ethernet'
[10:19:51.832] [bmv2] [D] [thread 7845] [60.0] [cxt 0] Parser state 'start': key is 86dd
[10:19:51.832] [bmv2] [T] [thread 7845] [60.0] [cxt 0] Bytes parsed: 14
[10:19:51.832] [bmv2] [D] [thread 7845] [60.0] [cxt 0] Parser 'parser': end
[10:19:51.832] [bmv2] [D] [thread 7845] [60.0] [cxt 0] Pipeline 'ingress': start
[10:19:51.832] [bmv2] [T] [thread 7845] [60.0] [cxt 0] basic.p4(173) Condition "hdr.ipv4.isValid()" (node_2) is false
[10:19:51.832] [bmv2] [D] [thread 7845] [60.0] [cxt 0] Pipeline 'ingress': end
[10:19:51.832] [bmv2] [D] [thread 7845] [60.0] [cxt 0] Egress port is 0
[10:19:51.833] [bmv2] [D] [thread 7846] [60.0] [cxt 0] Pipeline 'egress': start
[10:19:51.833] [bmv2] [D] [thread 7846] [60.0] [cxt 0] Pipeline 'egress': end
[10:19:51.833] [bmv2] [D] [thread 7846] [60.0] [cxt 0] Deparser 'deparser': start
[10:19:51.833] [bmv2] [T] [thread 7846] [60.0] [cxt 0] Skipping checksum 'cksum' update because condition not met
[10:19:51.833] [bmv2] [D] [thread 7846] [60.0] [cxt 0] Deparsing header 'ethernet'
[10:19:51.833] [bmv2] [D] [thread 7846] [60.0] [cxt 0] Deparser 'deparser': end
[10:19:51.833] [bmv2] [D] [thread 7850] [60.0] [cxt 0] Transmitting packet of size 70 out of port 0
[10:19:52.844] [bmv2] [D] [thread 7845] [61.0] [cxt 0] Processing packet received on port 1
[10:19:52.844] [bmv2] [D] [thread 7845] [61.0] [cxt 0] Parser 'parser': start
[10:19:52.844] [bmv2] [D] [thread 7845] [61.0] [cxt 0] Parser 'parser' entering state 'start'
[10:19:52.844] [bmv2] [D] [thread 7845] [61.0] [cxt 0] Extracting header 'ethernet'
[10:19:52.844] [bmv2] [D] [thread 7845] [61.0] [cxt 0] Parser state 'start': key is 86dd
[10:19:52.844] [bmv2] [T] [thread 7845] [61.0] [cxt 0] Bytes parsed: 14
[10:19:52.844] [bmv2] [D] [thread 7845] [61.0] [cxt 0] Parser 'parser': end
[10:19:52.845] [bmv2] [D] [thread 7845] [61.0] [cxt 0] Pipeline 'ingress': start
[10:19:52.845] [bmv2] [T] [thread 7845] [61.0] [cxt 0] basic.p4(173) Condition "hdr.ipv4.isValid()" (node_2) is false
[10:19:52.845] [bmv2] [D] [thread 7845] [61.0] [cxt 0] Pipeline 'ingress': end
[10:19:52.845] [bmv2] [D] [thread 7845] [61.0] [cxt 0] Egress port is 0
[10:19:52.845] [bmv2] [D] [thread 7846] [61.0] [cxt 0] Pipeline 'egress': start
[10:19:52.845] [bmv2] [D] [thread 7846] [61.0] [cxt 0] Pipeline 'egress': end
[10:19:52.845] [bmv2] [D] [thread 7846] [61.0] [cxt 0] Deparser 'deparser': start
[10:19:52.845] [bmv2] [T] [thread 7846] [61.0] [cxt 0] Skipping checksum 'cksum' update because condition not met
[10:19:52.845] [bmv2] [D] [thread 7846] [61.0] [cxt 0] Deparsing header 'ethernet'
[10:19:52.845] [bmv2] [D] [thread 7846] [61.0] [cxt 0] Deparser 'deparser': end
[10:19:52.846] [bmv2] [D] [thread 7850] [61.0] [cxt 0] Transmitting packet of size 70 out of port 0
[10:19:55.949] [bmv2] [D] [thread 7845] [62.0] [cxt 0] Processing packet received on port 2
[10:19:55.949] [bmv2] [D] [thread 7845] [62.0] [cxt 0] Parser 'parser': start
[10:19:55.949] [bmv2] [D] [thread 7845] [62.0] [cxt 0] Parser 'parser' entering state 'start'
[10:19:55.949] [bmv2] [D] [thread 7845] [62.0] [cxt 0] Extracting header 'ethernet'
[10:19:55.949] [bmv2] [D] [thread 7845] [62.0] [cxt 0] Parser state 'start': key is 86dd
[10:19:55.949] [bmv2] [T] [thread 7845] [62.0] [cxt 0] Bytes parsed: 14
[10:19:55.949] [bmv2] [D] [thread 7845] [62.0] [cxt 0] Parser 'parser': end
[10:19:55.949] [bmv2] [D] [thread 7845] [62.0] [cxt 0] Pipeline 'ingress': start
[10:19:55.949] [bmv2] [T] [thread 7845] [62.0] [cxt 0] basic.p4(173) Condition "hdr.ipv4.isValid()" (node_2) is false
[10:19:55.949] [bmv2] [D] [thread 7845] [62.0] [cxt 0] Pipeline 'ingress': end
[10:19:55.949] [bmv2] [D] [thread 7845] [62.0] [cxt 0] Egress port is 0
[10:19:55.949] [bmv2] [D] [thread 7846] [62.0] [cxt 0] Pipeline 'egress': start
[10:19:55.949] [bmv2] [D] [thread 7846] [62.0] [cxt 0] Pipeline 'egress': end
[10:19:55.949] [bmv2] [D] [thread 7846] [62.0] [cxt 0] Deparser 'deparser': start
[10:19:55.949] [bmv2] [T] [thread 7846] [62.0] [cxt 0] Skipping checksum 'cksum' update because condition not met
[10:19:55.949] [bmv2] [D] [thread 7846] [62.0] [cxt 0] Deparsing header 'ethernet'
[10:19:55.949] [bmv2] [D] [thread 7846] [62.0] [cxt 0] Deparser 'deparser': end
[10:19:55.949] [bmv2] [D] [thread 7850] [62.0] [cxt 0] Transmitting packet of size 70 out of port 0
[10:19:56.766] [bmv2] [D] [thread 7845] [63.0] [cxt 0] Processing packet received on port 2
[10:19:56.766] [bmv2] [D] [thread 7845] [63.0] [cxt 0] Parser 'parser': start
[10:19:56.766] [bmv2] [D] [thread 7845] [63.0] [cxt 0] Parser 'parser' entering state 'start'
[10:19:56.766] [bmv2] [D] [thread 7845] [63.0] [cxt 0] Extracting header 'ethernet'
[10:19:56.766] [bmv2] [D] [thread 7845] [63.0] [cxt 0] Parser state 'start': key is 86dd
[10:19:56.766] [bmv2] [T] [thread 7845] [63.0] [cxt 0] Bytes parsed: 14
[10:19:56.766] [bmv2] [D] [thread 7845] [63.0] [cxt 0] Parser 'parser': end
[10:19:56.766] [bmv2] [D] [thread 7845] [63.0] [cxt 0] Pipeline 'ingress': start
[10:19:56.766] [bmv2] [T] [thread 7845] [63.0] [cxt 0] basic.p4(173) Condition "hdr.ipv4.isValid()" (node_2) is false
[10:19:56.766] [bmv2] [D] [thread 7845] [63.0] [cxt 0] Pipeline 'ingress': end
[10:19:56.766] [bmv2] [D] [thread 7845] [63.0] [cxt 0] Egress port is 0
[10:19:56.766] [bmv2] [D] [thread 7846] [63.0] [cxt 0] Pipeline 'egress': start
[10:19:56.766] [bmv2] [D] [thread 7846] [63.0] [cxt 0] Pipeline 'egress': end
[10:19:56.766] [bmv2] [D] [thread 7846] [63.0] [cxt 0] Deparser 'deparser': start
[10:19:56.766] [bmv2] [T] [thread 7846] [63.0] [cxt 0] Skipping checksum 'cksum' update because condition not met
[10:19:56.766] [bmv2] [D] [thread 7846] [63.0] [cxt 0] Deparsing header 'ethernet'
[10:19:56.767] [bmv2] [D] [thread 7846] [63.0] [cxt 0] Deparser 'deparser': end
[10:19:56.767] [bmv2] [D] [thread 7850] [63.0] [cxt 0] Transmitting packet of size 107 out of port 0
[10:19:57.028] [bmv2] [D] [thread 7845] [64.0] [cxt 0] Processing packet received on port 1
[10:19:57.029] [bmv2] [D] [thread 7845] [64.0] [cxt 0] Parser 'parser': start
[10:19:57.029] [bmv2] [D] [thread 7845] [64.0] [cxt 0] Parser 'parser' entering state 'start'
[10:19:57.029] [bmv2] [D] [thread 7845] [64.0] [cxt 0] Extracting header 'ethernet'
[10:19:57.029] [bmv2] [D] [thread 7845] [64.0] [cxt 0] Parser state 'start': key is 86dd
[10:19:57.029] [bmv2] [T] [thread 7845] [64.0] [cxt 0] Bytes parsed: 14
[10:19:57.029] [bmv2] [D] [thread 7845] [64.0] [cxt 0] Parser 'parser': end
[10:19:57.029] [bmv2] [D] [thread 7845] [64.0] [cxt 0] Pipeline 'ingress': start
[10:19:57.029] [bmv2] [T] [thread 7845] [64.0] [cxt 0] basic.p4(173) Condition "hdr.ipv4.isValid()" (node_2) is false
[10:19:57.030] [bmv2] [D] [thread 7845] [64.0] [cxt 0] Pipeline 'ingress': end
[10:19:57.030] [bmv2] [D] [thread 7845] [64.0] [cxt 0] Egress port is 0
[10:19:57.030] [bmv2] [D] [thread 7846] [64.0] [cxt 0] Pipeline 'egress': start
[10:19:57.030] [bmv2] [D] [thread 7846] [64.0] [cxt 0] Pipeline 'egress': end
[10:19:57.030] [bmv2] [D] [thread 7846] [64.0] [cxt 0] Deparser 'deparser': start
[10:19:57.030] [bmv2] [T] [thread 7846] [64.0] [cxt 0] Skipping checksum 'cksum' update because condition not met
[10:19:57.030] [bmv2] [D] [thread 7846] [64.0] [cxt 0] Deparsing header 'ethernet'
[10:19:57.030] [bmv2] [D] [thread 7846] [64.0] [cxt 0] Deparser 'deparser': end
[10:19:57.031] [bmv2] [D] [thread 7850] [64.0] [cxt 0] Transmitting packet of size 107 out of port 0
[10:19:57.453] [bmv2] [D] [thread 7845] [65.0] [cxt 0] Processing packet received on port 1
[10:19:57.453] [bmv2] [D] [thread 7845] [65.0] [cxt 0] Parser 'parser': start
[10:19:57.453] [bmv2] [D] [thread 7845] [65.0] [cxt 0] Parser 'parser' entering state 'start'
[10:19:57.453] [bmv2] [D] [thread 7845] [65.0] [cxt 0] Extracting header 'ethernet'
[10:19:57.453] [bmv2] [D] [thread 7845] [65.0] [cxt 0] Parser state 'start': key is 86dd
[10:19:57.453] [bmv2] [T] [thread 7845] [65.0] [cxt 0] Bytes parsed: 14
[10:19:57.453] [bmv2] [D] [thread 7845] [65.0] [cxt 0] Parser 'parser': end
[10:19:57.453] [bmv2] [D] [thread 7845] [65.0] [cxt 0] Pipeline 'ingress': start
[10:19:57.453] [bmv2] [T] [thread 7845] [65.0] [cxt 0] basic.p4(173) Condition "hdr.ipv4.isValid()" (node_2) is false
[10:19:57.453] [bmv2] [D] [thread 7845] [65.0] [cxt 0] Pipeline 'ingress': end
[10:19:57.453] [bmv2] [D] [thread 7845] [65.0] [cxt 0] Egress port is 0
[10:19:57.454] [bmv2] [D] [thread 7846] [65.0] [cxt 0] Pipeline 'egress': start
[10:19:57.454] [bmv2] [D] [thread 7846] [65.0] [cxt 0] Pipeline 'egress': end
[10:19:57.454] [bmv2] [D] [thread 7846] [65.0] [cxt 0] Deparser 'deparser': start
[10:19:57.454] [bmv2] [T] [thread 7846] [65.0] [cxt 0] Skipping checksum 'cksum' update because condition not met
[10:19:57.454] [bmv2] [D] [thread 7846] [65.0] [cxt 0] Deparsing header 'ethernet'
[10:19:57.454] [bmv2] [D] [thread 7846] [65.0] [cxt 0] Deparser 'deparser': end
[10:19:57.454] [bmv2] [D] [thread 7850] [65.0] [cxt 0] Transmitting packet of size 70 out of port 0
open: No such file or directory
open: No such file or directory
open: No such file or directory
